# Blender 4.3.2
# www.blender.org
mtllib wall_lamp.mtl
o Cylinder
v -0.200000 0.000000 -0.500000
v 0.200000 -0.000000 -0.500000
v -0.200000 -0.097545 -0.490393
v 0.200000 -0.097545 -0.490393
v -0.200000 -0.191342 -0.461940
v 0.200000 -0.191342 -0.461940
v -0.200000 -0.277785 -0.415735
v 0.200000 -0.277785 -0.415735
v -0.200000 -0.353553 -0.353553
v 0.200000 -0.353553 -0.353553
v -0.200000 -0.415735 -0.277785
v 0.200000 -0.415735 -0.277785
v -0.200000 -0.461940 -0.191342
v 0.200000 -0.461940 -0.191342
v -0.200000 -0.490393 -0.097545
v 0.200000 -0.490393 -0.097545
v -0.200000 -0.500000 0.000000
v 0.200000 -0.500000 0.000000
v -0.200000 -0.490393 0.097545
v 0.200000 -0.490393 0.097545
v -0.200000 -0.461940 0.191342
v 0.200000 -0.461940 0.191342
v -0.200000 -0.415735 0.277785
v 0.200000 -0.415735 0.277785
v -0.200000 -0.353553 0.353553
v 0.200000 -0.353553 0.353553
v -0.200000 -0.277785 0.415735
v 0.200000 -0.277785 0.415735
v -0.200000 -0.191342 0.461940
v 0.200000 -0.191342 0.461940
v -0.200000 -0.097545 0.490393
v 0.200000 -0.097545 0.490393
v -0.200000 0.000000 0.500000
v 0.200000 -0.000000 0.500000
v -0.200000 0.097545 0.490393
v 0.200000 0.097545 0.490393
v -0.200000 0.191342 0.461940
v 0.200000 0.191342 0.461940
v -0.200000 0.277785 0.415735
v 0.200000 0.277785 0.415735
v -0.200000 0.353553 0.353553
v 0.200000 0.353553 0.353553
v -0.200000 0.415735 0.277785
v 0.200000 0.415735 0.277785
v -0.200000 0.461940 0.191342
v 0.200000 0.461940 0.191342
v -0.200000 0.490393 0.097545
v 0.200000 0.490393 0.097545
v -0.200000 0.500000 0.000000
v 0.200000 0.500000 0.000000
v -0.200000 0.490393 -0.097545
v 0.200000 0.490393 -0.097545
v -0.200000 0.461940 -0.191342
v 0.200000 0.461940 -0.191342
v -0.200000 0.415735 -0.277785
v 0.200000 0.415735 -0.277785
v -0.200000 0.353553 -0.353553
v 0.200000 0.353553 -0.353553
v -0.200000 0.277785 -0.415735
v 0.200000 0.277785 -0.415735
v -0.200000 0.191342 -0.461940
v 0.200000 0.191342 -0.461940
v -0.200000 0.097545 -0.490393
v 0.200000 0.097545 -0.490393
vn -0.0000 -0.0980 -0.9952
vn -0.0000 -0.2903 -0.9569
vn -0.0000 -0.4714 -0.8819
vn -0.0000 -0.6344 -0.7730
vn -0.0000 -0.7730 -0.6344
vn -0.0000 -0.8819 -0.4714
vn -0.0000 -0.9569 -0.2903
vn -0.0000 -0.9952 -0.0980
vn -0.0000 -0.9952 0.0980
vn -0.0000 -0.9569 0.2903
vn -0.0000 -0.8819 0.4714
vn -0.0000 -0.7730 0.6344
vn -0.0000 -0.6344 0.7730
vn -0.0000 -0.4714 0.8819
vn -0.0000 -0.2903 0.9569
vn -0.0000 -0.0980 0.9952
vn -0.0000 0.0980 0.9952
vn -0.0000 0.2903 0.9569
vn -0.0000 0.4714 0.8819
vn -0.0000 0.6344 0.7730
vn -0.0000 0.7730 0.6344
vn -0.0000 0.8819 0.4714
vn -0.0000 0.9569 0.2903
vn -0.0000 0.9952 0.0980
vn -0.0000 0.9952 -0.0980
vn -0.0000 0.9569 -0.2903
vn -0.0000 0.8819 -0.4714
vn -0.0000 0.7730 -0.6344
vn -0.0000 0.6344 -0.7730
vn -0.0000 0.4714 -0.8819
vn 1.0000 -0.0000 -0.0000
vn -0.0000 0.2903 -0.9569
vn -0.0000 0.0980 -0.9952
vn -1.0000 -0.0000 -0.0000
vt 1.000000 0.500000
vt 1.000000 1.000000
vt 0.968750 1.000000
vt 0.968750 0.500000
vt 0.937500 1.000000
vt 0.937500 0.500000
vt 0.906250 1.000000
vt 0.906250 0.500000
vt 0.875000 1.000000
vt 0.875000 0.500000
vt 0.843750 1.000000
vt 0.843750 0.500000
vt 0.812500 1.000000
vt 0.812500 0.500000
vt 0.781250 1.000000
vt 0.781250 0.500000
vt 0.750000 1.000000
vt 0.750000 0.500000
vt 0.718750 1.000000
vt 0.718750 0.500000
vt 0.687500 1.000000
vt 0.687500 0.500000
vt 0.656250 1.000000
vt 0.656250 0.500000
vt 0.625000 1.000000
vt 0.625000 0.500000
vt 0.593750 1.000000
vt 0.593750 0.500000
vt 0.562500 1.000000
vt 0.562500 0.500000
vt 0.531250 1.000000
vt 0.531250 0.500000
vt 0.500000 1.000000
vt 0.500000 0.500000
vt 0.468750 1.000000
vt 0.468750 0.500000
vt 0.437500 1.000000
vt 0.437500 0.500000
vt 0.406250 1.000000
vt 0.406250 0.500000
vt 0.375000 1.000000
vt 0.375000 0.500000
vt 0.343750 1.000000
vt 0.343750 0.500000
vt 0.312500 1.000000
vt 0.312500 0.500000
vt 0.281250 1.000000
vt 0.281250 0.500000
vt 0.250000 1.000000
vt 0.250000 0.500000
vt 0.218750 1.000000
vt 0.218750 0.500000
vt 0.187500 1.000000
vt 0.187500 0.500000
vt 0.156250 1.000000
vt 0.156250 0.500000
vt 0.125000 1.000000
vt 0.125000 0.500000
vt 0.093750 1.000000
vt 0.093750 0.500000
vt 0.062500 1.000000
vt 0.062500 0.500000
vt 0.296822 0.485388
vt 0.250000 0.490000
vt 0.203178 0.485388
vt 0.158156 0.471731
vt 0.116663 0.449553
vt 0.080294 0.419706
vt 0.050447 0.383337
vt 0.028269 0.341844
vt 0.014612 0.296822
vt 0.010000 0.250000
vt 0.014612 0.203178
vt 0.028269 0.158156
vt 0.050447 0.116663
vt 0.080294 0.080294
vt 0.116663 0.050447
vt 0.158156 0.028269
vt 0.203178 0.014612
vt 0.250000 0.010000
vt 0.296822 0.014612
vt 0.341844 0.028269
vt 0.383337 0.050447
vt 0.419706 0.080294
vt 0.449553 0.116663
vt 0.471731 0.158156
vt 0.485388 0.203178
vt 0.490000 0.250000
vt 0.485388 0.296822
vt 0.471731 0.341844
vt 0.449553 0.383337
vt 0.419706 0.419706
vt 0.383337 0.449553
vt 0.341844 0.471731
vt 0.031250 1.000000
vt 0.031250 0.500000
vt 0.000000 1.000000
vt 0.000000 0.500000
vt 0.750000 0.490000
vt 0.796822 0.485388
vt 0.841844 0.471731
vt 0.883337 0.449553
vt 0.919706 0.419706
vt 0.949553 0.383337
vt 0.971731 0.341844
vt 0.985388 0.296822
vt 0.990000 0.250000
vt 0.985388 0.203178
vt 0.971731 0.158156
vt 0.949553 0.116663
vt 0.919706 0.080294
vt 0.883337 0.050447
vt 0.841844 0.028269
vt 0.796822 0.014612
vt 0.750000 0.010000
vt 0.703178 0.014612
vt 0.658156 0.028269
vt 0.616663 0.050447
vt 0.580294 0.080294
vt 0.550447 0.116663
vt 0.528269 0.158156
vt 0.514612 0.203178
vt 0.510000 0.250000
vt 0.514612 0.296822
vt 0.528269 0.341844
vt 0.550447 0.383337
vt 0.580294 0.419706
vt 0.616663 0.449553
vt 0.658156 0.471731
vt 0.703178 0.485388
s 0
f 1/1/1 2/2/1 4/3/1 3/4/1
f 3/4/2 4/3/2 6/5/2 5/6/2
f 5/6/3 6/5/3 8/7/3 7/8/3
f 7/8/4 8/7/4 10/9/4 9/10/4
f 9/10/5 10/9/5 12/11/5 11/12/5
f 11/12/6 12/11/6 14/13/6 13/14/6
f 13/14/7 14/13/7 16/15/7 15/16/7
f 15/16/8 16/15/8 18/17/8 17/18/8
f 17/18/9 18/17/9 20/19/9 19/20/9
f 19/20/10 20/19/10 22/21/10 21/22/10
f 21/22/11 22/21/11 24/23/11 23/24/11
f 23/24/12 24/23/12 26/25/12 25/26/12
f 25/26/13 26/25/13 28/27/13 27/28/13
f 27/28/14 28/27/14 30/29/14 29/30/14
f 29/30/15 30/29/15 32/31/15 31/32/15
f 31/32/16 32/31/16 34/33/16 33/34/16
f 33/34/17 34/33/17 36/35/17 35/36/17
f 35/36/18 36/35/18 38/37/18 37/38/18
f 37/38/19 38/37/19 40/39/19 39/40/19
f 39/40/20 40/39/20 42/41/20 41/42/20
f 41/42/21 42/41/21 44/43/21 43/44/21
f 43/44/22 44/43/22 46/45/22 45/46/22
f 45/46/23 46/45/23 48/47/23 47/48/23
f 47/48/24 48/47/24 50/49/24 49/50/24
f 49/50/25 50/49/25 52/51/25 51/52/25
f 51/52/26 52/51/26 54/53/26 53/54/26
f 53/54/27 54/53/27 56/55/27 55/56/27
f 55/56/28 56/55/28 58/57/28 57/58/28
f 57/58/29 58/57/29 60/59/29 59/60/29
f 59/60/30 60/59/30 62/61/30 61/62/30
f 4/63/31 2/64/31 64/65/31 62/66/31 60/67/31 58/68/31 56/69/31 54/70/31 52/71/31 50/72/31 48/73/31 46/74/31 44/75/31 42/76/31 40/77/31 38/78/31 36/79/31 34/80/31 32/81/31 30/82/31 28/83/31 26/84/31 24/85/31 22/86/31 20/87/31 18/88/31 16/89/31 14/90/31 12/91/31 10/92/31 8/93/31 6/94/31
f 61/62/32 62/61/32 64/95/32 63/96/32
f 63/96/33 64/95/33 2/97/33 1/98/33
f 1/99/34 3/100/34 5/101/34 7/102/34 9/103/34 11/104/34 13/105/34 15/106/34 17/107/34 19/108/34 21/109/34 23/110/34 25/111/34 27/112/34 29/113/34 31/114/34 33/115/34 35/116/34 37/117/34 39/118/34 41/119/34 43/120/34 45/121/34 47/122/34 49/123/34 51/124/34 53/125/34 55/126/34 57/127/34 59/128/34 61/129/34 63/130/34
o Cone
v 1.170667 0.747521 -1.000000
v 1.365758 0.747521 -0.980785
v 1.553351 0.747521 -0.923880
v 1.726238 0.747521 -0.831470
v 1.877774 0.747521 -0.707107
v 2.002137 0.747521 -0.555570
v 2.094547 0.747521 -0.382683
v 2.151453 0.747521 -0.195090
v 2.170667 0.747521 0.000000
v 2.151453 0.747521 0.195090
v 2.094547 0.747521 0.382683
v 2.002137 0.747521 0.555570
v 1.877774 0.747521 0.707107
v 1.726238 0.747521 0.831470
v 1.553351 0.747521 0.923880
v 1.365758 0.747521 0.980785
v 1.170667 0.747521 1.000000
v 0.975577 0.747521 0.980785
v 0.787984 0.747521 0.923880
v 0.615097 0.747521 0.831470
v 0.463561 0.747521 0.707107
v 0.339198 0.747521 0.555570
v 0.246788 0.747521 0.382683
v 0.189882 0.747521 0.195090
v 0.170667 0.747521 0.000000
v 0.189882 0.747521 -0.195090
v 0.246788 0.747521 -0.382683
v 0.339198 0.747521 -0.555570
v 0.463561 0.747521 -0.707107
v 0.615097 0.747521 -0.831470
v 0.787984 0.747521 -0.923880
v 0.975577 0.747521 -0.980785
v 1.170667 1.639921 -0.553800
v 1.278708 1.639921 -0.543159
v 1.382597 1.639921 -0.511644
v 1.478342 1.639921 -0.460468
v 1.562263 1.639921 -0.391596
v 1.631135 1.639921 -0.307675
v 1.682312 1.639921 -0.211930
v 1.713826 1.639921 -0.108041
v 1.724467 1.639921 0.000000
v 1.713826 1.639921 0.108041
v 1.682312 1.639921 0.211930
v 1.631135 1.639921 0.307675
v 1.562263 1.639921 0.391596
v 1.478342 1.639921 0.460468
v 1.382597 1.639921 0.511644
v 1.278708 1.639921 0.543159
v 1.170667 1.639921 0.553800
v 1.062626 1.639921 0.543159
v 0.958737 1.639921 0.511644
v 0.862993 1.639921 0.460468
v 0.779072 1.639921 0.391596
v 0.710200 1.639921 0.307675
v 0.659023 1.639921 0.211930
v 0.627509 1.639921 0.108041
v 0.616867 1.639921 0.000000
v 0.627509 1.639921 -0.108041
v 0.659023 1.639921 -0.211930
v 0.710200 1.639921 -0.307675
v 0.779072 1.639921 -0.391596
v 0.862993 1.639921 -0.460468
v 0.958737 1.639921 -0.511644
v 1.062626 1.639921 -0.543159
vn -0.2599 0.4455 -0.8567
vn -0.4220 0.4455 -0.7896
vn -0.5680 0.4455 -0.6921
vn -0.6921 0.4455 -0.5680
vn -0.7896 0.4455 -0.4220
vn -0.8567 0.4455 -0.2599
vn -0.8910 0.4455 -0.0878
vn -0.8910 0.4455 0.0878
vn -0.8567 0.4455 0.2599
vn -0.7896 0.4455 0.4220
vn -0.6921 0.4455 0.5680
vn -0.5680 0.4455 0.6921
vn -0.4220 0.4455 0.7896
vn -0.2599 0.4455 0.8567
vn -0.0878 0.4455 0.8910
vn 0.0878 0.4455 0.8910
vn 0.2599 0.4455 0.8567
vn 0.4220 0.4455 0.7896
vn 0.5680 0.4455 0.6921
vn 0.6921 0.4455 0.5680
vn 0.7896 0.4455 0.4220
vn 0.8567 0.4455 0.2599
vn 0.8910 0.4455 0.0878
vn 0.8910 0.4455 -0.0878
vn 0.8567 0.4455 -0.2599
vn 0.7896 0.4455 -0.4220
vn 0.6921 0.4455 -0.5680
vn 0.5680 0.4455 -0.6921
vn 0.4220 0.4455 -0.7896
vn 0.2599 0.4455 -0.8567
vn 0.0878 0.4455 -0.8910
vn -0.0878 0.4455 -0.8910
vt 0.158156 0.471731
vt 0.199137 0.372795
vt 0.224070 0.380358
vt 0.203178 0.485388
vt 0.116663 0.449553
vt 0.176158 0.360512
vt 0.080294 0.419706
vt 0.156017 0.343983
vt 0.050447 0.383337
vt 0.139488 0.323842
vt 0.028269 0.341844
vt 0.127205 0.300863
vt 0.014612 0.296822
vt 0.119642 0.275930
vt 0.010000 0.250000
vt 0.117088 0.250000
vt 0.014612 0.203178
vt 0.119642 0.224070
vt 0.028269 0.158156
vt 0.127205 0.199137
vt 0.050447 0.116663
vt 0.139488 0.176158
vt 0.080294 0.080294
vt 0.156017 0.156017
vt 0.116663 0.050447
vt 0.176158 0.139488
vt 0.158156 0.028269
vt 0.199137 0.127205
vt 0.203178 0.014612
vt 0.224070 0.119642
vt 0.250000 0.010000
vt 0.250000 0.117088
vt 0.296822 0.014612
vt 0.275930 0.119642
vt 0.341844 0.028269
vt 0.300863 0.127205
vt 0.383337 0.050447
vt 0.323842 0.139488
vt 0.419706 0.080294
vt 0.343983 0.156017
vt 0.449553 0.116663
vt 0.360512 0.176158
vt 0.471731 0.158156
vt 0.372795 0.199137
vt 0.485388 0.203178
vt 0.380358 0.224070
vt 0.490000 0.250000
vt 0.382912 0.250000
vt 0.485388 0.296822
vt 0.380358 0.275930
vt 0.471731 0.341844
vt 0.372795 0.300863
vt 0.449553 0.383337
vt 0.360512 0.323842
vt 0.419706 0.419706
vt 0.343983 0.343983
vt 0.383337 0.449553
vt 0.323842 0.360512
vt 0.341844 0.471731
vt 0.300863 0.372795
vt 0.296822 0.485388
vt 0.275930 0.380358
vt 0.250000 0.490000
vt 0.250000 0.382912
s 0
f 95/131/35 127/132/35 128/133/35 96/134/35
f 94/135/36 126/136/36 127/132/36 95/131/36
f 93/137/37 125/138/37 126/136/37 94/135/37
f 92/139/38 124/140/38 125/138/38 93/137/38
f 91/141/39 123/142/39 124/140/39 92/139/39
f 90/143/40 122/144/40 123/142/40 91/141/40
f 89/145/41 121/146/41 122/144/41 90/143/41
f 88/147/42 120/148/42 121/146/42 89/145/42
f 87/149/43 119/150/43 120/148/43 88/147/43
f 86/151/44 118/152/44 119/150/44 87/149/44
f 85/153/45 117/154/45 118/152/45 86/151/45
f 84/155/46 116/156/46 117/154/46 85/153/46
f 83/157/47 115/158/47 116/156/47 84/155/47
f 82/159/48 114/160/48 115/158/48 83/157/48
f 81/161/49 113/162/49 114/160/49 82/159/49
f 80/163/50 112/164/50 113/162/50 81/161/50
f 79/165/51 111/166/51 112/164/51 80/163/51
f 78/167/52 110/168/52 111/166/52 79/165/52
f 77/169/53 109/170/53 110/168/53 78/167/53
f 76/171/54 108/172/54 109/170/54 77/169/54
f 75/173/55 107/174/55 108/172/55 76/171/55
f 74/175/56 106/176/56 107/174/56 75/173/56
f 73/177/57 105/178/57 106/176/57 74/175/57
f 72/179/58 104/180/58 105/178/58 73/177/58
f 71/181/59 103/182/59 104/180/59 72/179/59
f 70/183/60 102/184/60 103/182/60 71/181/60
f 69/185/61 101/186/61 102/184/61 70/183/61
f 68/187/62 100/188/62 101/186/62 69/185/62
f 67/189/63 99/190/63 100/188/63 68/187/63
f 66/191/64 98/192/64 99/190/64 67/189/64
f 65/193/65 97/194/65 98/192/65 66/191/65
f 96/134/66 128/133/66 97/194/66 65/193/66
o Cone.001
v 1.170667 1.639921 -0.553800
v 1.278708 1.639921 -0.543159
v 1.682312 1.639921 -0.211930
v 1.713826 1.639921 -0.108041
v 1.562263 1.639921 0.391596
v 1.478342 1.639921 0.460468
v 1.170667 1.639921 0.553800
v 1.062626 1.639921 0.543159
v 0.659023 1.639921 0.211930
v 0.627509 1.639921 0.108041
v 0.779072 1.639921 -0.391596
v 0.862993 1.639921 -0.460468
vn -0.0000 1.0000 -0.0000
vt 0.127205 0.199137
vt 0.380358 0.275930
vt 0.372795 0.300863
vt 0.119642 0.224070
vt 0.250000 0.117088
vt 0.275930 0.380358
vt 0.250000 0.382912
vt 0.224070 0.119642
vt 0.156017 0.343983
vt 0.323842 0.139488
vt 0.343983 0.156017
vt 0.176158 0.360512
s 0
f 137/195/67 132/196/67 131/197/67 138/198/67
f 135/199/67 130/200/67 129/201/67 136/202/67
f 139/203/67 134/204/67 133/205/67 140/206/67
o Sphere
v 1.159865 1.510383 -0.166671
v 1.159865 1.427613 -0.249441
v 1.159865 1.319469 -0.294236
v 1.159865 1.260942 -0.300000
v 1.159865 1.202415 -0.294236
v 1.159865 1.094271 -0.249441
v 1.171283 1.555178 -0.057403
v 1.182263 1.538106 -0.112599
v 1.192381 1.510383 -0.163469
v 1.201250 1.473074 -0.208056
v 1.208529 1.427613 -0.244648
v 1.213937 1.375747 -0.271838
v 1.217268 1.319469 -0.288582
v 1.218392 1.260942 -0.294236
v 1.217268 1.202415 -0.288582
v 1.213937 1.146137 -0.271838
v 1.208529 1.094271 -0.244648
v 1.201250 1.048810 -0.208056
v 1.192381 1.011501 -0.163469
v 1.182263 0.983778 -0.112599
v 1.171283 0.966707 -0.057403
v 1.182263 1.555178 -0.054072
v 1.203799 1.538106 -0.106066
v 1.223647 1.510383 -0.153984
v 1.241045 1.473074 -0.195984
v 1.255322 1.427613 -0.230453
v 1.265931 1.375747 -0.256066
v 1.272464 1.319469 -0.271838
v 1.274670 1.260942 -0.277164
v 1.272464 1.202415 -0.271838
v 1.265931 1.146137 -0.256066
v 1.255322 1.094271 -0.230453
v 1.241045 1.048810 -0.195984
v 1.223647 1.011501 -0.153984
v 1.203799 0.983778 -0.106066
v 1.182263 0.966707 -0.054072
v 1.192381 1.555178 -0.048664
v 1.223647 1.538106 -0.095457
v 1.252463 1.510383 -0.138582
v 1.277719 1.473074 -0.176381
v 1.298447 1.427613 -0.207402
v 1.313849 1.375747 -0.230453
v 1.323334 1.319469 -0.244648
v 1.326536 1.260942 -0.249441
v 1.323334 1.202415 -0.244648
v 1.313849 1.146137 -0.230453
v 1.298447 1.094271 -0.207402
v 1.277719 1.048810 -0.176381
v 1.252463 1.011501 -0.138582
v 1.223647 0.983778 -0.095457
v 1.192381 0.966707 -0.048664
v 1.201250 1.555178 -0.041385
v 1.241045 1.538106 -0.081179
v 1.277719 1.510383 -0.117854
v 1.309865 1.473074 -0.150000
v 1.336246 1.427613 -0.176381
v 1.355850 1.375747 -0.195984
v 1.367921 1.319469 -0.208056
v 1.371997 1.260942 -0.212132
v 1.367921 1.202415 -0.208056
v 1.355850 1.146137 -0.195984
v 1.336246 1.094271 -0.176381
v 1.309865 1.048810 -0.150000
v 1.277719 1.011501 -0.117854
v 1.241045 0.983778 -0.081179
v 1.201250 0.966707 -0.041385
v 1.208529 1.555178 -0.032516
v 1.255322 1.538106 -0.063782
v 1.298447 1.510383 -0.092597
v 1.336246 1.473074 -0.117854
v 1.367268 1.427613 -0.138582
v 1.390318 1.375747 -0.153984
v 1.404513 1.319469 -0.163469
v 1.409306 1.260942 -0.166671
v 1.404513 1.202415 -0.163469
v 1.390318 1.146137 -0.153984
v 1.367268 1.094271 -0.138582
v 1.336246 1.048810 -0.117854
v 1.298447 1.011501 -0.092597
v 1.255322 0.983778 -0.063782
v 1.208529 0.966707 -0.032516
v 1.159865 1.560942 0.000000
v 1.213937 1.555178 -0.022397
v 1.265931 1.538106 -0.043934
v 1.313849 1.510383 -0.063782
v 1.355850 1.473074 -0.081179
v 1.390318 1.427613 -0.095457
v 1.415931 1.375747 -0.106066
v 1.431703 1.319469 -0.112599
v 1.437029 1.260942 -0.114805
v 1.431703 1.202415 -0.112599
v 1.415931 1.146137 -0.106066
v 1.390318 1.094271 -0.095457
v 1.355850 1.048810 -0.081179
v 1.313849 1.011501 -0.063782
v 1.265931 0.983778 -0.043934
v 1.213937 0.966707 -0.022397
v 1.217268 1.555178 -0.011418
v 1.272464 1.538106 -0.022397
v 1.323334 1.510383 -0.032516
v 1.367921 1.473074 -0.041385
v 1.404513 1.427613 -0.048663
v 1.431703 1.375747 -0.054072
v 1.448447 1.319469 -0.057402
v 1.454101 1.260942 -0.058527
v 1.448447 1.202415 -0.057402
v 1.431703 1.146137 -0.054072
v 1.404513 1.094271 -0.048663
v 1.367921 1.048810 -0.041385
v 1.323334 1.011501 -0.032516
v 1.272464 0.983778 -0.022397
v 1.217268 0.966707 -0.011418
v 1.218392 1.555178 0.000000
v 1.274670 1.538106 0.000000
v 1.326536 1.510383 0.000000
v 1.371997 1.473074 -0.000000
v 1.409306 1.427613 0.000000
v 1.437029 1.375747 -0.000000
v 1.454101 1.319469 0.000000
v 1.459865 1.260942 0.000000
v 1.454101 1.202415 0.000000
v 1.437029 1.146137 -0.000000
v 1.409306 1.094271 0.000000
v 1.371997 1.048810 -0.000000
v 1.326536 1.011501 0.000000
v 1.274670 0.983778 0.000000
v 1.218392 0.966707 0.000000
v 1.217268 1.555178 0.011418
v 1.272464 1.538106 0.022397
v 1.323334 1.510383 0.032516
v 1.367921 1.473074 0.041385
v 1.404513 1.427613 0.048664
v 1.431703 1.375747 0.054072
v 1.448447 1.319469 0.057403
v 1.454101 1.260942 0.058527
v 1.448447 1.202415 0.057403
v 1.431703 1.146137 0.054072
v 1.404513 1.094271 0.048664
v 1.367921 1.048810 0.041385
v 1.323334 1.011501 0.032516
v 1.272464 0.983778 0.022397
v 1.217268 0.966707 0.011418
v 1.213937 1.555178 0.022397
v 1.265931 1.538106 0.043934
v 1.313849 1.510383 0.063782
v 1.355850 1.473074 0.081179
v 1.390318 1.427613 0.095457
v 1.415931 1.375747 0.106066
v 1.431703 1.319469 0.112599
v 1.437029 1.260942 0.114805
v 1.431703 1.202415 0.112599
v 1.415931 1.146137 0.106066
v 1.390318 1.094271 0.095457
v 1.355850 1.048810 0.081179
v 1.313849 1.011501 0.063782
v 1.265931 0.983778 0.043934
v 1.213937 0.966707 0.022397
v 1.208529 1.555178 0.032516
v 1.255322 1.538106 0.063782
v 1.298447 1.510383 0.092597
v 1.336246 1.473074 0.117854
v 1.367268 1.427613 0.138582
v 1.390318 1.375747 0.153984
v 1.404513 1.319469 0.163469
v 1.409306 1.260942 0.166671
v 1.404513 1.202415 0.163469
v 1.390318 1.146137 0.153984
v 1.367268 1.094271 0.138582
v 1.336246 1.048810 0.117854
v 1.298447 1.011501 0.092597
v 1.255322 0.983778 0.063782
v 1.208529 0.966707 0.032516
v 1.201250 1.555178 0.041385
v 1.241045 1.538106 0.081179
v 1.277719 1.510383 0.117854
v 1.309865 1.473074 0.150000
v 1.336246 1.427613 0.176381
v 1.355850 1.375747 0.195984
v 1.367921 1.319469 0.208056
v 1.371997 1.260942 0.212132
v 1.367921 1.202415 0.208056
v 1.355850 1.146137 0.195984
v 1.336246 1.094271 0.176381
v 1.309865 1.048810 0.150000
v 1.277719 1.011501 0.117854
v 1.241045 0.983778 0.081179
v 1.201250 0.966707 0.041385
v 1.192381 1.555178 0.048663
v 1.223647 1.538106 0.095457
v 1.252463 1.510383 0.138582
v 1.277719 1.473074 0.176381
v 1.298447 1.427613 0.207402
v 1.313849 1.375747 0.230453
v 1.323334 1.319469 0.244648
v 1.326536 1.260942 0.249441
v 1.323334 1.202415 0.244648
v 1.313849 1.146137 0.230453
v 1.298447 1.094271 0.207402
v 1.277719 1.048810 0.176381
v 1.252463 1.011501 0.138582
v 1.223647 0.983778 0.095457
v 1.192381 0.966707 0.048663
v 1.182262 1.555178 0.054072
v 1.203799 1.538106 0.106066
v 1.223647 1.510383 0.153984
v 1.241045 1.473074 0.195984
v 1.255322 1.427613 0.230453
v 1.265931 1.375747 0.256066
v 1.272464 1.319469 0.271838
v 1.274670 1.260942 0.277164
v 1.272464 1.202415 0.271838
v 1.265931 1.146137 0.256066
v 1.255322 1.094271 0.230453
v 1.241045 1.048810 0.195984
v 1.223647 1.011501 0.153984
v 1.203799 0.983778 0.106066
v 1.182262 0.966707 0.054072
v 1.171283 1.555178 0.057402
v 1.182262 1.538106 0.112599
v 1.192381 1.510383 0.163468
v 1.201250 1.473074 0.208056
v 1.208529 1.427613 0.244648
v 1.213937 1.375747 0.271838
v 1.217268 1.319469 0.288582
v 1.218392 1.260942 0.294235
v 1.217268 1.202415 0.288582
v 1.213937 1.146137 0.271838
v 1.208529 1.094271 0.244648
v 1.201250 1.048810 0.208056
v 1.192381 1.011501 0.163468
v 1.182262 0.983778 0.112599
v 1.171283 0.966707 0.057402
v 1.159865 1.555178 0.058527
v 1.159865 1.538106 0.114805
v 1.159865 1.510383 0.166671
v 1.159865 1.473074 0.212132
v 1.159865 1.427613 0.249441
v 1.159865 1.375747 0.277164
v 1.159865 1.319469 0.294235
v 1.159865 1.260942 0.300000
v 1.159865 1.202415 0.294235
v 1.159865 1.146137 0.277164
v 1.159865 1.094271 0.249441
v 1.159865 1.048810 0.212132
v 1.159865 1.011501 0.166671
v 1.159865 0.983778 0.114805
v 1.159865 0.966707 0.058527
v 1.148447 1.555178 0.057402
v 1.137468 1.538106 0.112599
v 1.127349 1.510383 0.163468
v 1.118480 1.473074 0.208056
v 1.111202 1.427613 0.244648
v 1.105793 1.375747 0.271838
v 1.102463 1.319469 0.288582
v 1.101338 1.260942 0.294235
v 1.102463 1.202415 0.288582
v 1.105793 1.146137 0.271838
v 1.111202 1.094271 0.244648
v 1.118480 1.048810 0.208056
v 1.127349 1.011501 0.163468
v 1.137468 0.983778 0.112599
v 1.148447 0.966707 0.057402
v 1.137468 1.555178 0.054072
v 1.115931 1.538106 0.106066
v 1.096083 1.510383 0.153984
v 1.078686 1.473074 0.195984
v 1.064408 1.427613 0.230453
v 1.053799 1.375747 0.256066
v 1.047266 1.319469 0.271838
v 1.045060 1.260942 0.277164
v 1.047266 1.202415 0.271838
v 1.053799 1.146137 0.256066
v 1.064408 1.094271 0.230453
v 1.078686 1.048810 0.195984
v 1.096083 1.011501 0.153984
v 1.115931 0.983778 0.106066
v 1.137468 0.966707 0.054072
v 1.127349 1.555178 0.048663
v 1.096083 1.538106 0.095457
v 1.067268 1.510383 0.138582
v 1.042011 1.473074 0.176381
v 1.021283 1.427613 0.207402
v 1.005881 1.375747 0.230453
v 0.996397 1.319469 0.244648
v 0.993194 1.260942 0.249441
v 0.996397 1.202415 0.244648
v 1.005881 1.146137 0.230453
v 1.021283 1.094271 0.207402
v 1.042011 1.048810 0.176381
v 1.067268 1.011501 0.138582
v 1.096083 0.983778 0.095457
v 1.127349 0.966707 0.048663
v 1.118480 1.555178 0.041385
v 1.078686 1.538106 0.081179
v 1.042011 1.510383 0.117854
v 1.009865 1.473074 0.150000
v 0.983484 1.427613 0.176381
v 0.963881 1.375747 0.195984
v 0.951809 1.319469 0.208056
v 0.947733 1.260942 0.212132
v 0.951809 1.202415 0.208056
v 0.963881 1.146137 0.195984
v 0.983484 1.094271 0.176381
v 1.009865 1.048810 0.150000
v 1.042011 1.011501 0.117854
v 1.078686 0.983778 0.081179
v 1.118480 0.966707 0.041385
v 1.159865 0.960942 0.000000
v 1.111202 1.555178 0.032516
v 1.064408 1.538106 0.063782
v 1.021283 1.510383 0.092597
v 0.983484 1.473074 0.117854
v 0.952463 1.427613 0.138582
v 0.929412 1.375747 0.153984
v 0.915217 1.319469 0.163468
v 0.910424 1.260942 0.166671
v 0.915217 1.202415 0.163468
v 0.929412 1.146137 0.153984
v 0.952463 1.094271 0.138582
v 0.983484 1.048810 0.117854
v 1.021283 1.011501 0.092597
v 1.064408 0.983778 0.063782
v 1.111202 0.966707 0.032516
v 1.105793 1.555178 0.022397
v 1.053799 1.538106 0.043934
v 1.005881 1.510383 0.063782
v 0.963881 1.473074 0.081179
v 0.929412 1.427613 0.095457
v 0.903799 1.375747 0.106066
v 0.888027 1.319469 0.112599
v 0.882702 1.260942 0.114805
v 0.888027 1.202415 0.112599
v 0.903799 1.146137 0.106066
v 0.929412 1.094271 0.095457
v 0.963881 1.048810 0.081179
v 1.005881 1.011501 0.063782
v 1.053799 0.983778 0.043934
v 1.105793 0.966707 0.022397
v 1.102463 1.555178 0.011418
v 1.047266 1.538106 0.022397
v 0.996397 1.510383 0.032516
v 0.951809 1.473074 0.041385
v 0.915217 1.427613 0.048663
v 0.888027 1.375747 0.054072
v 0.871283 1.319469 0.057402
v 0.865630 1.260942 0.058527
v 0.871283 1.202415 0.057402
v 0.888027 1.146137 0.054072
v 0.915217 1.094271 0.048663
v 0.951809 1.048810 0.041385
v 0.996397 1.011501 0.032516
v 1.047266 0.983778 0.022397
v 1.102463 0.966707 0.011418
v 1.101338 1.555178 -0.000000
v 1.045060 1.538106 -0.000000
v 0.993194 1.510383 -0.000000
v 0.947733 1.473074 -0.000000
v 0.910424 1.427613 -0.000000
v 0.882701 1.375747 -0.000000
v 0.865630 1.319469 -0.000000
v 0.859865 1.260942 -0.000000
v 0.865630 1.202415 -0.000000
v 0.882701 1.146137 -0.000000
v 0.910424 1.094271 -0.000000
v 0.947733 1.048810 -0.000000
v 0.993194 1.011501 -0.000000
v 1.045060 0.983778 -0.000000
v 1.101338 0.966707 -0.000000
v 1.102463 1.555178 -0.011418
v 1.047266 1.538106 -0.022397
v 0.996397 1.510383 -0.032516
v 0.951809 1.473074 -0.041385
v 0.915217 1.427613 -0.048664
v 0.888027 1.375747 -0.054072
v 0.871283 1.319469 -0.057403
v 0.865630 1.260942 -0.058527
v 0.871283 1.202415 -0.057403
v 0.888027 1.146137 -0.054072
v 0.915217 1.094271 -0.048664
v 0.951809 1.048810 -0.041385
v 0.996397 1.011501 -0.032516
v 1.047266 0.983778 -0.022397
v 1.102463 0.966707 -0.011418
v 1.105793 1.555178 -0.022397
v 1.053799 1.538106 -0.043934
v 1.005881 1.510383 -0.063782
v 0.963881 1.473074 -0.081179
v 0.929412 1.427613 -0.095457
v 0.903799 1.375747 -0.106066
v 0.888027 1.319469 -0.112599
v 0.882702 1.260942 -0.114805
v 0.888027 1.202415 -0.112599
v 0.903799 1.146137 -0.106066
v 0.929412 1.094271 -0.095457
v 0.963881 1.048810 -0.081179
v 1.005881 1.011501 -0.063782
v 1.053799 0.983778 -0.043934
v 1.105793 0.966707 -0.022397
v 1.111202 1.555178 -0.032516
v 1.064408 1.538106 -0.063782
v 1.021283 1.510383 -0.092597
v 0.983484 1.473074 -0.117854
v 0.952463 1.427613 -0.138582
v 0.929412 1.375747 -0.153984
v 0.915217 1.319469 -0.163469
v 0.910425 1.260942 -0.166671
v 0.915217 1.202415 -0.163469
v 0.929412 1.146137 -0.153984
v 0.952463 1.094271 -0.138582
v 0.983484 1.048810 -0.117854
v 1.021283 1.011501 -0.092597
v 1.064408 0.983778 -0.063782
v 1.111202 0.966707 -0.032516
v 1.118480 1.555178 -0.041385
v 1.078686 1.538106 -0.081179
v 1.042011 1.510383 -0.117854
v 1.009865 1.473074 -0.150000
v 0.983484 1.427613 -0.176381
v 0.963881 1.375747 -0.195984
v 0.951809 1.319469 -0.208056
v 0.947733 1.260942 -0.212132
v 0.951809 1.202415 -0.208056
v 0.963881 1.146137 -0.195984
v 0.983484 1.094271 -0.176381
v 1.009865 1.048810 -0.150000
v 1.042011 1.011501 -0.117854
v 1.078686 0.983778 -0.081179
v 1.118480 0.966707 -0.041385
v 1.127349 1.555178 -0.048663
v 1.096083 1.538106 -0.095457
v 1.067268 1.510383 -0.138582
v 1.042011 1.473074 -0.176381
v 1.021283 1.427613 -0.207402
v 1.005881 1.375747 -0.230453
v 0.996397 1.319469 -0.244648
v 0.993194 1.260942 -0.249441
v 0.996397 1.202415 -0.244648
v 1.005881 1.146137 -0.230453
v 1.021283 1.094271 -0.207402
v 1.042011 1.048810 -0.176381
v 1.067268 1.011501 -0.138582
v 1.096083 0.983778 -0.095457
v 1.127349 0.966707 -0.048663
v 1.137468 1.555178 -0.054072
v 1.115931 1.538106 -0.106066
v 1.096083 1.510383 -0.153984
v 1.078686 1.473074 -0.195984
v 1.064408 1.427613 -0.230453
v 1.053799 1.375747 -0.256066
v 1.047266 1.319469 -0.271838
v 1.045060 1.260942 -0.277164
v 1.047266 1.202415 -0.271838
v 1.053799 1.146137 -0.256066
v 1.064408 1.094271 -0.230453
v 1.078686 1.048810 -0.195984
v 1.096083 1.011501 -0.153984
v 1.115931 0.983778 -0.106066
v 1.137468 0.966707 -0.054072
v 1.148447 1.555178 -0.057402
v 1.137468 1.538106 -0.112599
v 1.127349 1.510383 -0.163468
v 1.118480 1.473074 -0.208056
v 1.111202 1.427613 -0.244648
v 1.105793 1.375747 -0.271838
v 1.102463 1.319469 -0.288582
v 1.101338 1.260942 -0.294235
v 1.102463 1.202415 -0.288582
v 1.105793 1.146137 -0.271838
v 1.111202 1.094271 -0.244648
v 1.118480 1.048810 -0.208056
v 1.127349 1.011501 -0.163468
v 1.137468 0.983778 -0.112599
v 1.148447 0.966707 -0.057402
v 1.159865 1.555178 -0.058527
v 1.159865 1.538106 -0.114805
v 1.159865 1.473074 -0.212132
v 1.159865 1.375747 -0.277164
v 1.159865 1.146137 -0.277164
v 1.159865 1.048810 -0.212132
v 1.159865 1.011501 -0.166671
v 1.159865 0.983778 -0.114805
v 1.159865 0.966707 -0.058527
vn 0.0759 -0.6326 -0.7708
vn 0.0759 0.6326 -0.7708
vn 0.0624 -0.7715 -0.6332
vn 0.0865 0.4696 -0.8786
vn 0.0464 -0.8810 -0.4709
vn 0.0938 0.2890 -0.9527
vn 0.0286 -0.9565 -0.2902
vn 0.0975 0.0975 -0.9904
vn 0.0097 0.9951 -0.0980
vn 0.0097 -0.9951 -0.0980
vn 0.0975 -0.0975 -0.9904
vn 0.0286 0.9565 -0.2902
vn 0.0938 -0.2890 -0.9527
vn 0.0464 0.8810 -0.4709
vn 0.0865 -0.4696 -0.8786
vn 0.0624 0.7715 -0.6332
vn 0.2563 -0.4696 -0.8448
vn 0.1847 0.7715 -0.6088
vn 0.2248 -0.6326 -0.7412
vn 0.2248 0.6326 -0.7412
vn 0.1847 -0.7715 -0.6088
vn 0.2563 0.4696 -0.8448
vn 0.1374 -0.8810 -0.4528
vn 0.2779 0.2890 -0.9161
vn 0.0846 -0.9565 -0.2790
vn 0.2889 0.0976 -0.9524
vn 0.0286 0.9951 -0.0942
vn 0.0286 -0.9951 -0.0942
vn 0.2889 -0.0976 -0.9524
vn 0.0846 0.9565 -0.2790
vn 0.2779 -0.2890 -0.9161
vn 0.1374 0.8810 -0.4528
vn 0.1374 -0.9565 -0.2571
vn 0.4691 0.0975 -0.8777
vn 0.0464 0.9951 -0.0869
vn 0.0464 -0.9951 -0.0869
vn 0.4691 -0.0975 -0.8777
vn 0.1374 0.9565 -0.2571
vn 0.4513 -0.2890 -0.8443
vn 0.2230 0.8810 -0.4173
vn 0.4162 -0.4696 -0.7786
vn 0.2999 0.7715 -0.5611
vn 0.3651 -0.6326 -0.6831
vn 0.3651 0.6326 -0.6831
vn 0.2999 -0.7715 -0.5611
vn 0.4162 0.4696 -0.7786
vn 0.2230 -0.8810 -0.4173
vn 0.4513 0.2890 -0.8443
vn 0.4036 0.7715 -0.4918
vn 0.4913 -0.6326 -0.5987
vn 0.4913 0.6326 -0.5987
vn 0.4036 -0.7715 -0.4918
vn 0.5601 0.4696 -0.6825
vn 0.3002 -0.8810 -0.3658
vn 0.6073 0.2890 -0.7400
vn 0.1850 -0.9565 -0.2254
vn 0.6314 0.0975 -0.7693
vn 0.0625 0.9951 -0.0761
vn 0.0625 -0.9951 -0.0761
vn 0.6314 -0.0975 -0.7693
vn 0.1850 0.9565 -0.2254
vn 0.6073 -0.2890 -0.7400
vn 0.3002 0.8810 -0.3658
vn 0.5601 -0.4696 -0.6825
vn 0.7693 0.0975 -0.6314
vn 0.0761 0.9951 -0.0625
vn 0.0761 -0.9951 -0.0625
vn 0.7693 -0.0975 -0.6314
vn 0.2254 0.9565 -0.1850
vn 0.7400 -0.2890 -0.6073
vn 0.3658 0.8810 -0.3002
vn 0.6825 -0.4696 -0.5601
vn 0.4918 0.7715 -0.4036
vn 0.5987 -0.6326 -0.4913
vn 0.5987 0.6326 -0.4913
vn 0.4918 -0.7715 -0.4036
vn 0.6825 0.4696 -0.5601
vn 0.3658 -0.8810 -0.3002
vn 0.7400 0.2890 -0.6073
vn 0.2254 -0.9565 -0.1850
vn 0.6831 -0.6326 -0.3651
vn 0.6831 0.6326 -0.3651
vn 0.5611 -0.7715 -0.2999
vn 0.7786 0.4696 -0.4162
vn 0.4173 -0.8810 -0.2230
vn 0.8443 0.2890 -0.4513
vn 0.2571 -0.9565 -0.1374
vn 0.8777 0.0975 -0.4691
vn 0.0869 0.9951 -0.0464
vn 0.0869 -0.9951 -0.0464
vn 0.8777 -0.0975 -0.4691
vn 0.2571 0.9565 -0.1374
vn 0.8443 -0.2890 -0.4513
vn 0.4173 0.8810 -0.2230
vn 0.7786 -0.4696 -0.4162
vn 0.5611 0.7715 -0.2999
vn 0.0942 0.9951 -0.0286
vn 0.0942 -0.9951 -0.0286
vn 0.9524 -0.0975 -0.2889
vn 0.2790 0.9565 -0.0846
vn 0.9161 -0.2890 -0.2779
vn 0.4528 0.8810 -0.1374
vn 0.8448 -0.4696 -0.2563
vn 0.6088 0.7715 -0.1847
vn 0.7412 -0.6326 -0.2248
vn 0.7412 0.6326 -0.2248
vn 0.6088 -0.7715 -0.1847
vn 0.8448 0.4696 -0.2563
vn 0.4528 -0.8810 -0.1374
vn 0.9161 0.2890 -0.2779
vn 0.2790 -0.9565 -0.0846
vn 0.9524 0.0975 -0.2889
vn 0.7708 0.6326 -0.0759
vn 0.6332 -0.7715 -0.0624
vn 0.8786 0.4696 -0.0865
vn 0.4709 -0.8810 -0.0464
vn 0.9527 0.2890 -0.0938
vn 0.2902 -0.9565 -0.0286
vn 0.9904 0.0975 -0.0975
vn 0.0980 0.9951 -0.0097
vn 0.0980 -0.9951 -0.0097
vn 0.9904 -0.0975 -0.0975
vn 0.2902 0.9565 -0.0286
vn 0.9527 -0.2890 -0.0938
vn 0.4709 0.8810 -0.0464
vn 0.8786 -0.4696 -0.0865
vn 0.6332 0.7715 -0.0624
vn 0.7708 -0.6326 -0.0759
vn 0.9904 -0.0975 0.0976
vn 0.2902 0.9565 0.0286
vn 0.9527 -0.2890 0.0938
vn 0.4709 0.8810 0.0464
vn 0.8786 -0.4696 0.0865
vn 0.6332 0.7715 0.0624
vn 0.7708 -0.6326 0.0759
vn 0.7708 0.6326 0.0759
vn 0.6332 -0.7715 0.0624
vn 0.8786 0.4696 0.0865
vn 0.4709 -0.8810 0.0464
vn 0.9527 0.2890 0.0938
vn 0.2902 -0.9565 0.0286
vn 0.9904 0.0975 0.0976
vn 0.0980 0.9951 0.0097
vn 0.0980 -0.9951 0.0097
vn 0.6088 -0.7715 0.1847
vn 0.8448 0.4696 0.2563
vn 0.4528 -0.8810 0.1374
vn 0.9161 0.2890 0.2779
vn 0.2790 -0.9565 0.0846
vn 0.9524 0.0975 0.2889
vn 0.0942 0.9951 0.0286
vn 0.0942 -0.9951 0.0286
vn 0.9524 -0.0975 0.2889
vn 0.2790 0.9565 0.0846
vn 0.9161 -0.2890 0.2779
vn 0.4528 0.8810 0.1374
vn 0.8448 -0.4696 0.2563
vn 0.6088 0.7715 0.1847
vn 0.7412 -0.6326 0.2248
vn 0.7412 0.6326 0.2248
vn 0.8443 -0.2890 0.4513
vn 0.4173 0.8810 0.2230
vn 0.7786 -0.4696 0.4162
vn 0.5611 0.7715 0.2999
vn 0.6831 -0.6326 0.3651
vn 0.6831 0.6326 0.3651
vn 0.5611 -0.7715 0.2999
vn 0.7786 0.4696 0.4162
vn 0.4173 -0.8810 0.2230
vn 0.8443 0.2890 0.4513
vn 0.2571 -0.9565 0.1374
vn 0.8777 0.0975 0.4691
vn 0.0869 0.9951 0.0464
vn 0.0869 -0.9951 0.0464
vn 0.8777 -0.0975 0.4691
vn 0.2571 0.9565 0.1374
vn 0.3658 -0.8810 0.3002
vn 0.7400 0.2890 0.6073
vn 0.2254 -0.9565 0.1850
vn 0.7693 0.0975 0.6314
vn 0.0761 0.9951 0.0625
vn 0.0761 -0.9951 0.0625
vn 0.7693 -0.0975 0.6314
vn 0.2254 0.9565 0.1850
vn 0.7400 -0.2890 0.6073
vn 0.3658 0.8810 0.3002
vn 0.6825 -0.4696 0.5601
vn 0.4918 0.7715 0.4036
vn 0.5987 -0.6326 0.4913
vn 0.5987 0.6326 0.4913
vn 0.4918 -0.7715 0.4036
vn 0.6825 0.4696 0.5601
vn 0.3002 0.8810 0.3658
vn 0.5601 -0.4696 0.6825
vn 0.4036 0.7715 0.4918
vn 0.4913 -0.6326 0.5987
vn 0.4913 0.6326 0.5987
vn 0.4036 -0.7715 0.4918
vn 0.5601 0.4696 0.6825
vn 0.3002 -0.8810 0.3658
vn 0.6073 0.2890 0.7400
vn 0.1850 -0.9565 0.2254
vn 0.6314 0.0975 0.7693
vn 0.0625 0.9951 0.0761
vn 0.0625 -0.9951 0.0761
vn 0.6314 -0.0975 0.7693
vn 0.1850 0.9565 0.2254
vn 0.6073 -0.2890 0.7400
vn 0.4513 0.2890 0.8443
vn 0.1374 -0.9565 0.2571
vn 0.4691 0.0975 0.8777
vn 0.0464 0.9951 0.0869
vn 0.0464 -0.9951 0.0869
vn 0.4691 -0.0975 0.8777
vn 0.1374 0.9565 0.2571
vn 0.4513 -0.2890 0.8443
vn 0.2230 0.8810 0.4173
vn 0.4162 -0.4696 0.7786
vn 0.2999 0.7715 0.5611
vn 0.3651 -0.6326 0.6831
vn 0.3651 0.6326 0.6831
vn 0.2999 -0.7715 0.5611
vn 0.4162 0.4696 0.7786
vn 0.2230 -0.8810 0.4173
vn 0.2563 -0.4696 0.8448
vn 0.1847 0.7715 0.6088
vn 0.2248 -0.6326 0.7412
vn 0.2248 0.6326 0.7412
vn 0.1847 -0.7715 0.6088
vn 0.2563 0.4696 0.8448
vn 0.1374 -0.8810 0.4528
vn 0.2779 0.2890 0.9161
vn 0.0846 -0.9565 0.2790
vn 0.2889 0.0975 0.9524
vn 0.0286 0.9951 0.0942
vn 0.0286 -0.9951 0.0942
vn 0.2889 -0.0975 0.9524
vn 0.0846 0.9565 0.2790
vn 0.2779 -0.2890 0.9161
vn 0.1374 0.8810 0.4528
vn 0.0286 -0.9565 0.2902
vn 0.0975 0.0975 0.9904
vn 0.0097 0.9951 0.0980
vn 0.0097 -0.9951 0.0980
vn 0.0975 -0.0975 0.9904
vn 0.0286 0.9565 0.2902
vn 0.0938 -0.2890 0.9527
vn 0.0464 0.8810 0.4709
vn 0.0865 -0.4696 0.8786
vn 0.0624 0.7715 0.6332
vn 0.0759 -0.6326 0.7708
vn 0.0759 0.6326 0.7708
vn 0.0624 -0.7715 0.6332
vn 0.0865 0.4696 0.8786
vn 0.0464 -0.8810 0.4709
vn 0.0938 0.2890 0.9527
vn -0.0624 0.7715 0.6332
vn -0.0759 -0.6326 0.7708
vn -0.0759 0.6326 0.7708
vn -0.0624 -0.7715 0.6332
vn -0.0865 0.4696 0.8786
vn -0.0464 -0.8810 0.4709
vn -0.0938 0.2890 0.9527
vn -0.0286 -0.9565 0.2902
vn -0.0976 0.0975 0.9904
vn -0.0097 0.9951 0.0980
vn -0.0097 -0.9951 0.0980
vn -0.0976 -0.0975 0.9904
vn -0.0286 0.9565 0.2902
vn -0.0938 -0.2890 0.9527
vn -0.0464 0.8810 0.4709
vn -0.0865 -0.4696 0.8786
vn -0.2889 0.0975 0.9524
vn -0.0286 0.9951 0.0942
vn -0.0286 -0.9951 0.0942
vn -0.2889 -0.0975 0.9524
vn -0.0846 0.9565 0.2790
vn -0.2779 -0.2890 0.9161
vn -0.1374 0.8810 0.4528
vn -0.2563 -0.4696 0.8448
vn -0.1847 0.7715 0.6088
vn -0.2248 -0.6326 0.7412
vn -0.2248 0.6326 0.7412
vn -0.1847 -0.7715 0.6088
vn -0.2563 0.4696 0.8448
vn -0.1374 -0.8810 0.4528
vn -0.2779 0.2890 0.9161
vn -0.0846 -0.9565 0.2790
vn -0.3651 -0.6326 0.6831
vn -0.3651 0.6326 0.6831
vn -0.2999 -0.7715 0.5611
vn -0.4162 0.4696 0.7786
vn -0.2230 -0.8810 0.4173
vn -0.4513 0.2890 0.8443
vn -0.1374 -0.9565 0.2571
vn -0.4691 0.0975 0.8777
vn -0.0464 0.9951 0.0869
vn -0.0464 -0.9951 0.0869
vn -0.4691 -0.0975 0.8777
vn -0.1374 0.9565 0.2571
vn -0.4513 -0.2890 0.8443
vn -0.2230 0.8810 0.4173
vn -0.4162 -0.4696 0.7786
vn -0.2999 0.7715 0.5611
vn -0.0625 -0.9951 0.0761
vn -0.6314 -0.0975 0.7693
vn -0.1850 0.9565 0.2254
vn -0.6073 -0.2890 0.7400
vn -0.3002 0.8810 0.3658
vn -0.5601 -0.4696 0.6825
vn -0.4036 0.7715 0.4918
vn -0.4913 -0.6326 0.5987
vn -0.4913 0.6326 0.5987
vn -0.4036 -0.7715 0.4918
vn -0.5601 0.4696 0.6825
vn -0.3002 -0.8810 0.3658
vn -0.6073 0.2890 0.7400
vn -0.1850 -0.9565 0.2254
vn -0.6314 0.0975 0.7693
vn -0.0625 0.9951 0.0761
vn -0.4918 -0.7715 0.4036
vn -0.6825 0.4696 0.5601
vn -0.3658 -0.8810 0.3002
vn -0.7400 0.2890 0.6073
vn -0.2254 -0.9565 0.1850
vn -0.7693 0.0975 0.6314
vn -0.0761 0.9951 0.0625
vn -0.0761 -0.9951 0.0625
vn -0.7693 -0.0975 0.6314
vn -0.2254 0.9565 0.1850
vn -0.7400 -0.2890 0.6073
vn -0.3658 0.8810 0.3002
vn -0.6825 -0.4696 0.5601
vn -0.4918 0.7715 0.4036
vn -0.5987 -0.6326 0.4913
vn -0.5987 0.6326 0.4913
vn -0.2571 0.9565 0.1374
vn -0.8443 -0.2890 0.4513
vn -0.4173 0.8810 0.2230
vn -0.7786 -0.4696 0.4162
vn -0.5611 0.7715 0.2999
vn -0.6831 -0.6326 0.3651
vn -0.6831 0.6326 0.3651
vn -0.5611 -0.7715 0.2999
vn -0.7786 0.4696 0.4162
vn -0.4173 -0.8810 0.2230
vn -0.8443 0.2890 0.4513
vn -0.2571 -0.9565 0.1374
vn -0.8777 0.0975 0.4691
vn -0.0869 0.9951 0.0464
vn -0.0869 -0.9951 0.0464
vn -0.8777 -0.0975 0.4691
vn -0.8448 0.4696 0.2563
vn -0.4528 -0.8810 0.1374
vn -0.9161 0.2890 0.2779
vn -0.2790 -0.9565 0.0846
vn -0.9524 0.0975 0.2889
vn -0.0942 0.9951 0.0286
vn -0.0942 -0.9951 0.0286
vn -0.9524 -0.0975 0.2889
vn -0.2790 0.9565 0.0846
vn -0.9161 -0.2890 0.2779
vn -0.4528 0.8810 0.1374
vn -0.8448 -0.4696 0.2563
vn -0.6088 0.7715 0.1847
vn -0.7412 -0.6326 0.2248
vn -0.7412 0.6326 0.2248
vn -0.6088 -0.7715 0.1847
vn -0.9527 -0.2890 0.0938
vn -0.4709 0.8810 0.0464
vn -0.8786 -0.4696 0.0865
vn -0.6332 0.7715 0.0624
vn -0.7708 -0.6326 0.0759
vn -0.7708 0.6326 0.0759
vn -0.6332 -0.7715 0.0624
vn -0.8786 0.4696 0.0865
vn -0.4709 -0.8810 0.0464
vn -0.9527 0.2890 0.0938
vn -0.2902 -0.9565 0.0286
vn -0.9904 0.0975 0.0975
vn -0.0980 0.9951 0.0097
vn -0.0980 -0.9951 0.0097
vn -0.9904 -0.0975 0.0975
vn -0.2902 0.9565 0.0286
vn -0.4709 -0.8810 -0.0464
vn -0.9527 0.2890 -0.0938
vn -0.2902 -0.9565 -0.0286
vn -0.9904 0.0975 -0.0976
vn -0.0980 0.9951 -0.0097
vn -0.0980 -0.9951 -0.0097
vn -0.9904 -0.0975 -0.0976
vn -0.2902 0.9565 -0.0286
vn -0.9527 -0.2890 -0.0938
vn -0.4709 0.8810 -0.0464
vn -0.8786 -0.4696 -0.0865
vn -0.6332 0.7715 -0.0624
vn -0.7708 -0.6326 -0.0759
vn -0.7708 0.6326 -0.0759
vn -0.6332 -0.7715 -0.0624
vn -0.8786 0.4696 -0.0865
vn -0.4528 0.8810 -0.1374
vn -0.8448 -0.4696 -0.2563
vn -0.6088 0.7715 -0.1847
vn -0.7412 -0.6326 -0.2248
vn -0.7412 0.6326 -0.2248
vn -0.6088 -0.7715 -0.1847
vn -0.8448 0.4696 -0.2563
vn -0.4528 -0.8810 -0.1374
vn -0.9161 0.2890 -0.2779
vn -0.2790 -0.9565 -0.0846
vn -0.9524 0.0975 -0.2889
vn -0.0942 0.9951 -0.0286
vn -0.0942 -0.9951 -0.0286
vn -0.9524 -0.0975 -0.2889
vn -0.2790 0.9565 -0.0846
vn -0.9161 -0.2890 -0.2779
vn -0.8443 0.2890 -0.4513
vn -0.2571 -0.9565 -0.1374
vn -0.8777 0.0975 -0.4691
vn -0.0869 0.9951 -0.0464
vn -0.0869 -0.9951 -0.0464
vn -0.8777 -0.0975 -0.4691
vn -0.2571 0.9565 -0.1374
vn -0.8443 -0.2890 -0.4513
vn -0.4173 0.8810 -0.2231
vn -0.7786 -0.4696 -0.4162
vn -0.5611 0.7715 -0.2999
vn -0.6831 -0.6326 -0.3651
vn -0.6831 0.6326 -0.3651
vn -0.5611 -0.7715 -0.2999
vn -0.7786 0.4696 -0.4162
vn -0.4173 -0.8810 -0.2231
vn -0.6825 -0.4696 -0.5601
vn -0.4918 0.7715 -0.4036
vn -0.5987 -0.6326 -0.4913
vn -0.5987 0.6326 -0.4913
vn -0.4918 -0.7715 -0.4036
vn -0.6825 0.4696 -0.5601
vn -0.3658 -0.8810 -0.3002
vn -0.7400 0.2890 -0.6073
vn -0.2254 -0.9565 -0.1850
vn -0.7693 0.0975 -0.6314
vn -0.0761 0.9951 -0.0625
vn -0.0761 -0.9951 -0.0625
vn -0.7693 -0.0975 -0.6314
vn -0.2254 0.9565 -0.1850
vn -0.7400 -0.2890 -0.6073
vn -0.3658 0.8810 -0.3002
vn -0.1850 -0.9565 -0.2254
vn -0.6314 0.0975 -0.7693
vn -0.0625 0.9951 -0.0761
vn -0.0625 -0.9951 -0.0761
vn -0.6314 -0.0975 -0.7693
vn -0.1850 0.9565 -0.2254
vn -0.6073 -0.2890 -0.7400
vn -0.3002 0.8810 -0.3658
vn -0.5601 -0.4696 -0.6825
vn -0.4036 0.7715 -0.4918
vn -0.4913 -0.6326 -0.5987
vn -0.4913 0.6326 -0.5987
vn -0.4036 -0.7715 -0.4918
vn -0.5601 0.4696 -0.6825
vn -0.3002 -0.8810 -0.3658
vn -0.6073 0.2890 -0.7400
vn -0.3651 -0.6326 -0.6831
vn -0.3651 0.6326 -0.6831
vn -0.2999 -0.7715 -0.5611
vn -0.4162 0.4696 -0.7786
vn -0.2230 -0.8810 -0.4173
vn -0.4513 0.2890 -0.8443
vn -0.1374 -0.9565 -0.2571
vn -0.4691 0.0975 -0.8777
vn -0.0464 0.9951 -0.0869
vn -0.0464 -0.9951 -0.0869
vn -0.4691 -0.0975 -0.8777
vn -0.1374 0.9565 -0.2571
vn -0.4513 -0.2890 -0.8443
vn -0.2230 0.8810 -0.4173
vn -0.4162 -0.4696 -0.7786
vn -0.2999 0.7715 -0.5611
vn -0.0286 0.9951 -0.0942
vn -0.0286 -0.9951 -0.0942
vn -0.2889 -0.0975 -0.9524
vn -0.0846 0.9565 -0.2790
vn -0.2779 -0.2890 -0.9161
vn -0.1374 0.8810 -0.4528
vn -0.2563 -0.4696 -0.8448
vn -0.1847 0.7715 -0.6088
vn -0.2248 -0.6326 -0.7412
vn -0.2248 0.6326 -0.7412
vn -0.1847 -0.7715 -0.6088
vn -0.2563 0.4696 -0.8448
vn -0.1374 -0.8810 -0.4528
vn -0.2779 0.2890 -0.9161
vn -0.0846 -0.9565 -0.2790
vn -0.2889 0.0975 -0.9524
vn -0.0759 0.6326 -0.7708
vn -0.0624 -0.7715 -0.6332
vn -0.0865 0.4696 -0.8786
vn -0.0464 -0.8810 -0.4709
vn -0.0938 0.2890 -0.9527
vn -0.0286 -0.9565 -0.2902
vn -0.0976 0.0975 -0.9904
vn -0.0097 0.9951 -0.0980
vn -0.0097 -0.9951 -0.0980
vn -0.0976 -0.0975 -0.9904
vn -0.0286 0.9565 -0.2902
vn -0.0938 -0.2890 -0.9527
vn -0.0464 0.8810 -0.4709
vn -0.0865 -0.4696 -0.8786
vn -0.0624 0.7715 -0.6332
vn -0.0759 -0.6326 -0.7708
vt 0.750000 0.250000
vt 0.750000 0.312500
vt 0.718750 0.312500
vt 0.718750 0.250000
vt 0.750000 0.687500
vt 0.750000 0.750000
vt 0.718750 0.750000
vt 0.718750 0.687500
vt 0.750000 0.187500
vt 0.718750 0.187500
vt 0.750000 0.625000
vt 0.718750 0.625000
vt 0.750000 0.125000
vt 0.718750 0.125000
vt 0.750000 0.562500
vt 0.718750 0.562500
vt 0.750000 0.062500
vt 0.718750 0.062500
vt 0.750000 0.500000
vt 0.718750 0.500000
vt 0.750000 0.937500
vt 0.734375 1.000000
vt 0.718750 0.937500
vt 0.734375 0.000000
vt 0.750000 0.437500
vt 0.718750 0.437500
vt 0.750000 0.875000
vt 0.718750 0.875000
vt 0.750000 0.375000
vt 0.718750 0.375000
vt 0.750000 0.812500
vt 0.718750 0.812500
vt 0.687500 0.375000
vt 0.687500 0.312500
vt 0.687500 0.812500
vt 0.687500 0.750000
vt 0.687500 0.250000
vt 0.687500 0.687500
vt 0.687500 0.187500
vt 0.687500 0.625000
vt 0.687500 0.125000
vt 0.687500 0.562500
vt 0.687500 0.062500
vt 0.687500 0.500000
vt 0.703125 1.000000
vt 0.687500 0.937500
vt 0.703125 0.000000
vt 0.687500 0.437500
vt 0.687500 0.875000
vt 0.656250 0.125000
vt 0.656250 0.062500
vt 0.656250 0.562500
vt 0.656250 0.500000
vt 0.671875 1.000000
vt 0.656250 0.937500
vt 0.671875 0.000000
vt 0.656250 0.437500
vt 0.656250 0.875000
vt 0.656250 0.375000
vt 0.656250 0.812500
vt 0.656250 0.312500
vt 0.656250 0.750000
vt 0.656250 0.250000
vt 0.656250 0.687500
vt 0.656250 0.187500
vt 0.656250 0.625000
vt 0.625000 0.812500
vt 0.625000 0.750000
vt 0.625000 0.312500
vt 0.625000 0.250000
vt 0.625000 0.687500
vt 0.625000 0.187500
vt 0.625000 0.625000
vt 0.625000 0.125000
vt 0.625000 0.562500
vt 0.625000 0.062500
vt 0.625000 0.500000
vt 0.640625 1.000000
vt 0.625000 0.937500
vt 0.640625 0.000000
vt 0.625000 0.437500
vt 0.625000 0.875000
vt 0.625000 0.375000
vt 0.593750 0.562500
vt 0.593750 0.500000
vt 0.609375 1.000000
vt 0.593750 0.937500
vt 0.609375 0.000000
vt 0.593750 0.062500
vt 0.593750 0.437500
vt 0.593750 0.875000
vt 0.593750 0.375000
vt 0.593750 0.812500
vt 0.593750 0.312500
vt 0.593750 0.750000
vt 0.593750 0.250000
vt 0.593750 0.687500
vt 0.593750 0.187500
vt 0.593750 0.625000
vt 0.593750 0.125000
vt 0.562500 0.312500
vt 0.562500 0.250000
vt 0.562500 0.750000
vt 0.562500 0.687500
vt 0.562500 0.187500
vt 0.562500 0.625000
vt 0.562500 0.125000
vt 0.562500 0.562500
vt 0.562500 0.062500
vt 0.562500 0.500000
vt 0.578125 1.000000
vt 0.562500 0.937500
vt 0.578125 0.000000
vt 0.562500 0.437500
vt 0.562500 0.875000
vt 0.562500 0.375000
vt 0.562500 0.812500
vt 0.546875 1.000000
vt 0.531250 0.937500
vt 0.546875 0.000000
vt 0.531250 0.062500
vt 0.531250 0.500000
vt 0.531250 0.437500
vt 0.531250 0.875000
vt 0.531250 0.375000
vt 0.531250 0.812500
vt 0.531250 0.312500
vt 0.531250 0.750000
vt 0.531250 0.250000
vt 0.531250 0.687500
vt 0.531250 0.187500
vt 0.531250 0.625000
vt 0.531250 0.125000
vt 0.531250 0.562500
vt 0.500000 0.750000
vt 0.500000 0.687500
vt 0.500000 0.250000
vt 0.500000 0.187500
vt 0.500000 0.625000
vt 0.500000 0.125000
vt 0.500000 0.562500
vt 0.500000 0.062500
vt 0.500000 0.500000
vt 0.515625 1.000000
vt 0.500000 0.937500
vt 0.515625 0.000000
vt 0.500000 0.437500
vt 0.500000 0.875000
vt 0.500000 0.375000
vt 0.500000 0.812500
vt 0.500000 0.312500
vt 0.468750 0.500000
vt 0.468750 0.437500
vt 0.468750 0.937500
vt 0.468750 0.875000
vt 0.468750 0.375000
vt 0.468750 0.812500
vt 0.468750 0.312500
vt 0.468750 0.750000
vt 0.468750 0.250000
vt 0.468750 0.687500
vt 0.468750 0.187500
vt 0.468750 0.625000
vt 0.468750 0.125000
vt 0.468750 0.562500
vt 0.468750 0.062500
vt 0.484375 1.000000
vt 0.484375 0.000000
vt 0.437500 0.250000
vt 0.437500 0.187500
vt 0.437500 0.687500
vt 0.437500 0.625000
vt 0.437500 0.125000
vt 0.437500 0.562500
vt 0.437500 0.062500
vt 0.437500 0.500000
vt 0.453125 1.000000
vt 0.437500 0.937500
vt 0.453125 0.000000
vt 0.437500 0.437500
vt 0.437500 0.875000
vt 0.437500 0.375000
vt 0.437500 0.812500
vt 0.437500 0.312500
vt 0.437500 0.750000
vt 0.406250 0.437500
vt 0.406250 0.375000
vt 0.406250 0.875000
vt 0.406250 0.812500
vt 0.406250 0.312500
vt 0.406250 0.750000
vt 0.406250 0.250000
vt 0.406250 0.687500
vt 0.406250 0.187500
vt 0.406250 0.625000
vt 0.406250 0.125000
vt 0.406250 0.562500
vt 0.406250 0.062500
vt 0.406250 0.500000
vt 0.421875 1.000000
vt 0.406250 0.937500
vt 0.421875 0.000000
vt 0.375000 0.187500
vt 0.375000 0.125000
vt 0.375000 0.625000
vt 0.375000 0.562500
vt 0.375000 0.062500
vt 0.375000 0.500000
vt 0.390625 1.000000
vt 0.375000 0.937500
vt 0.390625 0.000000
vt 0.375000 0.437500
vt 0.375000 0.875000
vt 0.375000 0.375000
vt 0.375000 0.812500
vt 0.375000 0.312500
vt 0.375000 0.750000
vt 0.375000 0.250000
vt 0.375000 0.687500
vt 0.343750 0.875000
vt 0.343750 0.812500
vt 0.343750 0.375000
vt 0.343750 0.312500
vt 0.343750 0.750000
vt 0.343750 0.250000
vt 0.343750 0.687500
vt 0.343750 0.187500
vt 0.343750 0.625000
vt 0.343750 0.125000
vt 0.343750 0.562500
vt 0.343750 0.062500
vt 0.343750 0.500000
vt 0.359375 1.000000
vt 0.343750 0.937500
vt 0.359375 0.000000
vt 0.343750 0.437500
vt 0.312500 0.625000
vt 0.312500 0.562500
vt 0.312500 0.125000
vt 0.312500 0.062500
vt 0.312500 0.500000
vt 0.328125 1.000000
vt 0.312500 0.937500
vt 0.328125 0.000000
vt 0.312500 0.437500
vt 0.312500 0.875000
vt 0.312500 0.375000
vt 0.312500 0.812500
vt 0.312500 0.312500
vt 0.312500 0.750000
vt 0.312500 0.250000
vt 0.312500 0.687500
vt 0.312500 0.187500
vt 0.281250 0.375000
vt 0.281250 0.312500
vt 0.281250 0.812500
vt 0.281250 0.750000
vt 0.281250 0.250000
vt 0.281250 0.687500
vt 0.281250 0.187500
vt 0.281250 0.625000
vt 0.281250 0.125000
vt 0.281250 0.562500
vt 0.281250 0.062500
vt 0.281250 0.500000
vt 0.296875 1.000000
vt 0.281250 0.937500
vt 0.296875 0.000000
vt 0.281250 0.437500
vt 0.281250 0.875000
vt 0.250000 0.125000
vt 0.250000 0.062500
vt 0.250000 0.562500
vt 0.250000 0.500000
vt 0.265625 1.000000
vt 0.250000 0.937500
vt 0.265625 0.000000
vt 0.250000 0.437500
vt 0.250000 0.875000
vt 0.250000 0.375000
vt 0.250000 0.812500
vt 0.250000 0.312500
vt 0.250000 0.750000
vt 0.250000 0.250000
vt 0.250000 0.687500
vt 0.250000 0.187500
vt 0.250000 0.625000
vt 0.218750 0.812500
vt 0.218750 0.750000
vt 0.218750 0.312500
vt 0.218750 0.250000
vt 0.218750 0.687500
vt 0.218750 0.187500
vt 0.218750 0.625000
vt 0.218750 0.125000
vt 0.218750 0.562500
vt 0.218750 0.062500
vt 0.218750 0.500000
vt 0.234375 1.000000
vt 0.218750 0.937500
vt 0.234375 0.000000
vt 0.218750 0.437500
vt 0.218750 0.875000
vt 0.218750 0.375000
vt 0.187500 0.562500
vt 0.187500 0.500000
vt 0.203125 1.000000
vt 0.187500 0.937500
vt 0.203125 0.000000
vt 0.187500 0.062500
vt 0.187500 0.437500
vt 0.187500 0.875000
vt 0.187500 0.375000
vt 0.187500 0.812500
vt 0.187500 0.312500
vt 0.187500 0.750000
vt 0.187500 0.250000
vt 0.187500 0.687500
vt 0.187500 0.187500
vt 0.187500 0.625000
vt 0.187500 0.125000
vt 0.156250 0.312500
vt 0.156250 0.250000
vt 0.156250 0.750000
vt 0.156250 0.687500
vt 0.156250 0.187500
vt 0.156250 0.625000
vt 0.156250 0.125000
vt 0.156250 0.562500
vt 0.156250 0.062500
vt 0.156250 0.500000
vt 0.171875 1.000000
vt 0.156250 0.937500
vt 0.171875 0.000000
vt 0.156250 0.437500
vt 0.156250 0.875000
vt 0.156250 0.375000
vt 0.156250 0.812500
vt 0.140625 0.000000
vt 0.125000 0.062500
vt 0.125000 0.500000
vt 0.125000 0.437500
vt 0.125000 0.937500
vt 0.125000 0.875000
vt 0.125000 0.375000
vt 0.125000 0.812500
vt 0.125000 0.312500
vt 0.125000 0.750000
vt 0.125000 0.250000
vt 0.125000 0.687500
vt 0.125000 0.187500
vt 0.125000 0.625000
vt 0.125000 0.125000
vt 0.125000 0.562500
vt 0.140625 1.000000
vt 0.093750 0.250000
vt 0.093750 0.187500
vt 0.093750 0.687500
vt 0.093750 0.625000
vt 0.093750 0.125000
vt 0.093750 0.562500
vt 0.093750 0.062500
vt 0.093750 0.500000
vt 0.109375 1.000000
vt 0.093750 0.937500
vt 0.109375 0.000000
vt 0.093750 0.437500
vt 0.093750 0.875000
vt 0.093750 0.375000
vt 0.093750 0.812500
vt 0.093750 0.312500
vt 0.093750 0.750000
vt 0.062500 0.937500
vt 0.062500 0.875000
vt 0.062500 0.437500
vt 0.062500 0.375000
vt 0.062500 0.812500
vt 0.062500 0.312500
vt 0.062500 0.750000
vt 0.062500 0.250000
vt 0.062500 0.687500
vt 0.062500 0.187500
vt 0.062500 0.625000
vt 0.062500 0.125000
vt 0.062500 0.562500
vt 0.062500 0.062500
vt 0.062500 0.500000
vt 0.078125 1.000000
vt 0.078125 0.000000
vt 0.031250 0.687500
vt 0.031250 0.625000
vt 0.031250 0.187500
vt 0.031250 0.125000
vt 0.031250 0.562500
vt 0.031250 0.062500
vt 0.031250 0.500000
vt 0.046875 1.000000
vt 0.031250 0.937500
vt 0.046875 0.000000
vt 0.031250 0.437500
vt 0.031250 0.875000
vt 0.031250 0.375000
vt 0.031250 0.812500
vt 0.031250 0.312500
vt 0.031250 0.750000
vt 0.031250 0.250000
vt 0.000000 0.437500
vt 0.000000 0.375000
vt 0.000000 0.875000
vt 0.000000 0.812500
vt 0.000000 0.312500
vt 0.000000 0.750000
vt 0.000000 0.250000
vt 0.000000 0.687500
vt 0.000000 0.187500
vt 0.000000 0.625000
vt 0.000000 0.125000
vt 0.000000 0.562500
vt 0.000000 0.062500
vt 0.000000 0.500000
vt 0.015625 1.000000
vt 0.000000 0.937500
vt 0.015625 0.000000
vt 1.000000 0.125000
vt 1.000000 0.187500
vt 0.968750 0.187500
vt 0.968750 0.125000
vt 1.000000 0.562500
vt 1.000000 0.625000
vt 0.968750 0.625000
vt 0.968750 0.562500
vt 1.000000 0.062500
vt 0.968750 0.062500
vt 1.000000 0.500000
vt 0.968750 0.500000
vt 1.000000 0.937500
vt 0.984375 1.000000
vt 0.968750 0.937500
vt 0.984375 0.000000
vt 1.000000 0.437500
vt 0.968750 0.437500
vt 1.000000 0.875000
vt 0.968750 0.875000
vt 1.000000 0.375000
vt 0.968750 0.375000
vt 1.000000 0.812500
vt 0.968750 0.812500
vt 1.000000 0.312500
vt 0.968750 0.312500
vt 1.000000 0.750000
vt 0.968750 0.750000
vt 1.000000 0.250000
vt 0.968750 0.250000
vt 1.000000 0.687500
vt 0.968750 0.687500
vt 0.937500 0.875000
vt 0.937500 0.812500
vt 0.937500 0.375000
vt 0.937500 0.312500
vt 0.937500 0.750000
vt 0.937500 0.250000
vt 0.937500 0.687500
vt 0.937500 0.187500
vt 0.937500 0.625000
vt 0.937500 0.125000
vt 0.937500 0.562500
vt 0.937500 0.062500
vt 0.937500 0.500000
vt 0.953125 1.000000
vt 0.937500 0.937500
vt 0.953125 0.000000
vt 0.937500 0.437500
vt 0.906250 0.625000
vt 0.906250 0.562500
vt 0.906250 0.125000
vt 0.906250 0.062500
vt 0.906250 0.500000
vt 0.921875 1.000000
vt 0.906250 0.937500
vt 0.921875 0.000000
vt 0.906250 0.437500
vt 0.906250 0.875000
vt 0.906250 0.375000
vt 0.906250 0.812500
vt 0.906250 0.312500
vt 0.906250 0.750000
vt 0.906250 0.250000
vt 0.906250 0.687500
vt 0.906250 0.187500
vt 0.875000 0.375000
vt 0.875000 0.312500
vt 0.875000 0.812500
vt 0.875000 0.750000
vt 0.875000 0.250000
vt 0.875000 0.687500
vt 0.875000 0.187500
vt 0.875000 0.625000
vt 0.875000 0.125000
vt 0.875000 0.562500
vt 0.875000 0.062500
vt 0.875000 0.500000
vt 0.890625 1.000000
vt 0.875000 0.937500
vt 0.890625 0.000000
vt 0.875000 0.437500
vt 0.875000 0.875000
vt 0.843750 0.125000
vt 0.843750 0.062500
vt 0.843750 0.562500
vt 0.843750 0.500000
vt 0.859375 1.000000
vt 0.843750 0.937500
vt 0.859375 0.000000
vt 0.843750 0.437500
vt 0.843750 0.875000
vt 0.843750 0.375000
vt 0.843750 0.812500
vt 0.843750 0.312500
vt 0.843750 0.750000
vt 0.843750 0.250000
vt 0.843750 0.687500
vt 0.843750 0.187500
vt 0.843750 0.625000
vt 0.812500 0.312500
vt 0.812500 0.250000
vt 0.812500 0.750000
vt 0.812500 0.687500
vt 0.812500 0.187500
vt 0.812500 0.625000
vt 0.812500 0.125000
vt 0.812500 0.562500
vt 0.812500 0.062500
vt 0.812500 0.500000
vt 0.828125 1.000000
vt 0.812500 0.937500
vt 0.828125 0.000000
vt 0.812500 0.437500
vt 0.812500 0.875000
vt 0.812500 0.375000
vt 0.812500 0.812500
vt 0.796875 1.000000
vt 0.781250 0.937500
vt 0.796875 0.000000
vt 0.781250 0.062500
vt 0.781250 0.500000
vt 0.781250 0.437500
vt 0.781250 0.875000
vt 0.781250 0.375000
vt 0.781250 0.812500
vt 0.781250 0.312500
vt 0.781250 0.750000
vt 0.781250 0.250000
vt 0.781250 0.687500
vt 0.781250 0.187500
vt 0.781250 0.625000
vt 0.781250 0.125000
vt 0.781250 0.562500
vt 0.765625 1.000000
vt 0.765625 0.000000
s 0
f 619/207/68 146/208/68 157/209/68 158/210/68
f 142/211/69 616/212/69 150/213/69 151/214/69
f 620/215/70 619/207/70 158/210/70 159/216/70
f 617/217/71 142/211/71 151/214/71 152/218/71
f 621/219/72 620/215/72 159/216/72 160/220/72
f 143/221/73 617/217/73 152/218/73 153/222/73
f 622/223/74 621/219/74 160/220/74 161/224/74
f 144/225/75 143/221/75 153/222/75 154/226/75
f 614/227/76 222/228/76 147/229/76
f 448/230/77 622/223/77 161/224/77
f 145/231/78 144/225/78 154/226/78 155/232/78
f 615/233/79 614/227/79 147/229/79 148/234/79
f 618/235/80 145/231/80 155/232/80 156/236/80
f 141/237/81 615/233/81 148/234/81 149/238/81
f 146/208/82 618/235/82 156/236/82 157/209/82
f 616/212/83 141/237/83 149/238/83 150/213/83
f 157/209/84 156/236/84 171/239/84 172/240/84
f 150/213/85 149/238/85 164/241/85 165/242/85
f 158/210/86 157/209/86 172/240/86 173/243/86
f 151/214/87 150/213/87 165/242/87 166/244/87
f 159/216/88 158/210/88 173/243/88 174/245/88
f 152/218/89 151/214/89 166/244/89 167/246/89
f 160/220/90 159/216/90 174/245/90 175/247/90
f 153/222/91 152/218/91 167/246/91 168/248/91
f 161/224/92 160/220/92 175/247/92 176/249/92
f 154/226/93 153/222/93 168/248/93 169/250/93
f 147/229/94 222/251/94 162/252/94
f 448/253/95 161/224/95 176/249/95
f 155/232/96 154/226/96 169/250/96 170/254/96
f 148/234/97 147/229/97 162/252/97 163/255/97
f 156/236/98 155/232/98 170/254/98 171/239/98
f 149/238/99 148/234/99 163/255/99 164/241/99
f 176/249/100 175/247/100 190/256/100 191/257/100
f 169/250/101 168/248/101 183/258/101 184/259/101
f 162/252/102 222/260/102 177/261/102
f 448/262/103 176/249/103 191/257/103
f 170/254/104 169/250/104 184/259/104 185/263/104
f 163/255/105 162/252/105 177/261/105 178/264/105
f 171/239/106 170/254/106 185/263/106 186/265/106
f 164/241/107 163/255/107 178/264/107 179/266/107
f 172/240/108 171/239/108 186/265/108 187/267/108
f 165/242/109 164/241/109 179/266/109 180/268/109
f 173/243/110 172/240/110 187/267/110 188/269/110
f 166/244/111 165/242/111 180/268/111 181/270/111
f 174/245/112 173/243/112 188/269/112 189/271/112
f 167/246/113 166/244/113 181/270/113 182/272/113
f 175/247/114 174/245/114 189/271/114 190/256/114
f 168/248/115 167/246/115 182/272/115 183/258/115
f 180/268/116 179/266/116 194/273/116 195/274/116
f 188/269/117 187/267/117 202/275/117 203/276/117
f 181/270/118 180/268/118 195/274/118 196/277/118
f 189/271/119 188/269/119 203/276/119 204/278/119
f 182/272/120 181/270/120 196/277/120 197/279/120
f 190/256/121 189/271/121 204/278/121 205/280/121
f 183/258/122 182/272/122 197/279/122 198/281/122
f 191/257/123 190/256/123 205/280/123 206/282/123
f 184/259/124 183/258/124 198/281/124 199/283/124
f 177/261/125 222/284/125 192/285/125
f 448/286/126 191/257/126 206/282/126
f 185/263/127 184/259/127 199/283/127 200/287/127
f 178/264/128 177/261/128 192/285/128 193/288/128
f 186/265/129 185/263/129 200/287/129 201/289/129
f 179/266/130 178/264/130 193/288/130 194/273/130
f 187/267/131 186/265/131 201/289/131 202/275/131
f 199/283/132 198/281/132 213/290/132 214/291/132
f 192/285/133 222/292/133 207/293/133
f 448/294/134 206/282/134 221/295/134
f 200/287/135 199/283/135 214/291/135 215/296/135
f 193/288/136 192/285/136 207/293/136 208/297/136
f 201/289/137 200/287/137 215/296/137 216/298/137
f 194/273/138 193/288/138 208/297/138 209/299/138
f 202/275/139 201/289/139 216/298/139 217/300/139
f 195/274/140 194/273/140 209/299/140 210/301/140
f 203/276/141 202/275/141 217/300/141 218/302/141
f 196/277/142 195/274/142 210/301/142 211/303/142
f 204/278/143 203/276/143 218/302/143 219/304/143
f 197/279/144 196/277/144 211/303/144 212/305/144
f 205/280/145 204/278/145 219/304/145 220/306/145
f 198/281/146 197/279/146 212/305/146 213/290/146
f 206/282/147 205/280/147 220/306/147 221/295/147
f 218/302/148 217/300/148 233/307/148 234/308/148
f 211/303/149 210/301/149 226/309/149 227/310/149
f 219/304/150 218/302/150 234/308/150 235/311/150
f 212/305/151 211/303/151 227/310/151 228/312/151
f 220/306/152 219/304/152 235/311/152 236/313/152
f 213/290/153 212/305/153 228/312/153 229/314/153
f 221/295/154 220/306/154 236/313/154 237/315/154
f 214/291/155 213/290/155 229/314/155 230/316/155
f 207/293/156 222/317/156 223/318/156
f 448/319/157 221/295/157 237/315/157
f 215/296/158 214/291/158 230/316/158 231/320/158
f 208/297/159 207/293/159 223/318/159 224/321/159
f 216/298/160 215/296/160 231/320/160 232/322/160
f 209/299/161 208/297/161 224/321/161 225/323/161
f 217/300/162 216/298/162 232/322/162 233/307/162
f 210/301/163 209/299/163 225/323/163 226/309/163
f 223/318/164 222/324/164 238/325/164
f 448/326/165 237/315/165 252/327/165
f 231/320/166 230/316/166 245/328/166 246/329/166
f 224/321/167 223/318/167 238/325/167 239/330/167
f 232/322/168 231/320/168 246/329/168 247/331/168
f 225/323/169 224/321/169 239/330/169 240/332/169
f 233/307/170 232/322/170 247/331/170 248/333/170
f 226/309/171 225/323/171 240/332/171 241/334/171
f 234/308/172 233/307/172 248/333/172 249/335/172
f 227/310/173 226/309/173 241/334/173 242/336/173
f 235/311/174 234/308/174 249/335/174 250/337/174
f 228/312/175 227/310/175 242/336/175 243/338/175
f 236/313/176 235/311/176 250/337/176 251/339/176
f 229/314/177 228/312/177 243/338/177 244/340/177
f 237/315/178 236/313/178 251/339/178 252/327/178
f 230/316/179 229/314/179 244/340/179 245/328/179
f 242/336/180 241/334/180 256/341/180 257/342/180
f 250/337/181 249/335/181 264/343/181 265/344/181
f 243/338/182 242/336/182 257/342/182 258/345/182
f 251/339/183 250/337/183 265/344/183 266/346/183
f 244/340/184 243/338/184 258/345/184 259/347/184
f 252/327/185 251/339/185 266/346/185 267/348/185
f 245/328/186 244/340/186 259/347/186 260/349/186
f 238/325/187 222/350/187 253/351/187
f 448/352/188 252/327/188 267/348/188
f 246/329/189 245/328/189 260/349/189 261/353/189
f 239/330/190 238/325/190 253/351/190 254/354/190
f 247/331/191 246/329/191 261/353/191 262/355/191
f 240/332/192 239/330/192 254/354/192 255/356/192
f 248/333/193 247/331/193 262/355/193 263/357/193
f 241/334/194 240/332/194 255/356/194 256/341/194
f 249/335/195 248/333/195 263/357/195 264/343/195
f 261/353/196 260/349/196 275/358/196 276/359/196
f 254/354/197 253/351/197 268/360/197 269/361/197
f 262/355/198 261/353/198 276/359/198 277/362/198
f 255/356/199 254/354/199 269/361/199 270/363/199
f 263/357/200 262/355/200 277/362/200 278/364/200
f 256/341/201 255/356/201 270/363/201 271/365/201
f 264/343/202 263/357/202 278/364/202 279/366/202
f 257/342/203 256/341/203 271/365/203 272/367/203
f 265/344/204 264/343/204 279/366/204 280/368/204
f 258/345/205 257/342/205 272/367/205 273/369/205
f 266/346/206 265/344/206 280/368/206 281/370/206
f 259/347/207 258/345/207 273/369/207 274/371/207
f 267/348/208 266/346/208 281/370/208 282/372/208
f 260/349/209 259/347/209 274/371/209 275/358/209
f 253/351/210 222/373/210 268/360/210
f 448/374/211 267/348/211 282/372/211
f 280/368/212 279/366/212 294/375/212 295/376/212
f 273/369/213 272/367/213 287/377/213 288/378/213
f 281/370/214 280/368/214 295/376/214 296/379/214
f 274/371/215 273/369/215 288/378/215 289/380/215
f 282/372/216 281/370/216 296/379/216 297/381/216
f 275/358/217 274/371/217 289/380/217 290/382/217
f 268/360/218 222/383/218 283/384/218
f 448/385/219 282/372/219 297/381/219
f 276/359/220 275/358/220 290/382/220 291/386/220
f 269/361/221 268/360/221 283/384/221 284/387/221
f 277/362/222 276/359/222 291/386/222 292/388/222
f 270/363/223 269/361/223 284/387/223 285/389/223
f 278/364/224 277/362/224 292/388/224 293/390/224
f 271/365/225 270/363/225 285/389/225 286/391/225
f 279/366/226 278/364/226 293/390/226 294/375/226
f 272/367/227 271/365/227 286/391/227 287/377/227
f 292/388/228 291/386/228 306/392/228 307/393/228
f 285/389/229 284/387/229 299/394/229 300/395/229
f 293/390/230 292/388/230 307/393/230 308/396/230
f 286/391/231 285/389/231 300/395/231 301/397/231
f 294/375/232 293/390/232 308/396/232 309/398/232
f 287/377/233 286/391/233 301/397/233 302/399/233
f 295/376/234 294/375/234 309/398/234 310/400/234
f 288/378/235 287/377/235 302/399/235 303/401/235
f 296/379/236 295/376/236 310/400/236 311/402/236
f 289/380/237 288/378/237 303/401/237 304/403/237
f 297/381/238 296/379/238 311/402/238 312/404/238
f 290/382/239 289/380/239 304/403/239 305/405/239
f 283/384/240 222/406/240 298/407/240
f 448/408/241 297/381/241 312/404/241
f 291/386/242 290/382/242 305/405/242 306/392/242
f 284/387/243 283/384/243 298/407/243 299/394/243
f 311/402/244 310/400/244 325/409/244 326/410/244
f 304/403/245 303/401/245 318/411/245 319/412/245
f 312/404/246 311/402/246 326/410/246 327/413/246
f 305/405/247 304/403/247 319/412/247 320/414/247
f 298/407/248 222/415/248 313/416/248
f 448/417/249 312/404/249 327/413/249
f 306/392/250 305/405/250 320/414/250 321/418/250
f 299/394/251 298/407/251 313/416/251 314/419/251
f 307/393/252 306/392/252 321/418/252 322/420/252
f 300/395/253 299/394/253 314/419/253 315/421/253
f 308/396/254 307/393/254 322/420/254 323/422/254
f 301/397/255 300/395/255 315/421/255 316/423/255
f 309/398/256 308/396/256 323/422/256 324/424/256
f 302/399/257 301/397/257 316/423/257 317/425/257
f 310/400/258 309/398/258 324/424/258 325/409/258
f 303/401/259 302/399/259 317/425/259 318/411/259
f 315/421/260 314/419/260 329/426/260 330/427/260
f 323/422/261 322/420/261 337/428/261 338/429/261
f 316/423/262 315/421/262 330/427/262 331/430/262
f 324/424/263 323/422/263 338/429/263 339/431/263
f 317/425/264 316/423/264 331/430/264 332/432/264
f 325/409/265 324/424/265 339/431/265 340/433/265
f 318/411/266 317/425/266 332/432/266 333/434/266
f 326/410/267 325/409/267 340/433/267 341/435/267
f 319/412/268 318/411/268 333/434/268 334/436/268
f 327/413/269 326/410/269 341/435/269 342/437/269
f 320/414/270 319/412/270 334/436/270 335/438/270
f 313/416/271 222/439/271 328/440/271
f 448/441/272 327/413/272 342/437/272
f 321/418/273 320/414/273 335/438/273 336/442/273
f 314/419/274 313/416/274 328/440/274 329/426/274
f 322/420/275 321/418/275 336/442/275 337/428/275
f 334/436/276 333/434/276 348/443/276 349/444/276
f 342/437/277 341/435/277 356/445/277 357/446/277
f 335/438/278 334/436/278 349/444/278 350/447/278
f 328/440/279 222/448/279 343/449/279
f 448/450/280 342/437/280 357/446/280
f 336/442/281 335/438/281 350/447/281 351/451/281
f 329/426/282 328/440/282 343/449/282 344/452/282
f 337/428/283 336/442/283 351/451/283 352/453/283
f 330/427/284 329/426/284 344/452/284 345/454/284
f 338/429/285 337/428/285 352/453/285 353/455/285
f 331/430/286 330/427/286 345/454/286 346/456/286
f 339/431/287 338/429/287 353/455/287 354/457/287
f 332/432/288 331/430/288 346/456/288 347/458/288
f 340/433/289 339/431/289 354/457/289 355/459/289
f 333/434/290 332/432/290 347/458/290 348/443/290
f 341/435/291 340/433/291 355/459/291 356/445/291
f 353/455/292 352/453/292 367/460/292 368/461/292
f 346/456/293 345/454/293 360/462/293 361/463/293
f 354/457/294 353/455/294 368/461/294 369/464/294
f 347/458/295 346/456/295 361/463/295 362/465/295
f 355/459/296 354/457/296 369/464/296 370/466/296
f 348/443/297 347/458/297 362/465/297 363/467/297
f 356/445/298 355/459/298 370/466/298 371/468/298
f 349/444/299 348/443/299 363/467/299 364/469/299
f 357/446/300 356/445/300 371/468/300 372/470/300
f 350/447/301 349/444/301 364/469/301 365/471/301
f 343/449/302 222/472/302 358/473/302
f 448/474/303 357/446/303 372/470/303
f 351/451/304 350/447/304 365/471/304 366/475/304
f 344/452/305 343/449/305 358/473/305 359/476/305
f 352/453/306 351/451/306 366/475/306 367/460/306
f 345/454/307 344/452/307 359/476/307 360/462/307
f 372/470/308 371/468/308 386/477/308 387/478/308
f 365/471/309 364/469/309 379/479/309 380/480/309
f 358/473/310 222/481/310 373/482/310
f 448/483/311 372/470/311 387/478/311
f 366/475/312 365/471/312 380/480/312 381/484/312
f 359/476/313 358/473/313 373/482/313 374/485/313
f 367/460/314 366/475/314 381/484/314 382/486/314
f 360/462/315 359/476/315 374/485/315 375/487/315
f 368/461/316 367/460/316 382/486/316 383/488/316
f 361/463/317 360/462/317 375/487/317 376/489/317
f 369/464/318 368/461/318 383/488/318 384/490/318
f 362/465/319 361/463/319 376/489/319 377/491/319
f 370/466/320 369/464/320 384/490/320 385/492/320
f 363/467/321 362/465/321 377/491/321 378/493/321
f 371/468/322 370/466/322 385/492/322 386/477/322
f 364/469/323 363/467/323 378/493/323 379/479/323
f 376/489/324 375/487/324 390/494/324 391/495/324
f 384/490/325 383/488/325 398/496/325 399/497/325
f 377/491/326 376/489/326 391/495/326 392/498/326
f 385/492/327 384/490/327 399/497/327 400/499/327
f 378/493/328 377/491/328 392/498/328 393/500/328
f 386/477/329 385/492/329 400/499/329 401/501/329
f 379/479/330 378/493/330 393/500/330 394/502/330
f 387/478/331 386/477/331 401/501/331 402/503/331
f 380/480/332 379/479/332 394/502/332 395/504/332
f 373/482/333 222/505/333 388/506/333
f 448/507/334 387/478/334 402/503/334
f 381/484/335 380/480/335 395/504/335 396/508/335
f 374/485/336 373/482/336 388/506/336 389/509/336
f 382/486/337 381/484/337 396/508/337 397/510/337
f 375/487/338 374/485/338 389/509/338 390/494/338
f 383/488/339 382/486/339 397/510/339 398/496/339
f 395/504/340 394/502/340 409/511/340 410/512/340
f 388/506/341 222/513/341 403/514/341
f 448/515/342 402/503/342 417/516/342
f 396/508/343 395/504/343 410/512/343 411/517/343
f 389/509/344 388/506/344 403/514/344 404/518/344
f 397/510/345 396/508/345 411/517/345 412/519/345
f 390/494/346 389/509/346 404/518/346 405/520/346
f 398/496/347 397/510/347 412/519/347 413/521/347
f 391/495/348 390/494/348 405/520/348 406/522/348
f 399/497/349 398/496/349 413/521/349 414/523/349
f 392/498/350 391/495/350 406/522/350 407/524/350
f 400/499/351 399/497/351 414/523/351 415/525/351
f 393/500/352 392/498/352 407/524/352 408/526/352
f 401/501/353 400/499/353 415/525/353 416/527/353
f 394/502/354 393/500/354 408/526/354 409/511/354
f 402/503/355 401/501/355 416/527/355 417/516/355
f 414/523/356 413/521/356 428/528/356 429/529/356
f 407/524/357 406/522/357 421/530/357 422/531/357
f 415/525/358 414/523/358 429/529/358 430/532/358
f 408/526/359 407/524/359 422/531/359 423/533/359
f 416/527/360 415/525/360 430/532/360 431/534/360
f 409/511/361 408/526/361 423/533/361 424/535/361
f 417/516/362 416/527/362 431/534/362 432/536/362
f 410/512/363 409/511/363 424/535/363 425/537/363
f 403/514/364 222/538/364 418/539/364
f 448/540/365 417/516/365 432/536/365
f 411/517/366 410/512/366 425/537/366 426/541/366
f 404/518/367 403/514/367 418/539/367 419/542/367
f 412/519/368 411/517/368 426/541/368 427/543/368
f 405/520/369 404/518/369 419/542/369 420/544/369
f 413/521/370 412/519/370 427/543/370 428/528/370
f 406/522/371 405/520/371 420/544/371 421/530/371
f 448/545/372 432/536/372 447/546/372
f 426/541/373 425/537/373 440/547/373 441/548/373
f 419/542/374 418/539/374 433/549/374 434/550/374
f 427/543/375 426/541/375 441/548/375 442/551/375
f 420/544/376 419/542/376 434/550/376 435/552/376
f 428/528/377 427/543/377 442/551/377 443/553/377
f 421/530/378 420/544/378 435/552/378 436/554/378
f 429/529/379 428/528/379 443/553/379 444/555/379
f 422/531/380 421/530/380 436/554/380 437/556/380
f 430/532/381 429/529/381 444/555/381 445/557/381
f 423/533/382 422/531/382 437/556/382 438/558/382
f 431/534/383 430/532/383 445/557/383 446/559/383
f 424/535/384 423/533/384 438/558/384 439/560/384
f 432/536/385 431/534/385 446/559/385 447/546/385
f 425/537/386 424/535/386 439/560/386 440/547/386
f 418/539/387 222/561/387 433/549/387
f 445/557/388 444/555/388 460/562/388 461/563/388
f 438/558/389 437/556/389 453/564/389 454/565/389
f 446/559/390 445/557/390 461/563/390 462/566/390
f 439/560/391 438/558/391 454/565/391 455/567/391
f 447/546/392 446/559/392 462/566/392 463/568/392
f 440/547/393 439/560/393 455/567/393 456/569/393
f 433/549/394 222/570/394 449/571/394
f 448/572/395 447/546/395 463/568/395
f 441/548/396 440/547/396 456/569/396 457/573/396
f 434/550/397 433/549/397 449/571/397 450/574/397
f 442/551/398 441/548/398 457/573/398 458/575/398
f 435/552/399 434/550/399 450/574/399 451/576/399
f 443/553/400 442/551/400 458/575/400 459/577/400
f 436/554/401 435/552/401 451/576/401 452/578/401
f 444/555/402 443/553/402 459/577/402 460/562/402
f 437/556/403 436/554/403 452/578/403 453/564/403
f 450/574/404 449/571/404 464/579/404 465/580/404
f 458/575/405 457/573/405 472/581/405 473/582/405
f 451/576/406 450/574/406 465/580/406 466/583/406
f 459/577/407 458/575/407 473/582/407 474/584/407
f 452/578/408 451/576/408 466/583/408 467/585/408
f 460/562/409 459/577/409 474/584/409 475/586/409
f 453/564/410 452/578/410 467/585/410 468/587/410
f 461/563/411 460/562/411 475/586/411 476/588/411
f 454/565/412 453/564/412 468/587/412 469/589/412
f 462/566/413 461/563/413 476/588/413 477/590/413
f 455/567/414 454/565/414 469/589/414 470/591/414
f 463/568/415 462/566/415 477/590/415 478/592/415
f 456/569/416 455/567/416 470/591/416 471/593/416
f 449/571/417 222/594/417 464/579/417
f 448/595/418 463/568/418 478/592/418
f 457/573/419 456/569/419 471/593/419 472/581/419
f 469/589/420 468/587/420 483/596/420 484/597/420
f 477/590/421 476/588/421 491/598/421 492/599/421
f 470/591/422 469/589/422 484/597/422 485/600/422
f 478/592/423 477/590/423 492/599/423 493/601/423
f 471/593/424 470/591/424 485/600/424 486/602/424
f 464/579/425 222/603/425 479/604/425
f 448/605/426 478/592/426 493/601/426
f 472/581/427 471/593/427 486/602/427 487/606/427
f 465/580/428 464/579/428 479/604/428 480/607/428
f 473/582/429 472/581/429 487/606/429 488/608/429
f 466/583/430 465/580/430 480/607/430 481/609/430
f 474/584/431 473/582/431 488/608/431 489/610/431
f 467/585/432 466/583/432 481/609/432 482/611/432
f 475/586/433 474/584/433 489/610/433 490/612/433
f 468/587/434 467/585/434 482/611/434 483/596/434
f 476/588/435 475/586/435 490/612/435 491/598/435
f 488/608/436 487/606/436 502/613/436 503/614/436
f 481/609/437 480/607/437 495/615/437 496/616/437
f 489/610/438 488/608/438 503/614/438 504/617/438
f 482/611/439 481/609/439 496/616/439 497/618/439
f 490/612/440 489/610/440 504/617/440 505/619/440
f 483/596/441 482/611/441 497/618/441 498/620/441
f 491/598/442 490/612/442 505/619/442 506/621/442
f 484/597/443 483/596/443 498/620/443 499/622/443
f 492/599/444 491/598/444 506/621/444 507/623/444
f 485/600/445 484/597/445 499/622/445 500/624/445
f 493/601/446 492/599/446 507/623/446 508/625/446
f 486/602/447 485/600/447 500/624/447 501/626/447
f 479/604/448 222/627/448 494/628/448
f 448/629/449 493/601/449 508/625/449
f 487/606/450 486/602/450 501/626/450 502/613/450
f 480/607/451 479/604/451 494/628/451 495/615/451
f 507/630/452 506/631/452 521/632/452 522/633/452
f 500/634/453 499/635/453 514/636/453 515/637/453
f 508/638/454 507/630/454 522/633/454 523/639/454
f 501/640/455 500/634/455 515/637/455 516/641/455
f 494/642/456 222/643/456 509/644/456
f 448/645/457 508/638/457 523/639/457
f 502/646/458 501/640/458 516/641/458 517/647/458
f 495/648/459 494/642/459 509/644/459 510/649/459
f 503/650/460 502/646/460 517/647/460 518/651/460
f 496/652/461 495/648/461 510/649/461 511/653/461
f 504/654/462 503/650/462 518/651/462 519/655/462
f 497/656/463 496/652/463 511/653/463 512/657/463
f 505/658/464 504/654/464 519/655/464 520/659/464
f 498/660/465 497/656/465 512/657/465 513/661/465
f 506/631/466 505/658/466 520/659/466 521/632/466
f 499/635/467 498/660/467 513/661/467 514/636/467
f 511/653/468 510/649/468 525/662/468 526/663/468
f 519/655/469 518/651/469 533/664/469 534/665/469
f 512/657/470 511/653/470 526/663/470 527/666/470
f 520/659/471 519/655/471 534/665/471 535/667/471
f 513/661/472 512/657/472 527/666/472 528/668/472
f 521/632/473 520/659/473 535/667/473 536/669/473
f 514/636/474 513/661/474 528/668/474 529/670/474
f 522/633/475 521/632/475 536/669/475 537/671/475
f 515/637/476 514/636/476 529/670/476 530/672/476
f 523/639/477 522/633/477 537/671/477 538/673/477
f 516/641/478 515/637/478 530/672/478 531/674/478
f 509/644/479 222/675/479 524/676/479
f 448/677/480 523/639/480 538/673/480
f 517/647/481 516/641/481 531/674/481 532/678/481
f 510/649/482 509/644/482 524/676/482 525/662/482
f 518/651/483 517/647/483 532/678/483 533/664/483
f 530/672/484 529/670/484 544/679/484 545/680/484
f 538/673/485 537/671/485 552/681/485 553/682/485
f 531/674/486 530/672/486 545/680/486 546/683/486
f 524/676/487 222/684/487 539/685/487
f 448/686/488 538/673/488 553/682/488
f 532/678/489 531/674/489 546/683/489 547/687/489
f 525/662/490 524/676/490 539/685/490 540/688/490
f 533/664/491 532/678/491 547/687/491 548/689/491
f 526/663/492 525/662/492 540/688/492 541/690/492
f 534/665/493 533/664/493 548/689/493 549/691/493
f 527/666/494 526/663/494 541/690/494 542/692/494
f 535/667/495 534/665/495 549/691/495 550/693/495
f 528/668/496 527/666/496 542/692/496 543/694/496
f 536/669/497 535/667/497 550/693/497 551/695/497
f 529/670/498 528/668/498 543/694/498 544/679/498
f 537/671/499 536/669/499 551/695/499 552/681/499
f 549/691/500 548/689/500 563/696/500 564/697/500
f 542/692/501 541/690/501 556/698/501 557/699/501
f 550/693/502 549/691/502 564/697/502 565/700/502
f 543/694/503 542/692/503 557/699/503 558/701/503
f 551/695/504 550/693/504 565/700/504 566/702/504
f 544/679/505 543/694/505 558/701/505 559/703/505
f 552/681/506 551/695/506 566/702/506 567/704/506
f 545/680/507 544/679/507 559/703/507 560/705/507
f 553/682/508 552/681/508 567/704/508 568/706/508
f 546/683/509 545/680/509 560/705/509 561/707/509
f 539/685/510 222/708/510 554/709/510
f 448/710/511 553/682/511 568/706/511
f 547/687/512 546/683/512 561/707/512 562/711/512
f 540/688/513 539/685/513 554/709/513 555/712/513
f 548/689/514 547/687/514 562/711/514 563/696/514
f 541/690/515 540/688/515 555/712/515 556/698/515
f 568/706/516 567/704/516 582/713/516 583/714/516
f 561/707/517 560/705/517 575/715/517 576/716/517
f 554/709/518 222/717/518 569/718/518
f 448/719/519 568/706/519 583/714/519
f 562/711/520 561/707/520 576/716/520 577/720/520
f 555/712/521 554/709/521 569/718/521 570/721/521
f 563/696/522 562/711/522 577/720/522 578/722/522
f 556/698/523 555/712/523 570/721/523 571/723/523
f 564/697/524 563/696/524 578/722/524 579/724/524
f 557/699/525 556/698/525 571/723/525 572/725/525
f 565/700/526 564/697/526 579/724/526 580/726/526
f 558/701/527 557/699/527 572/725/527 573/727/527
f 566/702/528 565/700/528 580/726/528 581/728/528
f 559/703/529 558/701/529 573/727/529 574/729/529
f 567/704/530 566/702/530 581/728/530 582/713/530
f 560/705/531 559/703/531 574/729/531 575/715/531
f 580/726/532 579/724/532 594/730/532 595/731/532
f 573/727/533 572/725/533 587/732/533 588/733/533
f 581/728/534 580/726/534 595/731/534 596/734/534
f 574/729/535 573/727/535 588/733/535 589/735/535
f 582/713/536 581/728/536 596/734/536 597/736/536
f 575/715/537 574/729/537 589/735/537 590/737/537
f 583/714/538 582/713/538 597/736/538 598/738/538
f 576/716/539 575/715/539 590/737/539 591/739/539
f 569/718/540 222/740/540 584/741/540
f 448/742/541 583/714/541 598/738/541
f 577/720/542 576/716/542 591/739/542 592/743/542
f 570/721/543 569/718/543 584/741/543 585/744/543
f 578/722/544 577/720/544 592/743/544 593/745/544
f 571/723/545 570/721/545 585/744/545 586/746/545
f 579/724/546 578/722/546 593/745/546 594/730/546
f 572/725/547 571/723/547 586/746/547 587/732/547
f 584/741/548 222/747/548 599/748/548
f 448/749/549 598/738/549 613/750/549
f 592/743/550 591/739/550 606/751/550 607/752/550
f 585/744/551 584/741/551 599/748/551 600/753/551
f 593/745/552 592/743/552 607/752/552 608/754/552
f 586/746/553 585/744/553 600/753/553 601/755/553
f 594/730/554 593/745/554 608/754/554 609/756/554
f 587/732/555 586/746/555 601/755/555 602/757/555
f 595/731/556 594/730/556 609/756/556 610/758/556
f 588/733/557 587/732/557 602/757/557 603/759/557
f 596/734/558 595/731/558 610/758/558 611/760/558
f 589/735/559 588/733/559 603/759/559 604/761/559
f 597/736/560 596/734/560 611/760/560 612/762/560
f 590/737/561 589/735/561 604/761/561 605/763/561
f 598/738/562 597/736/562 612/762/562 613/750/562
f 591/739/563 590/737/563 605/763/563 606/751/563
f 603/759/564 602/757/564 616/212/564 142/211/564
f 611/760/565 610/758/565 619/207/565 620/215/565
f 604/761/566 603/759/566 142/211/566 617/217/566
f 612/762/567 611/760/567 620/215/567 621/219/567
f 605/763/568 604/761/568 617/217/568 143/221/568
f 613/750/569 612/762/569 621/219/569 622/223/569
f 606/751/570 605/763/570 143/221/570 144/225/570
f 599/748/571 222/764/571 614/227/571
f 448/765/572 613/750/572 622/223/572
f 607/752/573 606/751/573 144/225/573 145/231/573
f 600/753/574 599/748/574 614/227/574 615/233/574
f 608/754/575 607/752/575 145/231/575 618/235/575
f 601/755/576 600/753/576 615/233/576 141/237/576
f 609/756/577 608/754/577 618/235/577 146/208/577
f 602/757/578 601/755/578 141/237/578 616/212/578
f 610/758/579 609/756/579 146/208/579 619/207/579
o Cylinder.001
v -0.065806 0.000000 -0.200000
v 0.934194 -0.000000 -0.200000
v -0.065806 -0.039018 -0.196157
v 0.934194 -0.039018 -0.196157
v -0.065806 -0.076537 -0.184776
v 0.934194 -0.076537 -0.184776
v -0.065806 -0.111114 -0.166294
v 0.934194 -0.111114 -0.166294
v -0.065806 -0.141421 -0.141421
v 0.934194 -0.141421 -0.141421
v -0.065806 -0.166294 -0.111114
v 0.934194 -0.166294 -0.111114
v -0.065806 -0.184776 -0.076537
v 0.934194 -0.184776 -0.076537
v -0.065806 -0.196157 -0.039018
v 0.934194 -0.196157 -0.039018
v -0.065806 -0.200000 0.000000
v 0.934194 -0.200000 0.000000
v -0.065806 -0.196157 0.039018
v 0.934194 -0.196157 0.039018
v -0.065806 -0.184776 0.076537
v 0.934194 -0.184776 0.076537
v -0.065806 -0.166294 0.111114
v 0.934194 -0.166294 0.111114
v -0.065806 -0.141421 0.141421
v 0.934194 -0.141421 0.141421
v -0.065806 -0.111114 0.166294
v 0.934194 -0.111114 0.166294
v -0.065806 -0.076537 0.184776
v 0.934194 -0.076537 0.184776
v -0.065806 -0.039018 0.196157
v 0.934194 -0.039018 0.196157
v -0.065806 0.000000 0.200000
v 0.934194 -0.000000 0.200000
v -0.065806 0.039018 0.196157
v 0.934194 0.039018 0.196157
v -0.065806 0.076537 0.184776
v 0.934194 0.076537 0.184776
v -0.065806 0.111114 0.166294
v 0.934194 0.111114 0.166294
v -0.065806 0.141421 0.141421
v 0.934194 0.141421 0.141421
v -0.065806 0.166294 0.111114
v 0.934194 0.166294 0.111114
v -0.065806 0.184776 0.076537
v 0.934194 0.184776 0.076537
v -0.065806 0.196157 0.039018
v 0.934194 0.196157 0.039018
v -0.065806 0.200000 0.000000
v 0.934194 0.200000 0.000000
v -0.065806 0.196157 -0.039018
v 0.934194 0.196157 -0.039018
v -0.065806 0.184776 -0.076537
v 0.934194 0.184776 -0.076537
v -0.065806 0.166294 -0.111114
v 0.934194 0.166294 -0.111114
v -0.065806 0.141421 -0.141421
v 0.934194 0.141421 -0.141421
v -0.065806 0.111114 -0.166294
v 0.934194 0.111114 -0.166294
v -0.065806 0.076537 -0.184776
v 0.934194 0.076537 -0.184776
v -0.065806 0.039018 -0.196157
v 0.934194 0.039018 -0.196157
v 1.167230 0.240397 -0.200000
v 1.167230 1.240397 -0.200000
v 1.206248 0.240397 -0.196157
v 1.206248 1.240397 -0.196157
v 1.243767 0.240397 -0.184776
v 1.243767 1.240397 -0.184776
v 1.278344 0.240397 -0.166294
v 1.278344 1.240397 -0.166294
v 1.308651 0.240397 -0.141421
v 1.308651 1.240397 -0.141421
v 1.333524 0.240397 -0.111114
v 1.333524 1.240397 -0.111114
v 1.352006 0.240397 -0.076537
v 1.352006 1.240397 -0.076537
v 1.363387 0.240397 -0.039018
v 1.363387 1.240397 -0.039018
v 1.367230 0.240397 0.000000
v 1.367230 1.240397 0.000000
v 1.363387 0.240397 0.039018
v 1.363387 1.240397 0.039018
v 1.352006 0.240397 0.076537
v 1.352006 1.240397 0.076537
v 1.333524 0.240397 0.111114
v 1.333524 1.240397 0.111114
v 1.308651 0.240397 0.141421
v 1.308651 1.240397 0.141421
v 1.278344 0.240397 0.166294
v 1.278344 1.240397 0.166294
v 1.243767 0.240397 0.184776
v 1.243767 1.240397 0.184776
v 1.206248 0.240397 0.196157
v 1.206248 1.240397 0.196157
v 1.167230 0.240397 0.200000
v 1.167230 1.240397 0.200000
v 1.128212 0.240397 0.196157
v 1.128212 1.240397 0.196157
v 1.090693 0.240397 0.184776
v 1.090693 1.240397 0.184776
v 1.056116 0.240397 0.166294
v 1.056116 1.240397 0.166294
v 1.025809 0.240397 0.141421
v 1.025809 1.240397 0.141421
v 1.000936 0.240397 0.111114
v 1.000936 1.240397 0.111114
v 0.982454 0.240397 0.076537
v 0.982454 1.240397 0.076537
v 0.971073 0.240397 0.039018
v 0.971073 1.240397 0.039018
v 0.967230 0.240397 0.000000
v 0.967230 1.240397 0.000000
v 0.971073 0.240397 -0.039018
v 0.971073 1.240397 -0.039018
v 0.982454 0.240397 -0.076537
v 0.982454 1.240397 -0.076537
v 1.000936 0.240397 -0.111114
v 1.000936 1.240397 -0.111114
v 1.025809 0.240397 -0.141421
v 1.025809 1.240397 -0.141421
v 1.056116 0.240397 -0.166294
v 1.056116 1.240397 -0.166294
v 1.090693 0.240397 -0.184776
v 1.090693 1.240397 -0.184776
v 1.128212 0.240397 -0.196157
v 1.128212 1.240397 -0.196157
v 0.934194 -0.000000 -0.200000
v 0.934194 -0.039018 -0.196157
v 0.934194 -0.076537 -0.184776
v 0.934194 -0.111114 -0.166294
v 0.934194 -0.141421 -0.141421
v 0.934194 -0.166294 -0.111114
v 0.934194 -0.184776 -0.076537
v 0.934194 -0.196157 -0.039018
v 0.934194 -0.200000 0.000000
v 0.934194 -0.196157 0.039018
v 0.934194 -0.184776 0.076537
v 0.934194 -0.166294 0.111114
v 0.934194 -0.141421 0.141421
v 0.934194 -0.111114 0.166294
v 0.934194 -0.076537 0.184776
v 0.934194 -0.039018 0.196157
v 0.934194 -0.000000 0.200000
v 0.934194 0.039018 0.196157
v 0.934194 0.076537 0.184776
v 0.934194 0.111114 0.166294
v 0.934194 0.141421 0.141421
v 0.934194 0.166294 0.111114
v 0.934194 0.184776 0.076537
v 0.934194 0.196157 0.039018
v 0.934194 0.200000 0.000000
v 0.934194 0.196157 -0.039018
v 0.934194 0.184776 -0.076537
v 0.934194 0.166294 -0.111114
v 0.934194 0.141421 -0.141421
v 0.934194 0.111114 -0.166294
v 0.934194 0.076537 -0.184776
v 0.934194 0.039018 -0.196157
v 1.167230 0.240397 -0.200000
v 1.206248 0.240397 -0.196157
v 1.243767 0.240397 -0.184776
v 1.278344 0.240397 -0.166294
v 1.308651 0.240397 -0.141421
v 1.333524 0.240397 -0.111114
v 1.352006 0.240397 -0.076537
v 1.363387 0.240397 -0.039018
v 1.367230 0.240397 0.000000
v 1.363387 0.240397 0.039018
v 1.352006 0.240397 0.076537
v 1.333524 0.240397 0.111114
v 1.308651 0.240397 0.141421
v 1.278344 0.240397 0.166294
v 1.243767 0.240397 0.184776
v 1.206248 0.240397 0.196157
v 1.167230 0.240397 0.200000
v 1.128212 0.240397 0.196157
v 1.090693 0.240397 0.184776
v 1.056116 0.240397 0.166294
v 1.025809 0.240397 0.141421
v 1.000936 0.240397 0.111114
v 0.982454 0.240397 0.076537
v 0.971073 0.240397 0.039018
v 0.967230 0.240397 0.000000
v 0.971073 0.240397 -0.039018
v 0.982454 0.240397 -0.076537
v 1.000936 0.240397 -0.111114
v 1.025809 0.240397 -0.141421
v 1.056116 0.240397 -0.166294
v 1.090693 0.240397 -0.184776
v 1.128212 0.240397 -0.196157
v 1.162059 -0.115239 0.111114
v 1.149396 -0.093831 0.141421
v 1.133967 -0.067746 0.166294
v 1.038432 0.093765 0.184776
v 1.020828 0.123526 0.166294
v 1.005399 0.149612 0.141421
v 0.992736 0.171020 0.111114
v 0.983326 0.186927 0.076537
v 0.975576 0.200031 0.000000
v 0.977532 0.196723 -0.039018
v 0.983326 0.186927 -0.076537
v 0.992736 0.171020 -0.111114
v 1.005399 0.149612 -0.141421
v 1.077397 0.027890 -0.200000
v 1.097262 -0.005693 -0.196157
v 1.116363 -0.037985 -0.184776
v 1.133967 -0.067746 -0.166294
v 1.149396 -0.093831 -0.141421
v 1.162059 -0.115239 -0.111114
v 1.171468 -0.131147 -0.076537
v 1.177263 -0.140942 -0.039018
v 1.179219 -0.144250 0.000000
v 1.177263 -0.140942 0.039018
v 1.171468 -0.131147 0.076537
v 1.162059 -0.115239 0.111114
v 1.149396 -0.093831 0.141421
v 1.133967 -0.067746 0.166294
v 1.116363 -0.037985 0.184776
v 1.097262 -0.005693 0.196157
v 1.077397 0.027890 0.200000
v 1.057533 0.061473 0.196157
v 1.038432 0.093765 0.184776
v 1.020828 0.123526 0.166294
v 1.005399 0.149612 0.141421
v 0.992736 0.171020 0.111114
v 0.983326 0.186927 0.076537
v 0.977532 0.196723 0.039018
v 0.975576 0.200031 0.000000
v 0.977532 0.196723 -0.039018
v 0.983326 0.186927 -0.076537
v 0.992736 0.171020 -0.111114
v 1.005399 0.149612 -0.141421
v 1.020828 0.123526 -0.166294
v 1.038432 0.093765 -0.184776
v 1.057533 0.061473 -0.196157
v 0.971073 0.240397 0.039018
v 0.967230 0.240397 0.000000
v 0.934194 0.184776 -0.076537
v 0.983326 0.186927 -0.076537
v 1.077397 0.027890 -0.200000
v 1.097262 -0.005693 -0.196157
v 1.116363 -0.037985 -0.184776
v 1.133967 -0.067746 -0.166294
v 1.149396 -0.093831 -0.141421
v 1.162059 -0.115239 -0.111114
v 1.171468 -0.131147 -0.076537
v 1.177263 -0.140942 -0.039018
v 1.179219 -0.144250 0.000000
v 1.177263 -0.140942 0.039018
v 1.171468 -0.131147 0.076537
v 1.162059 -0.115239 0.111114
v 1.149396 -0.093831 0.141421
v 1.133967 -0.067746 0.166294
v 1.116363 -0.037985 0.184776
v 1.097262 -0.005693 0.196157
v 1.077397 0.027890 0.200000
v 1.057533 0.061473 0.196157
v 1.038432 0.093765 0.184776
v 1.020828 0.123526 0.166294
v 1.005399 0.149612 0.141421
v 0.992736 0.171020 0.111114
v 0.983326 0.186927 0.076537
v 0.977532 0.196723 0.039018
v 0.975576 0.200031 0.000000
v 0.977532 0.196723 -0.039018
v 0.983326 0.186927 -0.076537
v 0.992736 0.171020 -0.111114
v 1.005399 0.149612 -0.141421
v 1.020828 0.123526 -0.166294
v 1.038432 0.093765 -0.184776
v 1.057533 0.061473 -0.196157
v 1.157092 0.121243 -0.197403
v 1.194800 0.105860 -0.193560
v 1.231059 0.091069 -0.182179
v 1.264476 0.077437 -0.163697
v 1.293766 0.065488 -0.138824
v 1.317803 0.055682 -0.108517
v 1.335665 0.048396 -0.073940
v 1.346664 0.043909 -0.036421
v 1.350378 0.042394 0.002597
v 1.346664 0.043909 0.041615
v 1.335665 0.048396 0.079134
v 1.317803 0.055682 0.113711
v 1.293766 0.065488 0.144018
v 1.264476 0.077437 0.168891
v 1.231059 0.091069 0.187373
v 1.194800 0.105860 0.198754
v 1.157092 0.121243 0.202597
v 1.119384 0.136626 0.198754
v 1.083125 0.151417 0.187373
v 1.049708 0.165049 0.168891
v 1.020419 0.176998 0.144018
v 0.996381 0.186804 0.113711
v 0.978520 0.194090 0.079134
v 0.967521 0.198577 0.041615
v 0.963807 0.200092 0.002597
v 0.967521 0.198577 -0.036421
v 0.978520 0.194090 -0.073940
v 0.996381 0.186804 -0.108517
v 1.020419 0.176998 -0.138824
v 1.049708 0.165049 -0.163697
v 1.083125 0.151417 -0.182179
v 1.119384 0.136626 -0.193560
v 1.166753 0.243530 -0.199784
v 1.205771 0.243352 -0.195941
v 1.243289 0.243180 -0.184560
v 1.277866 0.243022 -0.166078
v 1.308173 0.242884 -0.141206
v 1.333045 0.242770 -0.110898
v 1.351527 0.242686 -0.076321
v 1.362908 0.242634 -0.038802
v 1.366751 0.242616 0.000216
v 1.362908 0.242634 0.039234
v 1.351527 0.242686 0.076752
v 1.333045 0.242770 0.111330
v 1.308173 0.242884 0.141637
v 1.277866 0.243022 0.166509
v 1.243289 0.243180 0.184991
v 1.205771 0.243352 0.196373
v 1.166753 0.243530 0.200216
v 1.127735 0.243708 0.196373
v 1.090217 0.243879 0.184991
v 1.055640 0.244037 0.166509
v 1.025333 0.244176 0.141637
v 1.000461 0.244289 0.111330
v 0.981979 0.244374 0.076752
v 0.970598 0.244426 0.039234
v 0.966755 0.244443 0.000216
v 0.970598 0.244426 -0.038802
v 0.981979 0.244374 -0.076321
v 1.000461 0.244289 -0.110898
v 1.025333 0.244176 -0.141206
v 1.055640 0.244037 -0.166078
v 1.090217 0.243879 -0.184560
v 1.127735 0.243708 -0.195941
vn -0.0000 -0.0980 -0.9952
vn -0.0000 -0.2903 -0.9569
vn -0.0000 -0.4714 -0.8819
vn -0.0000 -0.6344 -0.7730
vn -0.0000 -0.7730 -0.6344
vn -0.0000 -0.8819 -0.4714
vn -0.0000 -0.9569 -0.2903
vn -0.0000 -0.9952 -0.0980
vn -0.0000 -0.9952 0.0980
vn -0.0000 -0.9569 0.2903
vn -0.0000 -0.8819 0.4714
vn -0.0000 -0.7730 0.6344
vn -0.0000 -0.6344 0.7730
vn -0.0000 -0.4714 0.8819
vn -0.0000 -0.2903 0.9569
vn -0.0000 -0.0980 0.9952
vn -0.0000 0.0980 0.9952
vn -0.0000 0.2903 0.9569
vn -0.0000 0.4714 0.8819
vn -0.0000 0.6344 0.7730
vn -0.0000 0.7730 0.6344
vn -0.0000 0.8819 0.4714
vn -0.0000 0.9569 0.2903
vn -0.0000 0.9952 0.0980
vn -0.0000 0.9952 -0.0980
vn -0.0000 0.9569 -0.2903
vn -0.0000 0.8819 -0.4714
vn -0.0000 0.7730 -0.6344
vn -0.0000 0.6344 -0.7730
vn -0.0000 0.4714 -0.8819
vn -0.0000 0.2903 -0.9569
vn -0.0000 0.0980 -0.9952
vn -1.0000 -0.0000 -0.0000
vn 0.0980 -0.0000 -0.9952
vn 0.2903 -0.0000 -0.9569
vn 0.4714 -0.0000 -0.8819
vn 0.6344 -0.0000 -0.7730
vn 0.7730 -0.0000 -0.6344
vn 0.8819 -0.0000 -0.4714
vn 0.9569 -0.0000 -0.2903
vn 0.9952 -0.0000 -0.0980
vn 0.9952 -0.0000 0.0980
vn 0.9569 -0.0000 0.2903
vn 0.8819 -0.0000 0.4714
vn 0.7730 -0.0000 0.6344
vn 0.6344 -0.0000 0.7730
vn 0.4714 -0.0000 0.8819
vn 0.2903 -0.0000 0.9569
vn 0.0980 -0.0000 0.9952
vn -0.0980 -0.0000 0.9952
vn -0.2903 -0.0000 0.9569
vn -0.4714 -0.0000 0.8819
vn -0.6344 -0.0000 0.7730
vn -0.7730 -0.0000 0.6344
vn -0.8819 -0.0000 0.4714
vn -0.9569 -0.0000 0.2903
vn -0.9952 -0.0000 0.0980
vn -0.9952 -0.0000 -0.0980
vn -0.9569 -0.0000 -0.2903
vn -0.8819 -0.0000 -0.4714
vn -0.7730 -0.0000 -0.6344
vn -0.6344 -0.0000 -0.7730
vn -0.4714 -0.0000 -0.8819
vn -0.0000 1.0000 -0.0000
vn -0.2903 -0.0000 -0.9569
vn -0.0980 -0.0000 -0.9952
vn 1.0000 -0.0000 -0.0000
vn -0.0843 0.6461 0.7586
vn 0.2121 -0.9361 -0.2806
vn -0.0781 0.7844 0.6153
vn -0.1389 0.6335 -0.7612
vn 0.2207 -0.9708 -0.0945
vn 0.0569 -0.8908 -0.4507
vn -0.0569 0.8908 0.4507
vn 0.2207 -0.9708 0.0945
vn -0.0283 0.9615 0.2735
vn 0.0569 -0.8908 0.4507
vn 0.2121 -0.9361 0.2806
vn -0.0070 0.9958 0.0914
vn 0.1952 -0.8673 0.4579
vn -0.0070 0.9958 -0.0914
vn 0.1705 -0.7657 0.6202
vn 0.0747 -0.4813 -0.8734
vn -0.0283 0.9615 -0.2735
vn 0.0781 -0.7844 0.6153
vn 0.1389 -0.6335 0.7612
vn -0.0569 0.8908 -0.4507
vn 0.1018 -0.4745 0.8744
vn 0.0200 -0.0999 -0.9948
vn -0.0781 0.7844 -0.6153
vn 0.0613 -0.2942 0.9538
vn 0.0843 -0.6461 -0.7586
vn 0.0613 -0.2942 -0.9538
vn -0.0843 0.6461 -0.7586
vn 0.0200 -0.0999 0.9948
vn 0.1018 -0.4745 -0.8744
vn -0.0747 0.4813 -0.8734
vn -0.0189 0.1001 0.9948
vn 0.0070 -0.9958 0.0914
vn 0.1389 -0.6335 -0.7612
vn -0.0517 0.2968 -0.9536
vn -0.0517 0.2968 0.9536
vn -0.1705 0.7657 -0.6202
vn 0.1705 -0.7657 -0.6202
vn -0.0189 0.1001 -0.9948
vn -0.0747 0.4813 0.8734
vn 0.1952 -0.8673 -0.4579
vn 0.4736 -0.4406 0.7626
vn -0.9251 0.0387 -0.3778
vn 0.3522 -0.3315 0.8753
vn 0.0889 -0.0516 -0.9947
vn -0.6951 0.3744 -0.6137
vn 0.2141 -0.2095 0.9541
vn 0.2342 -0.1860 -0.9542
vn -0.5183 0.3876 -0.7623
vn 0.0642 -0.0807 0.9947
vn 0.3683 -0.3127 -0.8755
vn -0.3650 0.3166 -0.8755
vn -0.0927 0.0472 0.9946
vn 0.4863 -0.4260 -0.7629
vn -0.2143 0.2093 -0.9541
vn -0.2519 0.1648 0.9536
vn 0.5843 -0.5212 -0.6221
vn -0.0622 0.0829 -0.9946
vn -0.4118 0.2598 0.8734
vn 0.6593 -0.5951 -0.4596
vn -0.5766 0.3104 0.7557
vn 0.7097 -0.6457 -0.2817
vn -0.7619 0.2579 0.5941
vn 0.7345 -0.6720 -0.0949
vn -0.9366 -0.1218 0.3285
vn 0.7331 -0.6734 0.0949
vn -0.5302 -0.8468 -0.0425
vn 0.7057 -0.6501 0.2817
vn -0.1003 -0.9935 -0.0541
vn 0.6526 -0.6025 0.4594
vn -0.0742 -0.9957 0.0561
vn 0.5746 -0.5320 0.6219
vn -0.5062 -0.8610 0.0506
vn 0.6354 -0.0408 0.7711
vn -0.8826 0.0411 -0.4682
vn 0.4736 -0.0250 0.8804
vn 0.0945 -0.0257 -0.9952
vn -0.7753 0.0318 -0.6308
vn 0.2934 -0.0078 0.9560
vn 0.2874 -0.0388 -0.9570
vn -0.6380 0.0223 -0.7697
vn 0.1017 0.0102 0.9948
vn 0.4690 -0.0510 -0.8817
vn -0.4758 0.0117 -0.8795
vn -0.0940 0.0280 0.9952
vn 0.6321 -0.0620 -0.7724
vn -0.2948 -0.0000 -0.9556
vn -0.2862 0.0450 0.9571
vn 0.7706 -0.0710 -0.6334
vn -0.1022 -0.0126 -0.9947
vn -0.4673 0.0600 0.8820
vn 0.8791 -0.0776 -0.4703
vn -0.6305 0.0720 0.7728
vn 0.9537 -0.0814 -0.2894
vn -0.7694 0.0797 0.6338
vn 0.9918 -0.0823 -0.0977
vn -0.8786 0.0822 0.4705
vn 0.9920 -0.0799 0.0976
vn -0.9540 0.0792 0.2893
vn 0.9544 -0.0745 0.2892
vn -0.9927 0.0715 0.0975
vn 0.8804 -0.0659 0.4697
vn -0.9934 0.0612 -0.0974
vn 0.7727 -0.0546 0.6324
vn -0.9562 0.0507 -0.2883
vt 1.000000 0.500000
vt 1.000000 1.000000
vt 0.968750 1.000000
vt 0.968750 0.500000
vt 0.937500 1.000000
vt 0.937500 0.500000
vt 0.906250 1.000000
vt 0.906250 0.500000
vt 0.875000 1.000000
vt 0.875000 0.500000
vt 0.843750 1.000000
vt 0.843750 0.500000
vt 0.812500 1.000000
vt 0.812500 0.500000
vt 0.781250 1.000000
vt 0.781250 0.500000
vt 0.750000 1.000000
vt 0.750000 0.500000
vt 0.718750 1.000000
vt 0.718750 0.500000
vt 0.687500 1.000000
vt 0.687500 0.500000
vt 0.656250 1.000000
vt 0.656250 0.500000
vt 0.625000 1.000000
vt 0.625000 0.500000
vt 0.593750 1.000000
vt 0.593750 0.500000
vt 0.562500 1.000000
vt 0.562500 0.500000
vt 0.531250 1.000000
vt 0.531250 0.500000
vt 0.500000 1.000000
vt 0.500000 0.500000
vt 0.468750 1.000000
vt 0.468750 0.500000
vt 0.437500 1.000000
vt 0.437500 0.500000
vt 0.406250 1.000000
vt 0.406250 0.500000
vt 0.375000 1.000000
vt 0.375000 0.500000
vt 0.343750 1.000000
vt 0.343750 0.500000
vt 0.312500 1.000000
vt 0.312500 0.500000
vt 0.281250 1.000000
vt 0.281250 0.500000
vt 0.250000 1.000000
vt 0.250000 0.500000
vt 0.218750 1.000000
vt 0.218750 0.500000
vt 0.187500 1.000000
vt 0.187500 0.500000
vt 0.156250 1.000000
vt 0.156250 0.500000
vt 0.125000 1.000000
vt 0.125000 0.500000
vt 0.093750 1.000000
vt 0.093750 0.500000
vt 0.062500 1.000000
vt 0.062500 0.500000
vt 0.031250 1.000000
vt 0.031250 0.500000
vt 0.000000 1.000000
vt 0.000000 0.500000
vt 0.750000 0.490000
vt 0.796822 0.485388
vt 0.841844 0.471731
vt 0.883337 0.449553
vt 0.919706 0.419706
vt 0.949553 0.383337
vt 0.971731 0.341844
vt 0.985388 0.296822
vt 0.990000 0.250000
vt 0.985388 0.203178
vt 0.971731 0.158156
vt 0.949553 0.116663
vt 0.919706 0.080294
vt 0.883337 0.050447
vt 0.841844 0.028269
vt 0.796822 0.014612
vt 0.750000 0.010000
vt 0.703178 0.014612
vt 0.658156 0.028269
vt 0.616663 0.050447
vt 0.580294 0.080294
vt 0.550447 0.116663
vt 0.528269 0.158156
vt 0.514612 0.203178
vt 0.510000 0.250000
vt 0.514612 0.296822
vt 0.528269 0.341844
vt 0.550447 0.383337
vt 0.580294 0.419706
vt 0.616663 0.449553
vt 0.658156 0.471731
vt 0.703178 0.485388
vt 0.296822 0.485388
vt 0.250000 0.490000
vt 0.203178 0.485388
vt 0.158156 0.471731
vt 0.116663 0.449553
vt 0.080294 0.419706
vt 0.050447 0.383337
vt 0.028269 0.341844
vt 0.014612 0.296822
vt 0.010000 0.250000
vt 0.014612 0.203178
vt 0.028269 0.158156
vt 0.050447 0.116663
vt 0.080294 0.080294
vt 0.116663 0.050447
vt 0.158156 0.028269
vt 0.203178 0.014612
vt 0.250000 0.010000
vt 0.296822 0.014612
vt 0.341844 0.028269
vt 0.383337 0.050447
vt 0.419706 0.080294
vt 0.449553 0.116663
vt 0.471731 0.158156
vt 0.485388 0.203178
vt 0.490000 0.250000
vt 0.485388 0.296822
vt 0.471731 0.341844
vt 0.449553 0.383337
vt 0.419706 0.419706
vt 0.383337 0.449553
vt 0.341844 0.471731
s 0
f 623/766/580 624/767/580 626/768/580 625/769/580
f 625/769/581 626/768/581 628/770/581 627/771/581
f 627/771/582 628/770/582 630/772/582 629/773/582
f 629/773/583 630/772/583 632/774/583 631/775/583
f 631/775/584 632/774/584 634/776/584 633/777/584
f 633/777/585 634/776/585 636/778/585 635/779/585
f 635/779/586 636/778/586 638/780/586 637/781/586
f 637/781/587 638/780/587 640/782/587 639/783/587
f 639/783/588 640/782/588 642/784/588 641/785/588
f 641/785/589 642/784/589 644/786/589 643/787/589
f 643/787/590 644/786/590 646/788/590 645/789/590
f 645/789/591 646/788/591 648/790/591 647/791/591
f 647/791/592 648/790/592 650/792/592 649/793/592
f 649/793/593 650/792/593 652/794/593 651/795/593
f 651/795/594 652/794/594 654/796/594 653/797/594
f 653/797/595 654/796/595 656/798/595 655/799/595
f 655/799/596 656/798/596 658/800/596 657/801/596
f 657/801/597 658/800/597 660/802/597 659/803/597
f 659/803/598 660/802/598 662/804/598 661/805/598
f 661/805/599 662/804/599 664/806/599 663/807/599
f 663/807/600 664/806/600 666/808/600 665/809/600
f 665/809/601 666/808/601 668/810/601 667/811/601
f 667/811/602 668/810/602 670/812/602 669/813/602
f 669/813/603 670/812/603 672/814/603 671/815/603
f 671/815/604 672/814/604 674/816/604 673/817/604
f 673/817/605 674/816/605 676/818/605 675/819/605
f 675/819/606 676/818/606 678/820/606 677/821/606
f 677/821/607 678/820/607 680/822/607 679/823/607
f 679/823/608 680/822/608 682/824/608 681/825/608
f 681/825/609 682/824/609 684/826/609 683/827/609
f 683/827/610 684/826/610 686/828/610 685/829/610
f 685/829/611 686/828/611 624/830/611 623/831/611
f 623/832/612 625/833/612 627/834/612 629/835/612 631/836/612 633/837/612 635/838/612 637/839/612 639/840/612 641/841/612 643/842/612 645/843/612 647/844/612 649/845/612 651/846/612 653/847/612 655/848/612 657/849/612 659/850/612 661/851/612 663/852/612 665/853/612 667/854/612 669/855/612 671/856/612 673/857/612 675/858/612 677/859/612 679/860/612 681/861/612 683/862/612 685/863/612
f 687/766/613 688/767/613 690/768/613 689/769/613
f 689/769/614 690/768/614 692/770/614 691/771/614
f 691/771/615 692/770/615 694/772/615 693/773/615
f 693/773/616 694/772/616 696/774/616 695/775/616
f 695/775/617 696/774/617 698/776/617 697/777/617
f 697/777/618 698/776/618 700/778/618 699/779/618
f 699/779/619 700/778/619 702/780/619 701/781/619
f 701/781/620 702/780/620 704/782/620 703/783/620
f 703/783/621 704/782/621 706/784/621 705/785/621
f 705/785/622 706/784/622 708/786/622 707/787/622
f 707/787/623 708/786/623 710/788/623 709/789/623
f 709/789/624 710/788/624 712/790/624 711/791/624
f 711/791/625 712/790/625 714/792/625 713/793/625
f 713/793/626 714/792/626 716/794/626 715/795/626
f 715/795/627 716/794/627 718/796/627 717/797/627
f 717/797/628 718/796/628 720/798/628 719/799/628
f 719/799/629 720/798/629 722/800/629 721/801/629
f 721/801/630 722/800/630 724/802/630 723/803/630
f 723/803/631 724/802/631 726/804/631 725/805/631
f 725/805/632 726/804/632 728/806/632 727/807/632
f 727/807/633 728/806/633 730/808/633 729/809/633
f 729/809/634 730/808/634 732/810/634 731/811/634
f 731/811/635 732/810/635 734/812/635 733/813/635
f 733/813/636 734/812/636 736/814/636 735/815/636
f 735/815/637 736/814/637 738/816/637 737/817/637
f 737/817/638 738/816/638 740/818/638 739/819/638
f 739/819/639 740/818/639 742/820/639 741/821/639
f 741/821/640 742/820/640 744/822/640 743/823/640
f 743/823/641 744/822/641 746/824/641 745/825/641
f 745/825/642 746/824/642 748/826/642 747/827/642
f 690/864/643 688/865/643 750/866/643 748/867/643 746/868/643 744/869/643 742/870/643 740/871/643 738/872/643 736/873/643 734/874/643 732/875/643 730/876/643 728/877/643 726/878/643 724/879/643 722/880/643 720/881/643 718/882/643 716/883/643 714/884/643 712/885/643 710/886/643 708/887/643 706/888/643 704/889/643 702/890/643 700/891/643 698/892/643 696/893/643 694/894/643 692/895/643
f 747/827/644 748/826/644 750/828/644 749/829/644
f 749/829/645 750/828/645 688/830/645 687/831/645
f 634/776/646 632/774/646 755/774/646 756/776/646
f 719/799/646 721/801/646 800/801/646 799/799/646
f 737/817/646 739/819/646 809/819/646 808/817/646
f 652/794/646 650/792/646 764/792/646 765/794/646
f 670/812/646 668/810/646 773/810/646 774/812/646
f 703/783/646 705/785/646 792/785/646 791/783/646
f 624/830/646 686/828/646 782/828/646 751/830/646
f 636/778/646 634/776/646 756/776/646 757/778/646
f 721/801/646 723/803/646 801/803/646 800/801/646
f 687/766/646 689/769/646 784/769/646 783/766/646
f 739/819/646 741/821/646 810/821/646 809/819/646
f 654/796/646 652/794/646 765/794/646 766/796/646
f 672/814/646 670/812/646 774/812/646 775/814/646
f 705/785/646 707/787/646 793/787/646 792/785/646
f 638/780/646 636/778/646 757/778/646 758/780/646
f 723/803/646 725/805/646 802/805/646 801/803/646
f 741/821/646 743/823/646 811/823/646 810/821/646
f 656/798/646 654/796/646 766/796/646 767/798/646
f 689/769/646 691/771/646 785/771/646 784/769/646
f 674/816/646 672/814/646 775/814/646 776/816/646
f 707/787/646 709/789/646 794/789/646 793/787/646
f 725/805/646 727/807/646 803/807/646 802/805/646
f 640/782/646 638/780/646 758/780/646 759/782/646
f 743/823/646 745/825/646 812/825/646 811/823/646
f 658/800/646 656/798/646 767/798/646 768/800/646
f 691/771/646 693/773/646 786/773/646 785/771/646
f 676/818/646 674/816/646 776/816/646 777/818/646
f 709/789/646 711/791/646 795/791/646 794/789/646
f 727/807/646 729/809/646 804/809/646 803/807/646
f 642/784/646 640/782/646 759/782/646 760/784/646
f 745/825/646 747/827/646 813/827/646 812/825/646
f 660/802/646 658/800/646 768/800/646 769/802/646
f 626/768/646 624/767/646 751/767/646 752/768/646
f 693/773/646 695/775/646 787/775/646 786/773/646
f 678/820/646 676/818/646 777/818/646 778/820/646
f 711/791/646 713/793/646 796/793/646 795/791/646
f 729/809/646 731/811/646 805/811/646 804/809/646
f 644/786/646 642/784/646 760/784/646 761/786/646
f 747/827/646 749/829/646 814/829/646 813/827/646
f 662/804/646 660/802/646 769/802/646 770/804/646
f 695/775/646 697/777/646 788/777/646 787/775/646
f 680/822/646 678/820/646 778/820/646 779/822/646
f 628/770/646 626/768/646 752/768/646 753/770/646
f 713/793/646 715/795/646 797/795/646 796/793/646
f 731/811/646 733/813/646 806/813/646 805/811/646
f 646/788/646 644/786/646 761/786/646 762/788/646
f 749/829/646 687/831/646 783/831/646 814/829/646
f 664/806/646 662/804/646 770/804/646 771/806/646
f 697/777/646 699/779/646 789/779/646 788/777/646
f 682/824/646 680/822/646 779/822/646 780/824/646
f 630/772/646 628/770/646 753/770/646 754/772/646
f 715/795/646 717/797/646 798/797/646 797/795/646
f 733/813/646 735/815/646 807/815/646 806/813/646
f 648/790/646 646/788/646 762/788/646 763/790/646
f 666/808/646 664/806/646 771/806/646 772/808/646
f 699/779/646 701/781/646 790/781/646 789/779/646
f 684/826/646 682/824/646 780/824/646 781/826/646
f 717/797/646 719/799/646 799/799/646 798/797/646
f 632/774/646 630/772/646 754/772/646 755/774/646
f 735/815/646 737/817/646 808/817/646 807/815/646
f 650/792/646 648/790/646 763/790/646 764/792/646
f 668/810/646 666/808/646 772/808/646 773/810/646
f 701/781/646 703/783/646 791/783/646 790/781/646
f 686/828/646 684/826/646 781/826/646 782/828/646
f 771/806/647 770/804/647 847/804/647 848/806/647
f 758/780/648 757/778/648 834/778/648 835/780/648
f 772/808/649 771/806/649 848/806/649 849/808/649
f 648/790/650 650/792/650 817/792/650 816/790/650
f 759/782/651 758/780/651 835/780/651 836/782/651
f 666/808/652 668/810/652 822/810/652 821/808/652
f 773/810/653 772/808/653 849/808/653 850/810/653
f 760/784/654 759/782/654 836/782/654 837/784/654
f 774/812/655 773/810/655 850/810/655 851/812/655
f 676/818/656 678/820/656 826/820/656 825/818/656
f 761/786/657 760/784/657 837/784/657 838/786/657
f 775/814/658 774/812/658 851/812/658 852/814/658
f 762/788/659 761/786/659 838/786/659 839/788/659
f 776/816/660 775/814/660 852/814/660 853/816/660
f 763/790/661 762/788/661 839/788/661 840/790/661
f 660/802/662 662/804/662 819/804/662 818/802/662
f 777/818/663 776/816/663 853/816/663 854/818/663
f 678/820/664 680/822/664 827/822/664 826/820/664
f 764/792/665 763/790/665 840/790/665 841/792/665
f 778/820/666 777/818/666 854/818/666 855/820/666
f 765/794/667 764/792/667 841/792/667 842/794/667
f 752/768/668 751/767/668 828/767/668 829/768/668
f 779/822/669 778/820/669 855/820/669 856/822/669
f 766/796/670 765/794/670 842/794/670 843/796/670
f 662/804/671 664/806/671 820/806/671 819/804/671
f 753/770/672 752/768/672 829/768/672 830/770/672
f 780/824/673 779/822/673 856/822/673 857/824/673
f 806/813/646 807/815/646 861/815/646 860/813/646
f 767/798/674 766/796/674 843/796/674 844/798/674
f 754/772/675 753/770/675 830/770/675 831/772/675
f 781/826/676 780/824/676 857/824/676 858/826/676
f 768/800/677 767/798/677 844/798/677 845/800/677
f 672/814/678 674/816/678 824/816/678 823/814/678
f 755/774/679 754/772/679 831/772/679 832/774/679
f 782/828/680 781/826/680 858/826/680 859/828/680
f 769/802/681 768/800/681 845/800/681 846/802/681
f 646/788/682 648/790/682 816/790/682 815/788/682
f 756/776/683 755/774/683 832/774/683 833/776/683
f 751/830/684 782/828/684 859/828/684 828/830/684
f 770/804/685 769/802/685 846/802/685 847/804/685
f 757/778/686 756/776/686 833/776/686 834/778/686
f 854/818/646 853/816/646 889/816/646 890/818/646
f 841/792/646 840/790/646 876/790/646 877/792/646
f 855/820/646 854/818/646 890/818/646 891/820/646
f 842/794/646 841/792/646 877/792/646 878/794/646
f 829/768/646 828/767/646 864/767/646 865/768/646
f 856/822/646 855/820/646 891/820/646 892/822/646
f 843/796/646 842/794/646 878/794/646 879/796/646
f 830/770/646 829/768/646 865/768/646 866/770/646
f 857/824/646 856/822/646 892/822/646 893/824/646
f 844/798/646 843/796/646 879/796/646 880/798/646
f 831/772/646 830/770/646 866/770/646 867/772/646
f 858/826/646 857/824/646 893/824/646 894/826/646
f 845/800/646 844/798/646 880/798/646 881/800/646
f 832/774/646 831/772/646 867/772/646 868/774/646
f 859/828/646 858/826/646 894/826/646 895/828/646
f 846/802/646 845/800/646 881/800/646 882/802/646
f 833/776/646 832/774/646 868/774/646 869/776/646
f 828/830/646 859/828/646 895/828/646 864/830/646
f 847/804/646 846/802/646 882/802/646 883/804/646
f 834/778/646 833/776/646 869/776/646 870/778/646
f 848/806/646 847/804/646 883/804/646 884/806/646
f 676/818/646 825/818/646 863/818/646 862/818/646
f 835/780/646 834/778/646 870/778/646 871/780/646
f 849/808/646 848/806/646 884/806/646 885/808/646
f 836/782/646 835/780/646 871/780/646 872/782/646
f 850/810/646 849/808/646 885/808/646 886/810/646
f 837/784/646 836/782/646 872/782/646 873/784/646
f 851/812/646 850/810/646 886/810/646 887/812/646
f 838/786/646 837/784/646 873/784/646 874/786/646
f 852/814/646 851/812/646 887/812/646 888/814/646
f 839/788/646 838/786/646 874/786/646 875/788/646
f 853/816/646 852/814/646 888/814/646 889/816/646
f 840/790/646 839/788/646 875/788/646 876/790/646
f 877/792/687 876/790/687 908/790/687 909/792/687
f 891/820/688 890/818/688 922/818/688 923/820/688
f 878/794/689 877/792/689 909/792/689 910/794/689
f 865/768/690 864/767/690 896/767/690 897/768/690
f 892/822/691 891/820/691 923/820/691 924/822/691
f 879/796/692 878/794/692 910/794/692 911/796/692
f 866/770/693 865/768/693 897/768/693 898/770/693
f 893/824/694 892/822/694 924/822/694 925/824/694
f 880/798/695 879/796/695 911/796/695 912/798/695
f 867/772/696 866/770/696 898/770/696 899/772/696
f 894/826/697 893/824/697 925/824/697 926/826/697
f 881/800/698 880/798/698 912/798/698 913/800/698
f 868/774/699 867/772/699 899/772/699 900/774/699
f 895/828/700 894/826/700 926/826/700 927/828/700
f 882/802/701 881/800/701 913/800/701 914/802/701
f 869/776/702 868/774/702 900/774/702 901/776/702
f 864/830/703 895/828/703 927/828/703 896/830/703
f 883/804/704 882/802/704 914/802/704 915/804/704
f 870/778/705 869/776/705 901/776/705 902/778/705
f 884/806/706 883/804/706 915/804/706 916/806/706
f 871/780/707 870/778/707 902/778/707 903/780/707
f 885/808/708 884/806/708 916/806/708 917/808/708
f 872/782/709 871/780/709 903/780/709 904/782/709
f 886/810/710 885/808/710 917/808/710 918/810/710
f 873/784/711 872/782/711 904/782/711 905/784/711
f 887/812/712 886/810/712 918/810/712 919/812/712
f 874/786/713 873/784/713 905/784/713 906/786/713
f 888/814/714 887/812/714 919/812/714 920/814/714
f 875/788/715 874/786/715 906/786/715 907/788/715
f 889/816/716 888/814/716 920/814/716 921/816/716
f 876/790/717 875/788/717 907/788/717 908/790/717
f 890/818/718 889/816/718 921/816/718 922/818/718
f 909/792/719 908/790/719 940/790/719 941/792/719
f 923/820/720 922/818/720 954/818/720 955/820/720
f 910/794/721 909/792/721 941/792/721 942/794/721
f 897/768/722 896/767/722 928/767/722 929/768/722
f 924/822/723 923/820/723 955/820/723 956/822/723
f 911/796/724 910/794/724 942/794/724 943/796/724
f 898/770/725 897/768/725 929/768/725 930/770/725
f 925/824/726 924/822/726 956/822/726 957/824/726
f 912/798/727 911/796/727 943/796/727 944/798/727
f 899/772/728 898/770/728 930/770/728 931/772/728
f 926/826/729 925/824/729 957/824/729 958/826/729
f 913/800/730 912/798/730 944/798/730 945/800/730
f 900/774/731 899/772/731 931/772/731 932/774/731
f 927/828/732 926/826/732 958/826/732 959/828/732
f 914/802/733 913/800/733 945/800/733 946/802/733
f 901/776/734 900/774/734 932/774/734 933/776/734
f 896/830/735 927/828/735 959/828/735 928/830/735
f 915/804/736 914/802/736 946/802/736 947/804/736
f 902/778/737 901/776/737 933/776/737 934/778/737
f 916/806/738 915/804/738 947/804/738 948/806/738
f 903/780/739 902/778/739 934/778/739 935/780/739
f 917/808/740 916/806/740 948/806/740 949/808/740
f 904/782/741 903/780/741 935/780/741 936/782/741
f 918/810/742 917/808/742 949/808/742 950/810/742
f 905/784/743 904/782/743 936/782/743 937/784/743
f 919/812/744 918/810/744 950/810/744 951/812/744
f 906/786/745 905/784/745 937/784/745 938/786/745
f 920/814/746 919/812/746 951/812/746 952/814/746
f 907/788/747 906/786/747 938/786/747 939/788/747
f 921/816/748 920/814/748 952/814/748 953/816/748
f 908/790/749 907/788/749 939/788/749 940/790/749
f 922/818/750 921/816/750 953/816/750 954/818/750
