# Blender 4.3.2
# www.blender.org
mtllib table.mtl
o Cube
v 1.338534 1.696378 -1.254681
v 1.338534 1.478344 -1.254681
v 1.338534 1.696378 1.254681
v 1.338534 1.478344 1.254681
v -1.338534 1.696378 -1.254681
v -1.338534 1.478344 -1.254681
v -1.338534 1.696378 1.254681
v -1.338534 1.478344 1.254681
v -1.338534 1.478344 0.000000
v 0.000000 1.478344 -1.254681
v 0.000000 1.478344 1.254681
v 1.338534 1.478344 0.000000
v 0.000000 1.478344 0.000000
v -1.338534 1.478344 0.627341
v -0.669267 1.478344 -1.254681
v 0.669267 1.478344 1.254681
v 1.338534 1.478344 -0.627341
v -1.338534 1.478344 -0.627341
v 0.669267 1.478344 -1.254681
v -0.669267 1.478344 1.254681
v 1.338534 1.478344 0.627341
v 0.000000 1.478344 0.627341
v 0.000000 1.478344 -0.627341
v -0.669267 1.478344 0.000000
v 0.669267 1.478344 0.000000
v 0.669267 1.478344 -0.627341
v -0.669267 1.478344 -0.627341
v -0.669267 1.478344 0.627341
v 0.669267 1.478344 0.627341
v -1.338534 1.478344 0.941011
v -1.003900 1.478344 -1.254681
v 1.003900 1.478344 1.254681
v 1.338534 1.478344 -0.941011
v -1.338534 1.478344 -0.313670
v 0.334633 1.478344 -1.254681
v -0.334633 1.478344 1.254681
v 1.338534 1.478344 0.313670
v 0.000000 1.478344 -0.313670
v -1.003900 1.478344 0.000000
v 0.334633 1.478344 0.000000
v -1.338534 1.478344 0.313670
v -0.334633 1.478344 -1.254681
v 0.334633 1.478344 1.254681
v 1.338534 1.478344 -0.313670
v -1.338534 1.478344 -0.941011
v 1.003900 1.478344 -1.254681
v -1.003900 1.478344 1.254681
v 1.338534 1.478344 0.941011
v 0.000000 1.478344 0.313670
v 0.000000 1.478344 -0.941011
v -0.334633 1.478344 0.000000
v 1.003900 1.478344 0.000000
v 0.669267 1.478344 -0.313670
v 0.669267 1.478344 -0.941011
v 0.334633 1.478344 -0.627341
v 1.003900 1.478344 -0.627341
v -0.669267 1.478344 -0.313670
v -0.669267 1.478344 -0.941011
v -1.003900 1.478344 -0.627341
v -0.334633 1.478344 -0.627341
v -0.669267 1.478344 0.941011
v -0.669267 1.478344 0.313670
v -1.003900 1.478344 0.627341
v -0.334633 1.478344 0.627341
v 0.669267 1.478344 0.941011
v 0.669267 1.478344 0.313670
v 0.334633 1.478344 0.627341
v 1.003900 1.478344 0.627341
v 1.003900 1.478344 0.313670
v 0.334633 1.478344 0.313670
v -0.334633 1.478344 0.313670
v -1.003900 1.478344 0.313670
v -1.003900 1.478344 0.941011
v -0.334633 1.478344 -0.941011
v -1.003900 1.478344 -0.941011
v -1.003900 1.478344 -0.313670
v 1.003900 1.478344 -0.941011
v 0.334633 1.478344 -0.941011
v 0.334633 1.478344 -0.313670
v 1.003900 1.478344 -0.313670
v -0.334633 1.478344 -0.313670
v 1.003900 1.478344 0.941011
v -0.334633 1.208491 1.254681
v 0.000000 1.208491 1.254681
v 0.000000 1.208491 0.941011
v 0.334633 1.208491 1.254681
v 0.669267 1.208491 1.254681
v -0.669267 1.208491 0.941011
v -0.669267 1.208491 1.254681
v -0.334633 1.208491 0.627341
v -0.669267 1.208491 0.627341
v 0.669267 1.208491 0.941011
v 0.334633 1.208491 0.627341
v 0.000000 1.208491 0.627341
v 0.669267 1.208491 0.627341
v 0.334633 1.208491 0.941011
v -0.334633 1.208491 0.941011
v -0.334633 1.478344 1.279446
v 0.000000 1.478344 1.279446
v 0.334633 1.208491 1.279446
v 0.334633 1.478344 1.279446
v 0.669267 1.478344 1.279446
v -0.669267 1.478344 1.279446
v 0.000000 1.208491 1.279446
v 0.669267 1.208491 1.279446
v -0.334633 1.208491 1.279446
v -0.669267 1.208491 1.279446
v -0.084127 1.338245 1.519515
v 0.135413 1.338255 1.516143
v -0.084121 1.345899 1.519967
v 0.135420 1.345909 1.516595
v -0.084137 1.353494 1.518917
v 0.135403 1.353504 1.515546
v -0.084176 1.360739 1.516406
v 0.135364 1.360749 1.513034
v -0.084236 1.367355 1.512530
v 0.135305 1.367365 1.509159
v -0.084314 1.373087 1.507438
v 0.135226 1.373097 1.504067
v -0.084408 1.377716 1.501326
v 0.135132 1.377726 1.497954
v -0.084514 1.381063 1.494428
v 0.135026 1.381073 1.491056
v -0.084628 1.383000 1.487010
v 0.134912 1.383010 1.483638
v -0.084746 1.383452 1.479356
v 0.134794 1.383462 1.475985
v -0.084863 1.382402 1.471762
v 0.134678 1.382412 1.468390
v -0.084974 1.379891 1.464518
v 0.134567 1.379901 1.461146
v -0.085075 1.376014 1.457903
v 0.134465 1.376024 1.454531
v -0.085163 1.370922 1.452171
v 0.134377 1.370932 1.448800
v -0.085234 1.364809 1.447543
v 0.134307 1.364819 1.444172
v -0.085285 1.357910 1.444197
v 0.134255 1.357920 1.440825
v -0.085314 1.350491 1.442260
v 0.134226 1.350501 1.438888
v -0.085321 1.342837 1.441808
v 0.134219 1.342847 1.438436
v -0.085304 1.335241 1.442857
v 0.134236 1.335251 1.439486
v -0.085266 1.327996 1.445368
v 0.134275 1.328007 1.441997
v -0.085206 1.321381 1.449244
v 0.134335 1.321391 1.445873
v -0.085127 1.315649 1.454336
v 0.134413 1.315659 1.450965
v -0.085033 1.311020 1.460449
v 0.134507 1.311030 1.457077
v -0.084927 1.307673 1.467346
v 0.134613 1.307683 1.463975
v -0.084813 1.305736 1.474765
v 0.134727 1.305746 1.471393
v -0.084695 1.305284 1.482418
v 0.134845 1.305294 1.479046
v -0.084579 1.306333 1.490013
v 0.134961 1.306343 1.486641
v -0.084468 1.308845 1.497257
v 0.135073 1.308855 1.493885
v -0.084366 1.312721 1.503872
v 0.135174 1.312731 1.500500
v -0.084279 1.317814 1.509603
v 0.135262 1.317824 1.506232
v -0.084208 1.323927 1.514231
v 0.135333 1.323937 1.510859
v -0.084157 1.330825 1.517578
v 0.135384 1.330836 1.514206
vn -0.0000 1.0000 -0.0000
vn -0.0000 -0.0000 1.0000
vn -1.0000 -0.0000 -0.0000
vn -0.0000 -1.0000 -0.0000
vn 1.0000 -0.0000 -0.0000
vn -0.0000 -0.0000 -1.0000
vn 0.0153 -0.0590 0.9981
vn 0.0152 0.1369 0.9905
vn 0.0145 0.3275 0.9447
vn 0.0132 0.5055 0.8627
vn 0.0115 0.6642 0.7475
vn 0.0092 0.7973 0.6036
vn 0.0067 0.8997 0.4365
vn 0.0038 0.9676 0.2526
vn 0.0009 0.9983 0.0590
vn -0.0021 0.9906 -0.1369
vn -0.0051 0.9448 -0.3275
vn -0.0078 0.8628 -0.5055
vn -0.0102 0.7476 -0.6641
vn -0.0123 0.6037 -0.7972
vn -0.0138 0.4365 -0.8996
vn -0.0149 0.2526 -0.9675
vn -0.0153 0.0590 -0.9981
vn -0.0152 -0.1369 -0.9905
vn -0.0145 -0.3275 -0.9447
vn -0.0132 -0.5055 -0.8627
vn -0.0115 -0.6642 -0.7475
vn -0.0092 -0.7973 -0.6036
vn -0.0067 -0.8997 -0.4365
vn -0.0038 -0.9676 -0.2526
vn -0.0009 -0.9983 -0.0590
vn 0.0021 -0.9906 0.1369
vn 0.0051 -0.9448 0.3275
vn 0.0078 -0.8628 0.5055
vn 0.0102 -0.7476 0.6641
vn 0.0123 -0.6037 0.7972
vn 0.9999 -0.0000 -0.0154
vn 0.0138 -0.4365 0.8996
vn 0.0149 -0.2526 0.9675
vn -0.9999 -0.0000 0.0154
vt 0.625000 0.500000
vt 0.875000 0.500000
vt 0.875000 0.750000
vt 0.625000 0.750000
vt 0.375000 0.750000
vt 0.625000 1.000000
vt 0.375000 1.000000
vt 0.375000 0.968750
vt 0.375000 0.937500
vt 0.375000 0.906250
vt 0.375000 0.875000
vt 0.375000 0.843750
vt 0.375000 0.812500
vt 0.375000 0.781250
vt 0.375000 0.000000
vt 0.625000 0.000000
vt 0.625000 0.250000
vt 0.375000 0.250000
vt 0.375000 0.218750
vt 0.375000 0.187500
vt 0.375000 0.156250
vt 0.375000 0.125000
vt 0.375000 0.093750
vt 0.375000 0.062500
vt 0.375000 0.031250
vt 0.343750 0.718750
vt 0.375000 0.718750
vt 0.343750 0.750000
vt 0.375000 0.500000
vt 0.375000 0.687500
vt 0.375000 0.656250
vt 0.375000 0.625000
vt 0.375000 0.593750
vt 0.375000 0.562500
vt 0.375000 0.531250
vt 0.375000 0.468750
vt 0.375000 0.437500
vt 0.375000 0.406250
vt 0.375000 0.375000
vt 0.375000 0.343750
vt 0.375000 0.312500
vt 0.375000 0.281250
vt 0.281250 0.687500
vt 0.312500 0.687500
vt 0.218750 0.593750
vt 0.250000 0.593750
vt 0.250000 0.625000
vt 0.218750 0.625000
vt 0.343750 0.593750
vt 0.343750 0.625000
vt 0.281250 0.593750
vt 0.312500 0.593750
vt 0.312500 0.625000
vt 0.281250 0.625000
vt 0.281250 0.531250
vt 0.312500 0.531250
vt 0.312500 0.562500
vt 0.281250 0.562500
vt 0.343750 0.531250
vt 0.343750 0.562500
vt 0.156250 0.593750
vt 0.187500 0.593750
vt 0.187500 0.625000
vt 0.156250 0.625000
vt 0.156250 0.531250
vt 0.187500 0.531250
vt 0.187500 0.562500
vt 0.156250 0.562500
vt 0.218750 0.531250
vt 0.250000 0.531250
vt 0.250000 0.562500
vt 0.218750 0.562500
vt 0.156250 0.718750
vt 0.187500 0.718750
vt 0.187500 0.750000
vt 0.156250 0.750000
vt 0.156250 0.656250
vt 0.187500 0.656250
vt 0.187500 0.687500
vt 0.156250 0.687500
vt 0.218750 0.656250
vt 0.250000 0.656250
vt 0.250000 0.687500
vt 0.218750 0.687500
vt 0.281250 0.656250
vt 0.312500 0.656250
vt 0.343750 0.656250
vt 0.343750 0.687500
vt 0.312500 0.718750
vt 0.312500 0.750000
vt 0.218750 0.750000
vt 0.125000 0.656250
vt 0.125000 0.687500
vt 0.125000 0.625000
vt 0.125000 0.718750
vt 0.125000 0.750000
vt 0.187500 0.500000
vt 0.218750 0.500000
vt 0.250000 0.500000
vt 0.125000 0.531250
vt 0.125000 0.562500
vt 0.125000 0.500000
vt 0.156250 0.500000
vt 0.125000 0.593750
vt 0.312500 0.500000
vt 0.343750 0.500000
vt 0.281250 0.500000
vt 0.218750 0.718750
vt 0.250000 0.718750
vt 0.250000 0.750000
vt 0.281250 0.718750
vt 0.281250 0.750000
vt 1.000000 0.500000
vt 1.000000 1.000000
vt 0.968750 1.000000
vt 0.968750 0.500000
vt 0.937500 1.000000
vt 0.937500 0.500000
vt 0.906250 1.000000
vt 0.906250 0.500000
vt 0.875000 1.000000
vt 0.843750 1.000000
vt 0.843750 0.500000
vt 0.812500 1.000000
vt 0.812500 0.500000
vt 0.781250 1.000000
vt 0.781250 0.500000
vt 0.750000 1.000000
vt 0.750000 0.500000
vt 0.718750 1.000000
vt 0.718750 0.500000
vt 0.687500 1.000000
vt 0.687500 0.500000
vt 0.656250 1.000000
vt 0.656250 0.500000
vt 0.593750 1.000000
vt 0.593750 0.500000
vt 0.562500 1.000000
vt 0.562500 0.500000
vt 0.531250 1.000000
vt 0.531250 0.500000
vt 0.500000 1.000000
vt 0.500000 0.500000
vt 0.468750 1.000000
vt 0.468750 0.500000
vt 0.437500 1.000000
vt 0.437500 0.500000
vt 0.406250 1.000000
vt 0.406250 0.500000
vt 0.343750 1.000000
vt 0.312500 1.000000
vt 0.281250 1.000000
vt 0.250000 1.000000
vt 0.218750 1.000000
vt 0.187500 1.000000
vt 0.156250 1.000000
vt 0.125000 1.000000
vt 0.093750 1.000000
vt 0.093750 0.500000
vt 0.062500 1.000000
vt 0.062500 0.500000
vt 0.296822 0.485388
vt 0.250000 0.490000
vt 0.203178 0.485388
vt 0.158156 0.471731
vt 0.116663 0.449553
vt 0.080294 0.419706
vt 0.050447 0.383337
vt 0.028269 0.341844
vt 0.014612 0.296822
vt 0.010000 0.250000
vt 0.014612 0.203178
vt 0.028269 0.158156
vt 0.050447 0.116663
vt 0.080294 0.080294
vt 0.116663 0.050447
vt 0.158156 0.028269
vt 0.203178 0.014612
vt 0.250000 0.010000
vt 0.296822 0.014612
vt 0.341844 0.028269
vt 0.383337 0.050447
vt 0.419706 0.080294
vt 0.449553 0.116663
vt 0.471731 0.158156
vt 0.485388 0.203178
vt 0.490000 0.250000
vt 0.485388 0.296822
vt 0.471731 0.341844
vt 0.449553 0.383337
vt 0.419706 0.419706
vt 0.383337 0.449553
vt 0.341844 0.471731
vt 0.031250 1.000000
vt 0.031250 0.500000
vt 0.000000 1.000000
vt 0.000000 0.500000
vt 0.750000 0.490000
vt 0.796822 0.485388
vt 0.841844 0.471731
vt 0.883337 0.449553
vt 0.919706 0.419706
vt 0.949553 0.383337
vt 0.971731 0.341844
vt 0.985388 0.296822
vt 0.990000 0.250000
vt 0.985388 0.203178
vt 0.971731 0.158156
vt 0.949553 0.116663
vt 0.919706 0.080294
vt 0.883337 0.050447
vt 0.841844 0.028269
vt 0.796822 0.014612
vt 0.750000 0.010000
vt 0.703178 0.014612
vt 0.658156 0.028269
vt 0.616663 0.050447
vt 0.580294 0.080294
vt 0.550447 0.116663
vt 0.528269 0.158156
vt 0.514612 0.203178
vt 0.510000 0.250000
vt 0.514612 0.296822
vt 0.528269 0.341844
vt 0.550447 0.383337
vt 0.580294 0.419706
vt 0.616663 0.449553
vt 0.658156 0.471731
vt 0.703178 0.485388
s 0
usemtl Material
f 1/1/1 5/2/1 7/3/1 3/4/1
f 4/5/2 3/4/2 7/6/2 8/7/2 47/8/2 20/9/2 36/10/2 11/11/2 43/12/2 16/13/2 32/14/2
f 8/15/3 7/16/3 5/17/3 6/18/3 45/19/3 18/20/3 34/21/3 9/22/3 41/23/3 14/24/3 30/25/3
f 82/26/4 48/27/4 4/5/4 32/28/4
f 2/29/5 1/1/5 3/4/5 4/5/5 48/27/5 21/30/5 37/31/5 12/32/5 44/33/5 17/34/5 33/35/5
f 6/18/6 5/17/6 1/1/6 2/29/6 46/36/6 19/37/6 35/38/6 10/39/6 42/40/6 15/41/6 31/42/6
f 67/43/6 29/44/6 95/44/6 93/43/6
f 81/45/4 38/46/4 13/47/4 51/48/4
f 80/49/4 44/33/4 12/32/4 52/50/4
f 79/51/4 53/52/4 25/53/4 40/54/4
f 78/55/4 54/56/4 26/57/4 55/58/4
f 77/59/4 33/35/4 17/34/4 56/60/4
f 76/61/4 57/62/4 24/63/4 39/64/4
f 75/65/4 58/66/4 27/67/4 59/68/4
f 74/69/4 50/70/4 23/71/4 60/72/4
f 73/73/4 61/74/4 20/75/4 47/76/4
f 72/77/4 62/78/4 28/79/4 63/80/4
f 71/81/4 49/82/4 22/83/4 64/84/4
f 36/10/1 20/9/1 103/9/1 98/10/1
f 70/85/4 66/86/4 29/44/4 67/43/4
f 69/87/4 37/31/4 21/30/4 68/88/4
f 66/86/4 69/87/4 68/88/4 29/44/4
f 25/53/4 52/50/4 69/87/4 66/86/4
f 52/50/4 12/32/4 37/31/4 69/87/4
f 49/82/4 70/85/4 67/43/4 22/83/4
f 13/47/4 40/54/4 70/85/4 49/82/4
f 40/54/4 25/53/4 66/86/4 70/85/4
f 20/75/3 89/75/3 107/75/3 103/75/3
f 65/89/5 16/90/5 87/90/5 92/89/5
f 89/75/4 83/91/4 106/91/4 107/75/4
f 62/78/4 71/81/4 64/84/4 28/79/4
f 24/63/4 51/48/4 71/81/4 62/78/4
f 51/48/4 13/47/4 49/82/4 71/81/4
f 41/92/4 72/77/4 63/80/4 14/93/4
f 9/94/4 39/64/4 72/77/4 41/92/4
f 39/64/4 24/63/4 62/78/4 72/77/4
f 30/95/4 73/73/4 47/76/4 8/96/4
f 14/93/4 63/80/4 73/73/4 30/95/4
f 63/80/4 28/79/4 61/74/4 73/73/4
f 58/66/4 74/69/4 60/72/4 27/67/4
f 15/97/4 42/98/4 74/69/4 58/66/4
f 42/98/4 10/99/4 50/70/4 74/69/4
f 45/100/4 75/65/4 59/68/4 18/101/4
f 6/102/4 31/103/4 75/65/4 45/100/4
f 31/103/4 15/97/4 58/66/4 75/65/4
f 34/104/4 76/61/4 39/64/4 9/94/4
f 18/101/4 59/68/4 76/61/4 34/104/4
f 59/68/4 27/67/4 57/62/4 76/61/4
f 54/56/4 77/59/4 56/60/4 26/57/4
f 19/105/4 46/106/4 77/59/4 54/56/4
f 46/106/4 2/29/4 33/35/4 77/59/4
f 50/70/4 78/55/4 55/58/4 23/71/4
f 10/99/4 35/107/4 78/55/4 50/70/4
f 35/107/4 19/105/4 54/56/4 78/55/4
f 38/46/4 79/51/4 40/54/4 13/47/4
f 23/71/4 55/58/4 79/51/4 38/46/4
f 55/58/4 26/57/4 53/52/4 79/51/4
f 53/52/4 80/49/4 52/50/4 25/53/4
f 26/57/4 56/60/4 80/49/4 53/52/4
f 56/60/4 17/34/4 44/33/4 80/49/4
f 57/62/4 81/45/4 51/48/4 24/63/4
f 27/67/4 60/72/4 81/45/4 57/62/4
f 60/72/4 23/71/4 38/46/4 81/45/4
f 20/75/3 61/74/3 88/74/3 89/75/3
f 29/44/5 65/89/5 92/89/5 95/44/5
f 28/79/6 64/84/6 90/84/6 91/79/6
f 65/89/4 82/26/4 32/28/4 16/90/4
f 29/44/4 68/88/4 82/26/4 65/89/4
f 68/88/4 21/30/4 48/27/4 82/26/4
f 97/108/4 85/109/4 84/110/4 83/91/4
f 96/111/4 92/89/4 87/90/4 86/112/4
f 85/109/4 96/111/4 86/112/4 84/110/4
f 94/83/4 93/43/4 96/111/4 85/109/4
f 93/43/4 95/44/4 92/89/4 96/111/4
f 88/74/4 97/108/4 83/91/4 89/75/4
f 91/79/4 90/84/4 97/108/4 88/74/4
f 90/84/4 94/83/4 85/109/4 97/108/4
f 64/84/6 22/83/6 94/83/6 90/84/6
f 83/91/4 84/110/4 104/110/4 106/91/4
f 22/83/6 67/43/6 93/43/6 94/83/6
f 61/74/3 28/79/3 91/79/3 88/74/3
f 101/12/2 99/11/2 104/11/2 100/12/2
f 99/11/2 98/10/2 106/10/2 104/11/2
f 98/10/2 103/9/2 107/9/2 106/10/2
f 102/13/2 101/12/2 100/12/2 105/13/2
f 11/11/1 36/10/1 98/10/1 99/11/1
f 87/90/5 16/90/5 102/90/5 105/90/5
f 43/12/1 11/11/1 99/11/1 101/12/1
f 86/112/4 87/90/4 105/90/4 100/112/4
f 84/110/4 86/112/4 100/112/4 104/110/4
f 16/13/1 43/12/1 101/12/1 102/13/1
f 108/113/7 109/114/7 111/115/7 110/116/7
f 110/116/8 111/115/8 113/117/8 112/118/8
f 112/118/9 113/117/9 115/119/9 114/120/9
f 114/120/10 115/119/10 117/121/10 116/2/10
f 116/2/11 117/121/11 119/122/11 118/123/11
f 118/123/12 119/122/12 121/124/12 120/125/12
f 120/125/13 121/124/13 123/126/13 122/127/13
f 122/127/14 123/126/14 125/128/14 124/129/14
f 124/129/15 125/128/15 127/130/15 126/131/15
f 126/131/16 127/130/16 129/132/16 128/133/16
f 128/133/17 129/132/17 131/134/17 130/135/17
f 130/135/18 131/134/18 133/6/18 132/1/18
f 132/1/19 133/6/19 135/136/19 134/137/19
f 134/137/20 135/136/20 137/138/20 136/139/20
f 136/139/21 137/138/21 139/140/21 138/141/21
f 138/141/22 139/140/22 141/142/22 140/143/22
f 140/143/23 141/142/23 143/144/23 142/145/23
f 142/145/24 143/144/24 145/146/24 144/147/24
f 144/147/25 145/146/25 147/148/25 146/149/25
f 146/149/26 147/148/26 149/7/26 148/29/26
f 148/29/27 149/7/27 151/150/27 150/106/27
f 150/106/28 151/150/28 153/151/28 152/105/28
f 152/105/29 153/151/29 155/152/29 154/107/29
f 154/107/30 155/152/30 157/153/30 156/99/30
f 156/99/31 157/153/31 159/154/31 158/98/31
f 158/98/32 159/154/32 161/155/32 160/97/32
f 160/97/33 161/155/33 163/156/33 162/103/33
f 162/103/34 163/156/34 165/157/34 164/102/34
f 164/102/35 165/157/35 167/158/35 166/159/35
f 166/159/36 167/158/36 169/160/36 168/161/36
f 111/162/37 109/163/37 171/164/37 169/165/37 167/166/37 165/167/37 163/168/37 161/169/37 159/170/37 157/171/37 155/172/37 153/173/37 151/174/37 149/175/37 147/176/37 145/177/37 143/178/37 141/179/37 139/180/37 137/181/37 135/182/37 133/183/37 131/184/37 129/185/37 127/186/37 125/187/37 123/188/37 121/189/37 119/190/37 117/191/37 115/192/37 113/193/37
f 168/161/38 169/160/38 171/194/38 170/195/38
f 170/195/39 171/194/39 109/196/39 108/197/39
f 108/198/40 110/199/40 112/200/40 114/201/40 116/202/40 118/203/40 120/204/40 122/205/40 124/206/40 126/207/40 128/208/40 130/209/40 132/210/40 134/211/40 136/212/40 138/213/40 140/214/40 142/215/40 144/216/40 146/217/40 148/218/40 150/219/40 152/220/40 154/221/40 156/222/40 158/223/40 160/224/40 162/225/40 164/226/40 166/227/40 168/228/40 170/229/40
o Cylinder.001
v 1.235139 -0.358612 -1.232404
v 1.235139 1.641388 -1.232404
v 1.254648 -0.358612 -1.230483
v 1.254648 1.641388 -1.230483
v 1.273407 -0.358612 -1.224792
v 1.273407 1.641388 -1.224792
v 1.290696 -0.358612 -1.215551
v 1.290696 1.641388 -1.215551
v 1.305850 -0.358612 -1.203115
v 1.305850 1.641388 -1.203115
v 1.318286 -0.358612 -1.187961
v 1.318286 1.641388 -1.187961
v 1.327527 -0.358612 -1.170673
v 1.327527 1.641388 -1.170673
v 1.333218 -0.358612 -1.151913
v 1.333218 1.641388 -1.151913
v 1.335139 -0.358612 -1.132404
v 1.335139 1.641388 -1.132404
v 1.333218 -0.358612 -1.112895
v 1.333218 1.641388 -1.112895
v 1.327527 -0.358612 -1.094136
v 1.327527 1.641388 -1.094136
v 1.318286 -0.358612 -1.076847
v 1.318286 1.641388 -1.076847
v 1.305850 -0.358612 -1.061694
v 1.305850 1.641388 -1.061694
v 1.290696 -0.358612 -1.049257
v 1.290696 1.641388 -1.049257
v 1.273407 -0.358612 -1.040016
v 1.273407 1.641388 -1.040016
v 1.254648 -0.358612 -1.034326
v 1.254648 1.641388 -1.034326
v 1.235139 -0.358612 -1.032404
v 1.235139 1.641388 -1.032404
v 1.215630 -0.358612 -1.034326
v 1.215630 1.641388 -1.034326
v 1.196871 -0.358612 -1.040016
v 1.196871 1.641388 -1.040016
v 1.179582 -0.358612 -1.049257
v 1.179582 1.641388 -1.049257
v 1.164428 -0.358612 -1.061694
v 1.164428 1.641388 -1.061694
v 1.151992 -0.358612 -1.076847
v 1.151992 1.641388 -1.076847
v 1.142751 -0.358612 -1.094136
v 1.142751 1.641388 -1.094136
v 1.137061 -0.358612 -1.112895
v 1.137061 1.641388 -1.112895
v 1.135139 -0.358612 -1.132404
v 1.135139 1.641388 -1.132404
v 1.137061 -0.358612 -1.151913
v 1.137061 1.641388 -1.151913
v 1.142751 -0.358612 -1.170673
v 1.142751 1.641388 -1.170673
v 1.151992 -0.358612 -1.187961
v 1.151992 1.641388 -1.187961
v 1.164428 -0.358612 -1.203115
v 1.164428 1.641388 -1.203115
v 1.179582 -0.358612 -1.215551
v 1.179582 1.641388 -1.215551
v 1.196871 -0.358612 -1.224792
v 1.196871 1.641388 -1.224792
v 1.215630 -0.358612 -1.230483
v 1.215630 1.641388 -1.230483
v 1.235139 -0.358612 1.041193
v 1.235139 1.641388 1.041193
v 1.254648 -0.358612 1.043115
v 1.254648 1.641388 1.043115
v 1.273407 -0.358612 1.048805
v 1.273407 1.641388 1.048805
v 1.290696 -0.358612 1.058046
v 1.290696 1.641388 1.058046
v 1.305850 -0.358612 1.070483
v 1.305850 1.641388 1.070483
v 1.318286 -0.358612 1.085636
v 1.318286 1.641388 1.085636
v 1.327527 -0.358612 1.102925
v 1.327527 1.641388 1.102925
v 1.333218 -0.358612 1.121684
v 1.333218 1.641388 1.121684
v 1.335139 -0.358612 1.141193
v 1.335139 1.641388 1.141193
v 1.333218 -0.358612 1.160703
v 1.333218 1.641388 1.160703
v 1.327527 -0.358612 1.179462
v 1.327527 1.641388 1.179462
v 1.318286 -0.358612 1.196751
v 1.318286 1.641388 1.196751
v 1.305850 -0.358612 1.211904
v 1.305850 1.641388 1.211904
v 1.290696 -0.358612 1.224340
v 1.290696 1.641388 1.224340
v 1.273407 -0.358612 1.233581
v 1.273407 1.641388 1.233581
v 1.254648 -0.358612 1.239272
v 1.254648 1.641388 1.239272
v 1.235139 -0.358612 1.241193
v 1.235139 1.641388 1.241193
v 1.215630 -0.358612 1.239272
v 1.215630 1.641388 1.239272
v 1.196871 -0.358612 1.233581
v 1.196871 1.641388 1.233581
v 1.179582 -0.358612 1.224340
v 1.179582 1.641388 1.224340
v 1.164428 -0.358612 1.211904
v 1.164428 1.641388 1.211904
v 1.151992 -0.358612 1.196751
v 1.151992 1.641388 1.196751
v 1.142751 -0.358612 1.179462
v 1.142751 1.641388 1.179462
v 1.137061 -0.358612 1.160703
v 1.137061 1.641388 1.160703
v 1.135139 -0.358612 1.141193
v 1.135139 1.641388 1.141193
v 1.137061 -0.358612 1.121684
v 1.137061 1.641388 1.121684
v 1.142751 -0.358612 1.102925
v 1.142751 1.641388 1.102925
v 1.151992 -0.358612 1.085636
v 1.151992 1.641388 1.085636
v 1.164428 -0.358612 1.070483
v 1.164428 1.641388 1.070483
v 1.179582 -0.358612 1.058046
v 1.179582 1.641388 1.058046
v 1.196871 -0.358612 1.048805
v 1.196871 1.641388 1.048805
v 1.215630 -0.358612 1.043115
v 1.215630 1.641388 1.043115
v -1.226316 -0.358612 1.041193
v -1.226316 1.641388 1.041193
v -1.206807 -0.358612 1.043115
v -1.206807 1.641388 1.043115
v -1.188048 -0.358612 1.048805
v -1.188048 1.641388 1.048805
v -1.170759 -0.358612 1.058046
v -1.170759 1.641388 1.058046
v -1.155605 -0.358612 1.070483
v -1.155605 1.641388 1.070483
v -1.143169 -0.358612 1.085636
v -1.143169 1.641388 1.085636
v -1.133928 -0.358612 1.102925
v -1.133928 1.641388 1.102925
v -1.128237 -0.358612 1.121684
v -1.128237 1.641388 1.121684
v -1.126316 -0.358612 1.141193
v -1.126316 1.641388 1.141193
v -1.128237 -0.358612 1.160703
v -1.128237 1.641388 1.160703
v -1.133928 -0.358612 1.179462
v -1.133928 1.641388 1.179462
v -1.143169 -0.358612 1.196751
v -1.143169 1.641388 1.196751
v -1.155605 -0.358612 1.211904
v -1.155605 1.641388 1.211904
v -1.170759 -0.358612 1.224340
v -1.170759 1.641388 1.224340
v -1.188048 -0.358612 1.233581
v -1.188048 1.641388 1.233581
v -1.206807 -0.358612 1.239272
v -1.206807 1.641388 1.239272
v -1.226316 -0.358612 1.241193
v -1.226316 1.641388 1.241193
v -1.245825 -0.358612 1.239272
v -1.245825 1.641388 1.239272
v -1.264584 -0.358612 1.233581
v -1.264584 1.641388 1.233581
v -1.281873 -0.358612 1.224340
v -1.281873 1.641388 1.224340
v -1.297027 -0.358612 1.211904
v -1.297027 1.641388 1.211904
v -1.309463 -0.358612 1.196751
v -1.309463 1.641388 1.196751
v -1.318704 -0.358612 1.179462
v -1.318704 1.641388 1.179462
v -1.324395 -0.358612 1.160703
v -1.324395 1.641388 1.160703
v -1.326316 -0.358612 1.141193
v -1.326316 1.641388 1.141193
v -1.324395 -0.358612 1.121684
v -1.324395 1.641388 1.121684
v -1.318704 -0.358612 1.102925
v -1.318704 1.641388 1.102925
v -1.309463 -0.358612 1.085636
v -1.309463 1.641388 1.085636
v -1.297027 -0.358612 1.070483
v -1.297027 1.641388 1.070483
v -1.281873 -0.358612 1.058046
v -1.281873 1.641388 1.058046
v -1.264584 -0.358612 1.048805
v -1.264584 1.641388 1.048805
v -1.245825 -0.358612 1.043115
v -1.245825 1.641388 1.043115
v -1.226316 -0.358612 -1.241029
v -1.226316 1.641388 -1.241029
v -1.206807 -0.358612 -1.239107
v -1.206807 1.641388 -1.239107
v -1.188048 -0.358612 -1.233417
v -1.188048 1.641388 -1.233417
v -1.170759 -0.358612 -1.224176
v -1.170759 1.641388 -1.224176
v -1.155605 -0.358612 -1.211739
v -1.155605 1.641388 -1.211739
v -1.143169 -0.358612 -1.196586
v -1.143169 1.641388 -1.196586
v -1.133928 -0.358612 -1.179297
v -1.133928 1.641388 -1.179297
v -1.128237 -0.358612 -1.160538
v -1.128237 1.641388 -1.160538
v -1.126316 -0.358612 -1.141029
v -1.126316 1.641388 -1.141029
v -1.128237 -0.358612 -1.121520
v -1.128237 1.641388 -1.121520
v -1.133928 -0.358612 -1.102760
v -1.133928 1.641388 -1.102760
v -1.143169 -0.358612 -1.085472
v -1.143169 1.641388 -1.085472
v -1.155605 -0.358612 -1.070318
v -1.155605 1.641388 -1.070318
v -1.170759 -0.358612 -1.057882
v -1.170759 1.641388 -1.057882
v -1.188048 -0.358612 -1.048641
v -1.188048 1.641388 -1.048641
v -1.206807 -0.358612 -1.042950
v -1.206807 1.641388 -1.042950
v -1.226316 -0.358612 -1.041029
v -1.226316 1.641388 -1.041029
v -1.245825 -0.358612 -1.042950
v -1.245825 1.641388 -1.042950
v -1.264584 -0.358612 -1.048641
v -1.264584 1.641388 -1.048641
v -1.281873 -0.358612 -1.057882
v -1.281873 1.641388 -1.057882
v -1.297027 -0.358612 -1.070318
v -1.297027 1.641388 -1.070318
v -1.309463 -0.358612 -1.085472
v -1.309463 1.641388 -1.085472
v -1.318704 -0.358612 -1.102760
v -1.318704 1.641388 -1.102760
v -1.324395 -0.358612 -1.121520
v -1.324395 1.641388 -1.121520
v -1.326316 -0.358612 -1.141029
v -1.326316 1.641388 -1.141029
v -1.324395 -0.358612 -1.160538
v -1.324395 1.641388 -1.160538
v -1.318704 -0.358612 -1.179297
v -1.318704 1.641388 -1.179297
v -1.309463 -0.358612 -1.196586
v -1.309463 1.641388 -1.196586
v -1.297027 -0.358612 -1.211739
v -1.297027 1.641388 -1.211739
v -1.281873 -0.358612 -1.224176
v -1.281873 1.641388 -1.224176
v -1.264584 -0.358612 -1.233417
v -1.264584 1.641388 -1.233417
v -1.245825 -0.358612 -1.239107
v -1.245825 1.641388 -1.239107
v 0.290871 1.336316 1.251475
v 0.090268 1.340174 1.446561
v 0.291500 1.342731 1.251355
v 0.090257 1.346601 1.447063
v 0.293369 1.348900 1.251257
v 0.090228 1.352807 1.448810
v 0.296406 1.354586 1.251184
v 0.090184 1.358552 1.451733
v 0.300494 1.359571 1.251140
v 0.090126 1.363617 1.455722
v 0.305476 1.363664 1.251127
v 0.090055 1.367807 1.460622
v 0.311160 1.366706 1.251144
v 0.089976 1.370960 1.466245
v 0.317328 1.368581 1.251192
v 0.089890 1.372955 1.472374
v 0.323743 1.369217 1.251268
v 0.089801 1.373716 1.478776
v 0.330158 1.368589 1.251370
v 0.089712 1.373213 1.485202
v 0.336328 1.366722 1.251493
v 0.089627 1.371466 1.491408
v 0.342014 1.363687 1.251633
v 0.089550 1.368542 1.497153
v 0.346999 1.359601 1.251784
v 0.089482 1.364554 1.502217
v 0.351090 1.354621 1.251941
v 0.089427 1.359653 1.506406
v 0.354131 1.348938 1.252097
v 0.089387 1.354030 1.509559
v 0.356004 1.342772 1.252247
v 0.089363 1.347900 1.511554
v 0.356638 1.336357 1.252385
v 0.089357 1.341498 1.512315
v 0.356009 1.329942 1.252506
v 0.089368 1.335070 1.511812
v 0.354140 1.323773 1.252604
v 0.089396 1.328865 1.510066
v 0.351103 1.318086 1.252677
v 0.089440 1.323119 1.507142
v 0.347015 1.313101 1.252720
v 0.089499 1.318054 1.503154
v 0.342033 1.309009 1.252734
v 0.089569 1.313865 1.498254
v 0.336349 1.305967 1.252716
v 0.089649 1.310712 1.492631
v 0.330181 1.304092 1.252669
v 0.089735 1.308716 1.486502
v 0.323766 1.303456 1.252593
v 0.089824 1.307956 1.480100
v 0.317351 1.304084 1.252491
v 0.089913 1.308458 1.473673
v 0.311181 1.305951 1.252368
v 0.089997 1.310205 1.467468
v 0.305495 1.308986 1.252228
v 0.090075 1.313129 1.461723
v 0.300510 1.313072 1.252077
v 0.090142 1.317118 1.456658
v 0.296419 1.318052 1.251920
v 0.090197 1.322018 1.452469
v 0.293378 1.323734 1.251763
v 0.090237 1.327641 1.449317
v 0.291505 1.329901 1.251613
v 0.090261 1.333772 1.447322
v 0.290113 1.336613 1.266251
v 0.288252 1.336908 1.280929
v 0.285300 1.337199 1.295426
v 0.281273 1.337484 1.309663
v 0.276192 1.337762 1.323559
v 0.270087 1.338032 1.337036
v 0.262992 1.338290 1.350020
v 0.254946 1.338538 1.362437
v 0.245995 1.338772 1.374219
v 0.236188 1.338992 1.385299
v 0.225580 1.339195 1.395615
v 0.214231 1.339383 1.405109
v 0.202204 1.339552 1.413729
v 0.189566 1.339703 1.421426
v 0.176389 1.339834 1.428158
v 0.162745 1.339944 1.433886
v 0.148711 1.340034 1.438579
v 0.134365 1.340102 1.442210
v 0.119788 1.340148 1.444759
v 0.105062 1.340172 1.446212
v 0.105098 1.346599 1.446714
v 0.119871 1.346575 1.445256
v 0.134495 1.346529 1.442699
v 0.148886 1.346461 1.439056
v 0.162965 1.346371 1.434348
v 0.176653 1.346260 1.428602
v 0.189872 1.346128 1.421849
v 0.202551 1.345978 1.414127
v 0.214616 1.345808 1.405479
v 0.226001 1.345620 1.395954
v 0.236643 1.345415 1.385605
v 0.246481 1.345195 1.374490
v 0.255461 1.344960 1.362671
v 0.263533 1.344712 1.350215
v 0.270651 1.344452 1.337189
v 0.276775 1.344182 1.323669
v 0.281872 1.343903 1.309729
v 0.285912 1.343617 1.295447
v 0.288874 1.343325 1.280903
v 0.290740 1.343029 1.266178
v 0.105210 1.352805 1.448457
v 0.120123 1.352781 1.446986
v 0.134884 1.352734 1.444404
v 0.149411 1.352665 1.440727
v 0.163622 1.352574 1.435975
v 0.177439 1.352462 1.430174
v 0.190783 1.352330 1.423358
v 0.203581 1.352177 1.415563
v 0.215760 1.352006 1.406834
v 0.227253 1.351816 1.397219
v 0.237995 1.351610 1.386773
v 0.247926 1.351387 1.375553
v 0.256991 1.351150 1.363623
v 0.265138 1.350900 1.351048
v 0.272323 1.350638 1.337900
v 0.278505 1.350365 1.324252
v 0.283650 1.350083 1.310181
v 0.287728 1.349794 1.295764
v 0.290718 1.349500 1.281083
v 0.292602 1.349201 1.266219
v 0.105393 1.358551 1.451375
v 0.120532 1.358526 1.449882
v 0.135517 1.358479 1.447261
v 0.150264 1.358409 1.443528
v 0.164691 1.358317 1.438704
v 0.178717 1.358203 1.432815
v 0.192264 1.358068 1.425895
v 0.205256 1.357913 1.417982
v 0.217620 1.357739 1.409121
v 0.229287 1.357547 1.399361
v 0.240192 1.357337 1.388756
v 0.250273 1.357111 1.377365
v 0.259476 1.356871 1.365254
v 0.267747 1.356617 1.352489
v 0.275041 1.356350 1.339142
v 0.281317 1.356074 1.325287
v 0.286539 1.355788 1.311002
v 0.290680 1.355494 1.296366
v 0.293715 1.355195 1.281463
v 0.295627 1.354892 1.266374
v 0.105640 1.363616 1.455356
v 0.121084 1.363590 1.453833
v 0.136370 1.363542 1.451159
v 0.151414 1.363471 1.447352
v 0.166131 1.363377 1.442430
v 0.180439 1.363261 1.436423
v 0.194258 1.363123 1.429364
v 0.207511 1.362966 1.421292
v 0.220124 1.362788 1.412252
v 0.232025 1.362592 1.402296
v 0.243149 1.362378 1.391477
v 0.253434 1.362147 1.379859
v 0.262821 1.361902 1.367504
v 0.271258 1.361643 1.354482
v 0.278699 1.361371 1.340866
v 0.285101 1.361089 1.326733
v 0.290429 1.360797 1.312161
v 0.294652 1.360498 1.297231
v 0.297748 1.360193 1.282028
v 0.299699 1.359883 1.266635
v 0.105942 1.367805 1.460247
v 0.121757 1.367779 1.458687
v 0.137410 1.367730 1.455950
v 0.152815 1.367656 1.452050
v 0.167886 1.367560 1.447011
v 0.182538 1.367442 1.440860
v 0.196689 1.367301 1.433631
v 0.210260 1.367139 1.425365
v 0.223175 1.366957 1.416108
v 0.235363 1.366756 1.405912
v 0.246754 1.366537 1.394834
v 0.257285 1.366302 1.382936
v 0.266898 1.366050 1.370285
v 0.275538 1.365785 1.356951
v 0.283157 1.365506 1.343008
v 0.289713 1.365217 1.328535
v 0.295169 1.364919 1.313613
v 0.299494 1.364612 1.298324
v 0.302664 1.364300 1.282756
v 0.304662 1.363983 1.266994
v 0.106288 1.370958 1.465860
v 0.122525 1.370931 1.464258
v 0.138597 1.370880 1.461448
v 0.154415 1.370805 1.457444
v 0.169888 1.370707 1.452270
v 0.184932 1.370585 1.445954
v 0.199462 1.370440 1.438532
v 0.213396 1.370274 1.430044
v 0.226657 1.370088 1.420540
v 0.239171 1.369881 1.410071
v 0.250867 1.369656 1.398697
v 0.261680 1.369414 1.386481
v 0.271550 1.369156 1.373491
v 0.280421 1.368883 1.359799
v 0.288244 1.368598 1.345484
v 0.294975 1.368301 1.330624
v 0.300577 1.367994 1.315302
v 0.305018 1.367680 1.299605
v 0.308273 1.367359 1.283620
v 0.310324 1.367034 1.267436
v 0.106663 1.372953 1.471979
v 0.123359 1.372926 1.470332
v 0.139886 1.372873 1.467442
v 0.156151 1.372796 1.463325
v 0.172062 1.372695 1.458004
v 0.187531 1.372569 1.451510
v 0.202472 1.372421 1.443878
v 0.216800 1.372250 1.435151
v 0.230436 1.372058 1.425377
v 0.243303 1.371846 1.414613
v 0.255330 1.371615 1.402917
v 0.266449 1.371366 1.390355
v 0.276598 1.371100 1.376998
v 0.285720 1.370820 1.362919
v 0.293764 1.370526 1.348199
v 0.300686 1.370221 1.332919
v 0.306446 1.369906 1.317164
v 0.311012 1.369582 1.301023
v 0.314359 1.369252 1.284586
v 0.316468 1.368918 1.267944
v 0.107053 1.373714 1.478369
v 0.124227 1.373686 1.476675
v 0.141227 1.373632 1.473702
v 0.157956 1.373553 1.469467
v 0.174323 1.373448 1.463995
v 0.190234 1.373319 1.457314
v 0.205602 1.373167 1.449464
v 0.220340 1.372991 1.440488
v 0.234366 1.372794 1.430435
v 0.247601 1.372575 1.419362
v 0.259972 1.372337 1.407332
v 0.271409 1.372081 1.394411
v 0.281848 1.371808 1.380671
v 0.291231 1.371520 1.366191
v 0.299505 1.371218 1.351049
v 0.306625 1.370904 1.335332
v 0.312550 1.370579 1.319126
v 0.317246 1.370247 1.302524
v 0.320689 1.369907 1.285617
v 0.322859 1.369563 1.268499
v 0.107444 1.373211 1.484784
v 0.125096 1.373182 1.483043
v 0.142568 1.373127 1.479988
v 0.159763 1.373045 1.475635
v 0.176584 1.372938 1.470011
v 0.192938 1.372806 1.463144
v 0.208733 1.372649 1.455076
v 0.223881 1.372468 1.445850
v 0.238297 1.372265 1.435517
v 0.251900 1.372041 1.424137
v 0.264615 1.371796 1.411772
v 0.276370 1.371533 1.398492
v 0.287099 1.371253 1.384371
v 0.296743 1.370956 1.369487
v 0.305247 1.370646 1.353925
v 0.312564 1.370323 1.337770
v 0.318654 1.369990 1.321114
v 0.323481 1.369648 1.304050
v 0.327020 1.369299 1.286673
v 0.329250 1.368945 1.269080
v 0.107821 1.371464 1.490979
v 0.125932 1.371435 1.489192
v 0.143858 1.371378 1.486057
v 0.161500 1.371294 1.481592
v 0.178759 1.371184 1.475820
v 0.195538 1.371048 1.468776
v 0.211744 1.370887 1.460497
v 0.227286 1.370702 1.451031
v 0.242077 1.370494 1.440431
v 0.256034 1.370264 1.428754
v 0.269079 1.370013 1.416068
v 0.281140 1.369743 1.402442
v 0.292148 1.369455 1.387953
v 0.302043 1.369151 1.372682
v 0.310769 1.368832 1.356715
v 0.318276 1.368501 1.340141
v 0.324524 1.368159 1.323052
v 0.329477 1.367808 1.305544
v 0.333108 1.367450 1.287714
v 0.335396 1.367087 1.269664
v 0.108168 1.368540 1.496714
v 0.126702 1.368510 1.494886
v 0.145047 1.368452 1.491677
v 0.163102 1.368366 1.487108
v 0.180764 1.368253 1.481202
v 0.197935 1.368114 1.473992
v 0.214520 1.367950 1.465521
v 0.230425 1.367760 1.455833
v 0.245561 1.367547 1.444985
v 0.259844 1.367311 1.433035
v 0.273194 1.367055 1.420052
v 0.285537 1.366778 1.406108
v 0.296802 1.366484 1.391281
v 0.306928 1.366172 1.375654
v 0.315858 1.365846 1.359314
v 0.323541 1.365508 1.342352
v 0.329935 1.365158 1.324863
v 0.335003 1.364799 1.306946
v 0.338719 1.364432 1.288700
v 0.341060 1.364061 1.270228
v 0.108473 1.364551 1.501770
v 0.127378 1.364521 1.499905
v 0.146090 1.364461 1.496632
v 0.164506 1.364374 1.491971
v 0.182522 1.364259 1.485947
v 0.200037 1.364117 1.478593
v 0.216953 1.363949 1.469952
v 0.233176 1.363756 1.460070
v 0.248615 1.363538 1.449005
v 0.263184 1.363298 1.436817
v 0.276802 1.363036 1.423574
v 0.289391 1.362754 1.409351
v 0.300882 1.362454 1.394227
v 0.311211 1.362136 1.378287
v 0.320319 1.361804 1.361620
v 0.328156 1.361458 1.344319
v 0.334677 1.361101 1.326480
v 0.339848 1.360735 1.308205
v 0.343637 1.360361 1.289594
v 0.346026 1.359983 1.270752
v 0.108724 1.359651 1.505952
v 0.127933 1.359620 1.504057
v 0.146947 1.359560 1.500731
v 0.165659 1.359471 1.495995
v 0.183965 1.359354 1.489874
v 0.201762 1.359210 1.482402
v 0.218951 1.359039 1.473621
v 0.235435 1.358843 1.463581
v 0.251123 1.358622 1.452337
v 0.265926 1.358378 1.439953
v 0.279763 1.358112 1.426497
v 0.292555 1.357825 1.412045
v 0.304231 1.357520 1.396678
v 0.314726 1.357197 1.380481
v 0.323980 1.356859 1.363545
v 0.331944 1.356508 1.345965
v 0.338570 1.356145 1.327840
v 0.343824 1.355773 1.309270
v 0.347675 1.355394 1.290359
v 0.350101 1.355009 1.271214
v 0.108911 1.354028 1.509099
v 0.128347 1.353996 1.507181
v 0.147584 1.353935 1.503817
v 0.166517 1.353845 1.499025
v 0.185038 1.353727 1.492832
v 0.203044 1.353581 1.485272
v 0.220435 1.353408 1.476388
v 0.237114 1.353210 1.466230
v 0.252986 1.352986 1.454853
v 0.267964 1.352739 1.442323
v 0.281964 1.352470 1.428709
v 0.294906 1.352180 1.414086
v 0.306720 1.351871 1.398538
v 0.317338 1.351545 1.382151
v 0.326702 1.351203 1.365016
v 0.334759 1.350848 1.347229
v 0.341464 1.350481 1.328890
v 0.346779 1.350104 1.310101
v 0.350675 1.349720 1.290968
v 0.353130 1.349331 1.271598
v 0.109028 1.347897 1.511091
v 0.128602 1.347865 1.509160
v 0.147977 1.347804 1.505771
v 0.167046 1.347713 1.500945
v 0.185699 1.347594 1.494707
v 0.203835 1.347448 1.487093
v 0.221351 1.347274 1.478145
v 0.238149 1.347074 1.467914
v 0.254135 1.346848 1.456457
v 0.269220 1.346600 1.443836
v 0.283320 1.346328 1.430124
v 0.296355 1.346036 1.415398
v 0.308254 1.345725 1.399738
v 0.318948 1.345397 1.383233
v 0.328379 1.345052 1.365975
v 0.336494 1.344694 1.348061
v 0.343246 1.344325 1.329590
v 0.348600 1.343946 1.310667
v 0.352524 1.343559 1.291397
v 0.354997 1.343167 1.271887
v 0.109068 1.341495 1.511850
v 0.128690 1.341463 1.509915
v 0.148112 1.341402 1.506518
v 0.167226 1.341311 1.501680
v 0.185924 1.341192 1.495427
v 0.204104 1.341045 1.487795
v 0.221661 1.340870 1.478826
v 0.238500 1.340670 1.468570
v 0.254524 1.340444 1.457085
v 0.269646 1.340194 1.444435
v 0.283780 1.339923 1.430690
v 0.296846 1.339630 1.415927
v 0.308773 1.339318 1.400230
v 0.319493 1.338989 1.383685
v 0.328947 1.338644 1.366386
v 0.337081 1.338285 1.348429
v 0.343850 1.337914 1.329914
v 0.349216 1.337534 1.310945
v 0.353150 1.337146 1.291629
v 0.355628 1.336753 1.272072
v 0.109032 1.335068 1.511349
v 0.128607 1.335036 1.509418
v 0.147982 1.334975 1.506030
v 0.167050 1.334884 1.501203
v 0.185704 1.334765 1.494965
v 0.203840 1.334618 1.487352
v 0.221355 1.334444 1.478404
v 0.238153 1.334244 1.468173
v 0.254140 1.334019 1.456715
v 0.269225 1.333770 1.444095
v 0.283325 1.333499 1.430383
v 0.296360 1.333207 1.415656
v 0.308258 1.332896 1.399996
v 0.318953 1.332567 1.383491
v 0.328384 1.332223 1.366233
v 0.336498 1.331865 1.348319
v 0.343251 1.331496 1.329849
v 0.348604 1.331116 1.310926
v 0.352528 1.330729 1.291655
v 0.355001 1.330338 1.272146
v 0.108920 1.328862 1.509606
v 0.128355 1.328830 1.507688
v 0.147593 1.328770 1.504324
v 0.166525 1.328680 1.499532
v 0.185047 1.328562 1.493339
v 0.203053 1.328416 1.485779
v 0.220444 1.328243 1.476895
v 0.237123 1.328044 1.466736
v 0.252995 1.327821 1.455360
v 0.267973 1.327574 1.442830
v 0.281973 1.327305 1.429216
v 0.294915 1.327015 1.414593
v 0.306729 1.326706 1.399045
v 0.317347 1.326379 1.382658
v 0.326711 1.326038 1.365523
v 0.334768 1.325682 1.347736
v 0.341473 1.325315 1.329397
v 0.346788 1.324939 1.310608
v 0.350684 1.324555 1.291475
v 0.353139 1.324165 1.272104
v 0.108737 1.323117 1.506688
v 0.127946 1.323085 1.504792
v 0.146960 1.323025 1.501467
v 0.165672 1.322936 1.496731
v 0.183978 1.322819 1.490610
v 0.201775 1.322675 1.483138
v 0.218964 1.322505 1.474357
v 0.235448 1.322308 1.464317
v 0.251136 1.322087 1.453073
v 0.265939 1.321843 1.440689
v 0.279776 1.321577 1.427233
v 0.292568 1.321290 1.412781
v 0.304244 1.320985 1.397413
v 0.314739 1.320662 1.381217
v 0.323993 1.320325 1.364281
v 0.331957 1.319973 1.346701
v 0.338583 1.319611 1.328576
v 0.343837 1.319239 1.310006
v 0.347688 1.318859 1.291095
v 0.350114 1.318474 1.271950
v 0.108490 1.318052 1.502706
v 0.127395 1.318021 1.500841
v 0.146107 1.317962 1.497569
v 0.164523 1.317874 1.492907
v 0.182538 1.317759 1.486883
v 0.200053 1.317617 1.479530
v 0.216969 1.317449 1.470888
v 0.233193 1.317256 1.461007
v 0.248632 1.317039 1.449942
v 0.263201 1.316798 1.437754
v 0.276818 1.316536 1.424511
v 0.289408 1.316254 1.410288
v 0.300899 1.315954 1.395164
v 0.311227 1.315637 1.379224
v 0.320335 1.315304 1.362556
v 0.328172 1.314958 1.345255
v 0.334694 1.314601 1.327417
v 0.339864 1.314235 1.309141
v 0.343654 1.313862 1.290530
v 0.346042 1.313483 1.271688
v 0.108188 1.313862 1.497815
v 0.126722 1.313832 1.495987
v 0.145067 1.313774 1.492779
v 0.163121 1.313688 1.488209
v 0.180783 1.313576 1.482303
v 0.197955 1.313437 1.475094
v 0.214539 1.313272 1.466622
v 0.230444 1.313082 1.456935
v 0.245580 1.312869 1.446086
v 0.259864 1.312634 1.434137
v 0.273214 1.312377 1.421154
v 0.285556 1.312100 1.407210
v 0.296822 1.311806 1.392383
v 0.306947 1.311495 1.376755
v 0.315877 1.311169 1.360415
v 0.323560 1.310830 1.343453
v 0.329954 1.310480 1.325965
v 0.335023 1.310121 1.308048
v 0.338738 1.309754 1.289802
v 0.341079 1.309383 1.271330
v 0.107842 1.310709 1.492203
v 0.125953 1.310680 1.490416
v 0.143880 1.310623 1.487281
v 0.161522 1.310539 1.482815
v 0.178781 1.310429 1.477044
v 0.195560 1.310293 1.470000
v 0.211766 1.310133 1.461721
v 0.227308 1.309947 1.452255
v 0.242098 1.309739 1.441654
v 0.256055 1.309509 1.429978
v 0.269101 1.309258 1.417291
v 0.281161 1.308988 1.403665
v 0.292170 1.308700 1.389177
v 0.302064 1.308396 1.373906
v 0.310790 1.308077 1.357939
v 0.318298 1.307746 1.341365
v 0.324546 1.307404 1.324275
v 0.329499 1.307053 1.306767
v 0.333129 1.306695 1.288938
v 0.335417 1.306333 1.270887
v 0.107467 1.308714 1.486084
v 0.125119 1.308686 1.484342
v 0.142591 1.308630 1.481287
v 0.159786 1.308549 1.476934
v 0.176607 1.308441 1.471310
v 0.192961 1.308309 1.464444
v 0.208756 1.308152 1.456375
v 0.223904 1.307971 1.447149
v 0.238320 1.307768 1.436817
v 0.251923 1.307544 1.425436
v 0.264638 1.307299 1.413072
v 0.276392 1.307036 1.399791
v 0.287122 1.306756 1.385670
v 0.296765 1.306459 1.370786
v 0.305270 1.306149 1.355224
v 0.312587 1.305826 1.339069
v 0.318677 1.305493 1.322414
v 0.323504 1.305151 1.305349
v 0.327043 1.304802 1.287972
v 0.329273 1.304448 1.270379
v 0.107077 1.307953 1.479694
v 0.124251 1.307925 1.477999
v 0.141250 1.307872 1.475026
v 0.157980 1.307792 1.470792
v 0.174346 1.307688 1.465319
v 0.190258 1.307559 1.458639
v 0.205626 1.307406 1.450789
v 0.220364 1.307231 1.441812
v 0.234390 1.307033 1.431759
v 0.247625 1.306815 1.420687
v 0.259995 1.306577 1.408656
v 0.271432 1.306321 1.395735
v 0.281871 1.306048 1.381996
v 0.291254 1.305759 1.367515
v 0.299529 1.305457 1.352374
v 0.306648 1.305143 1.336656
v 0.312573 1.304819 1.320451
v 0.317270 1.304486 1.303848
v 0.320713 1.304147 1.286941
v 0.322882 1.303803 1.269824
v 0.106686 1.308456 1.473278
v 0.123382 1.308429 1.471631
v 0.139909 1.308377 1.468741
v 0.156174 1.308299 1.464624
v 0.172085 1.308198 1.459303
v 0.187554 1.308073 1.452809
v 0.202495 1.307924 1.445177
v 0.216823 1.307753 1.436450
v 0.230459 1.307561 1.426677
v 0.243326 1.307349 1.415912
v 0.255353 1.307118 1.404216
v 0.266472 1.306869 1.391654
v 0.276621 1.306603 1.378297
v 0.285743 1.306323 1.364219
v 0.293787 1.306029 1.349498
v 0.300709 1.305724 1.334218
v 0.306469 1.305409 1.318463
v 0.311035 1.305085 1.302322
v 0.314382 1.304755 1.285885
v 0.316491 1.304421 1.269243
v 0.106309 1.310203 1.467084
v 0.122547 1.310177 1.465482
v 0.138619 1.310126 1.462671
v 0.154436 1.310051 1.458668
v 0.169910 1.309952 1.453493
v 0.184954 1.309830 1.447178
v 0.199484 1.309686 1.439755
v 0.213418 1.309520 1.431268
v 0.226679 1.309333 1.421764
v 0.239192 1.309127 1.411295
v 0.250888 1.308902 1.399921
v 0.261701 1.308659 1.387704
v 0.271571 1.308401 1.374714
v 0.280442 1.308129 1.361023
v 0.288266 1.307843 1.346707
v 0.294997 1.307546 1.331847
v 0.300598 1.307240 1.316526
v 0.305039 1.306925 1.300829
v 0.308294 1.306604 1.284843
v 0.310345 1.306279 1.268660
v 0.105962 1.313127 1.461349
v 0.121776 1.313101 1.459788
v 0.137429 1.313052 1.457051
v 0.152835 1.312979 1.453152
v 0.167905 1.312882 1.448112
v 0.182557 1.312764 1.441961
v 0.196708 1.312623 1.434732
v 0.210279 1.312462 1.426466
v 0.223194 1.312280 1.417210
v 0.235382 1.312079 1.407014
v 0.246773 1.311860 1.395936
v 0.257305 1.311624 1.384038
v 0.266917 1.311372 1.371386
v 0.275557 1.311107 1.358052
v 0.283176 1.310829 1.344109
v 0.289732 1.310539 1.329636
v 0.295188 1.310241 1.314714
v 0.299513 1.309934 1.299426
v 0.302683 1.309622 1.283857
v 0.304681 1.309305 1.268095
v 0.105657 1.317116 1.456293
v 0.121100 1.317091 1.454769
v 0.136387 1.317042 1.452096
v 0.151430 1.316971 1.448288
v 0.166147 1.316877 1.443367
v 0.180456 1.316761 1.437360
v 0.194275 1.316624 1.430301
v 0.207528 1.316466 1.422229
v 0.220140 1.316288 1.413189
v 0.232042 1.316092 1.403232
v 0.243166 1.315878 1.392414
v 0.253450 1.315648 1.380795
v 0.262837 1.315402 1.368441
v 0.271275 1.315143 1.355419
v 0.278715 1.314871 1.341803
v 0.285117 1.314589 1.327670
v 0.290445 1.314297 1.313097
v 0.294669 1.313998 1.298168
v 0.297765 1.313693 1.282964
v 0.299715 1.313384 1.267572
v 0.105406 1.322016 1.452111
v 0.120545 1.321991 1.450618
v 0.135530 1.321944 1.447997
v 0.150277 1.321874 1.444264
v 0.164704 1.321782 1.439440
v 0.178730 1.321668 1.433551
v 0.192277 1.321534 1.426631
v 0.205269 1.321379 1.418718
v 0.217633 1.321205 1.409857
v 0.229300 1.321012 1.400096
v 0.240205 1.320803 1.389491
v 0.250286 1.320577 1.378101
v 0.259489 1.320336 1.365990
v 0.267760 1.320082 1.353225
v 0.275054 1.319816 1.339878
v 0.281329 1.319539 1.326023
v 0.286552 1.319253 1.311738
v 0.290693 1.318960 1.297102
v 0.293728 1.318661 1.282198
v 0.295640 1.318357 1.267110
v 0.105219 1.327640 1.448964
v 0.120131 1.327615 1.447492
v 0.134893 1.327569 1.444911
v 0.149420 1.327500 1.441234
v 0.163631 1.327409 1.436482
v 0.177448 1.327297 1.430681
v 0.190792 1.327164 1.423864
v 0.203590 1.327012 1.416070
v 0.215769 1.326840 1.407341
v 0.227262 1.326651 1.397726
v 0.238004 1.326444 1.387280
v 0.247935 1.326222 1.376060
v 0.256999 1.325985 1.364129
v 0.265147 1.325734 1.351555
v 0.272332 1.325472 1.338407
v 0.278514 1.325199 1.324759
v 0.283659 1.324918 1.310687
v 0.287737 1.324629 1.296271
v 0.290727 1.324334 1.281589
v 0.292611 1.324036 1.266726
v 0.105102 1.333770 1.446972
v 0.119876 1.333746 1.445515
v 0.134499 1.333700 1.442957
v 0.148891 1.333631 1.439314
v 0.162970 1.333542 1.434607
v 0.176657 1.333431 1.428860
v 0.189877 1.333299 1.422107
v 0.202555 1.333148 1.414385
v 0.214620 1.332978 1.405738
v 0.226006 1.332791 1.396213
v 0.236647 1.332586 1.385864
v 0.246486 1.332366 1.374749
v 0.255466 1.332131 1.362930
v 0.263537 1.331883 1.350473
v 0.270655 1.331623 1.337448
v 0.276779 1.331353 1.323927
v 0.281876 1.331074 1.309987
v 0.285917 1.330787 1.295705
v 0.288878 1.330496 1.281161
v 0.290744 1.330200 1.266436
v 0.339191 1.307488 1.252725
v 0.089609 1.312288 1.495443
v 0.338248 1.307858 1.271109
v 0.335934 1.308225 1.289370
v 0.332261 1.308587 1.307407
v 0.327250 1.308942 1.325120
v 0.320929 1.309288 1.342409
v 0.313334 1.309623 1.359177
v 0.304506 1.309945 1.375331
v 0.294496 1.310253 1.390780
v 0.283359 1.310544 1.405438
v 0.271157 1.310817 1.419223
v 0.257960 1.311071 1.432057
v 0.243839 1.311304 1.443870
v 0.228876 1.311515 1.454595
v 0.213153 1.311702 1.464171
v 0.196757 1.311865 1.472547
v 0.179782 1.312003 1.479674
v 0.162321 1.312114 1.485512
v 0.144473 1.312199 1.490030
v 0.126337 1.312256 1.493201
v 0.108015 1.312286 1.495009
v 0.097665 1.340173 1.446386
v 0.097677 1.346600 1.446889
v 0.097719 1.352806 1.448634
v 0.097789 1.358552 1.451554
v 0.097883 1.363616 1.455539
v 0.097999 1.367806 1.460435
v 0.098132 1.370959 1.466052
v 0.098276 1.372954 1.472177
v 0.098427 1.373715 1.478572
v 0.098578 1.373212 1.484994
v 0.098724 1.371465 1.491193
v 0.098859 1.368541 1.496934
v 0.098978 1.364552 1.501994
v 0.099076 1.359652 1.506179
v 0.099149 1.354029 1.509329
v 0.099195 1.347898 1.511322
v 0.099213 1.341497 1.512083
v 0.099200 1.335069 1.511581
v 0.099158 1.328863 1.509836
v 0.099089 1.323118 1.506915
v 0.098994 1.318053 1.502930
v 0.098878 1.313864 1.498035
v 0.098746 1.310711 1.492417
v 0.098601 1.308715 1.486292
v 0.098450 1.307954 1.479897
v 0.098299 1.308457 1.473476
v 0.098153 1.310204 1.467276
v 0.098018 1.313128 1.461536
v 0.097900 1.317117 1.456476
v 0.097802 1.322017 1.452290
v 0.097728 1.327641 1.449140
v 0.097682 1.333771 1.447147
v 0.098812 1.312287 1.495226
v 0.093966 1.340173 1.446474
v 0.093967 1.346601 1.446976
v 0.093974 1.352806 1.448722
v 0.093987 1.358552 1.451644
v 0.094005 1.363617 1.455631
v 0.094027 1.367806 1.460528
v 0.094054 1.370959 1.466148
v 0.094083 1.372954 1.472276
v 0.094114 1.373715 1.478674
v 0.094145 1.373213 1.485098
v 0.094176 1.371466 1.491300
v 0.094204 1.368542 1.497043
v 0.094230 1.364553 1.502105
v 0.094252 1.359653 1.506292
v 0.094268 1.354029 1.509444
v 0.094280 1.347899 1.511438
v 0.094285 1.341497 1.512199
v 0.094284 1.335070 1.511697
v 0.094277 1.328864 1.509951
v 0.094264 1.323118 1.507028
v 0.094246 1.318053 1.503042
v 0.094224 1.313864 1.498144
v 0.094197 1.310711 1.492524
v 0.094168 1.308716 1.486397
v 0.094137 1.307955 1.479998
v 0.094106 1.308458 1.473575
v 0.094075 1.310205 1.467372
v 0.094047 1.313128 1.461630
v 0.094021 1.317117 1.456567
v 0.094000 1.322017 1.452380
v 0.093983 1.327641 1.449229
v 0.093971 1.333771 1.447234
v 0.094211 1.312288 1.495334
v 0.092117 1.340173 1.446517
v 0.092112 1.346601 1.447019
v 0.092101 1.352807 1.448766
v 0.092085 1.358552 1.451689
v 0.092065 1.363617 1.455676
v 0.092041 1.367807 1.460575
v 0.092015 1.370960 1.466197
v 0.091986 1.372955 1.472325
v 0.091957 1.373716 1.478725
v 0.091928 1.373213 1.485150
v 0.091901 1.371466 1.491354
v 0.091877 1.368542 1.497098
v 0.091856 1.364553 1.502161
v 0.091839 1.359653 1.506349
v 0.091828 1.354030 1.509501
v 0.091821 1.347899 1.511496
v 0.091821 1.341497 1.512257
v 0.091826 1.335070 1.511755
v 0.091837 1.328864 1.510008
v 0.091852 1.323119 1.507085
v 0.091872 1.318054 1.503098
v 0.091896 1.313864 1.498199
v 0.091923 1.310711 1.492577
v 0.091951 1.308716 1.486449
v 0.091981 1.307955 1.480049
v 0.092009 1.308458 1.473624
v 0.092036 1.310205 1.467420
v 0.092061 1.313129 1.461676
v 0.092082 1.317117 1.456613
v 0.092098 1.322018 1.452425
v 0.092110 1.327641 1.449273
v 0.092116 1.333772 1.447278
v 0.091910 1.312288 1.495388
v 0.294888 1.351743 1.251220
v 0.090206 1.355680 1.450272
v 0.294114 1.352046 1.266297
v 0.292216 1.352347 1.281273
v 0.289204 1.352644 1.296065
v 0.285095 1.352935 1.310591
v 0.279911 1.353219 1.324770
v 0.273682 1.353494 1.338521
v 0.266442 1.353758 1.351769
v 0.258233 1.354010 1.364438
v 0.249100 1.354249 1.376459
v 0.239093 1.354474 1.387764
v 0.228270 1.354682 1.398290
v 0.216690 1.354873 1.407977
v 0.204419 1.355046 1.416773
v 0.191524 1.355199 1.424626
v 0.178078 1.355333 1.431495
v 0.164157 1.355445 1.437340
v 0.149837 1.355537 1.442128
v 0.135200 1.355606 1.445833
v 0.120327 1.355653 1.448434
v 0.105301 1.355678 1.449916
v 0.097754 1.355679 1.450094
v 0.093980 1.355679 1.450183
v 0.092093 1.355680 1.450227
v 0.344506 1.361644 1.251708
v 0.089516 1.366548 1.499685
v 0.343543 1.362022 1.270490
v 0.341178 1.362397 1.289147
v 0.337425 1.362767 1.307575
v 0.332306 1.363129 1.325672
v 0.325848 1.363483 1.343335
v 0.318088 1.363825 1.360467
v 0.309069 1.364154 1.376970
v 0.298842 1.364469 1.392754
v 0.287464 1.364766 1.407730
v 0.274998 1.365045 1.421813
v 0.261514 1.365305 1.434926
v 0.247088 1.365543 1.446995
v 0.231800 1.365758 1.457952
v 0.215736 1.365949 1.467736
v 0.198986 1.366116 1.476293
v 0.181643 1.366256 1.483574
v 0.163804 1.366370 1.489539
v 0.145569 1.366457 1.494155
v 0.127040 1.366515 1.497395
v 0.108321 1.366546 1.499242
v 0.098918 1.366547 1.499463
v 0.094217 1.366548 1.499574
v 0.091866 1.366548 1.499630
v -0.039156 1.345841 1.448197
v -0.234279 1.341733 1.247636
v -0.039167 1.352269 1.448699
v -0.234913 1.348147 1.247498
v -0.039195 1.358475 1.450446
v -0.236786 1.354314 1.247348
v -0.039239 1.364220 1.453369
v -0.239827 1.359996 1.247191
v -0.039297 1.369285 1.457358
v -0.243919 1.364976 1.247034
v -0.039368 1.373475 1.462258
v -0.248903 1.369062 1.246883
v -0.039447 1.376627 1.467880
v -0.254589 1.372097 1.246743
v -0.039533 1.378623 1.474010
v -0.260759 1.373964 1.246620
v -0.039622 1.379384 1.480411
v -0.267174 1.374592 1.246518
v -0.039711 1.378881 1.486838
v -0.273590 1.373956 1.246442
v -0.039796 1.377134 1.493044
v -0.279757 1.372081 1.246395
v -0.039874 1.374210 1.498789
v -0.285442 1.369039 1.246377
v -0.039941 1.370221 1.503853
v -0.290423 1.364947 1.246391
v -0.039996 1.365321 1.508042
v -0.294511 1.359962 1.246434
v -0.040036 1.359698 1.511195
v -0.297548 1.354275 1.246507
v -0.040060 1.353567 1.513190
v -0.299417 1.348106 1.246605
v -0.040066 1.347166 1.513951
v -0.300047 1.341691 1.246726
v -0.040055 1.340738 1.513449
v -0.299412 1.335277 1.246864
v -0.040027 1.334532 1.511702
v -0.297539 1.329110 1.247014
v -0.039983 1.328787 1.508778
v -0.294498 1.323427 1.247170
v -0.039925 1.323722 1.504790
v -0.290407 1.318447 1.247327
v -0.039854 1.319532 1.499890
v -0.285422 1.314361 1.247478
v -0.039774 1.316380 1.494267
v -0.279736 1.311327 1.247618
v -0.039688 1.314384 1.488137
v -0.273567 1.309459 1.247742
v -0.039599 1.313623 1.481736
v -0.267151 1.308831 1.247843
v -0.039511 1.314126 1.475309
v -0.260736 1.309467 1.247919
v -0.039426 1.315873 1.469104
v -0.254568 1.311342 1.247967
v -0.039348 1.318797 1.463359
v -0.248884 1.314384 1.247984
v -0.039281 1.322786 1.458295
v -0.243902 1.318477 1.247971
v -0.039226 1.327686 1.454105
v -0.239814 1.323462 1.247927
v -0.039186 1.333309 1.450953
v -0.236778 1.329148 1.247854
v -0.039162 1.339440 1.448958
v -0.234909 1.335318 1.247756
v -0.053934 1.345821 1.447439
v -0.068615 1.345778 1.445579
v -0.083116 1.345714 1.442628
v -0.097355 1.345628 1.438601
v -0.111254 1.345520 1.433522
v -0.124734 1.345393 1.427418
v -0.137720 1.345245 1.420324
v -0.150140 1.345079 1.412280
v -0.161924 1.344894 1.403331
v -0.173005 1.344693 1.393526
v -0.183324 1.344476 1.382920
v -0.192820 1.344244 1.371574
v -0.201442 1.343998 1.359549
v -0.209140 1.343741 1.346914
v -0.215873 1.343473 1.333739
v -0.221603 1.343197 1.320098
v -0.226296 1.342912 1.306067
v -0.229928 1.342622 1.291724
v -0.232477 1.342328 1.277150
v -0.233931 1.342031 1.262427
v -0.234564 1.348446 1.262336
v -0.233106 1.348744 1.277106
v -0.230548 1.349039 1.291727
v -0.226905 1.349330 1.306115
v -0.222196 1.349616 1.320191
v -0.216449 1.349893 1.333876
v -0.209694 1.350162 1.347093
v -0.201971 1.350420 1.359769
v -0.193322 1.350666 1.371832
v -0.183795 1.350899 1.383215
v -0.173444 1.351116 1.393854
v -0.162327 1.351319 1.403690
v -0.150505 1.351504 1.412668
v -0.138046 1.351671 1.420738
v -0.125018 1.351819 1.427854
v -0.111495 1.351947 1.433977
v -0.097552 1.352054 1.439073
v -0.083267 1.352141 1.443112
v -0.068720 1.352205 1.446073
v -0.053992 1.352248 1.447939
v -0.236434 1.354616 1.262326
v -0.234962 1.354916 1.277236
v -0.232380 1.355215 1.291994
v -0.228703 1.355508 1.306518
v -0.223950 1.355796 1.320726
v -0.218148 1.356076 1.334540
v -0.211330 1.356348 1.347882
v -0.203534 1.356608 1.360677
v -0.194803 1.356857 1.372854
v -0.185186 1.357091 1.384344
v -0.174738 1.357311 1.395083
v -0.163516 1.357515 1.405012
v -0.151583 1.357702 1.414075
v -0.139006 1.357871 1.422221
v -0.125856 1.358020 1.429405
v -0.112205 1.358149 1.435585
v -0.098130 1.358258 1.440729
v -0.083711 1.358345 1.444806
v -0.069027 1.358411 1.447795
v -0.054160 1.358454 1.449679
v -0.239469 1.360303 1.262396
v -0.237975 1.360608 1.277532
v -0.235354 1.360911 1.292514
v -0.231621 1.361209 1.307259
v -0.226796 1.361501 1.321683
v -0.220906 1.361786 1.335706
v -0.213985 1.362061 1.349250
v -0.206070 1.362326 1.362239
v -0.197207 1.362578 1.374600
v -0.187444 1.362816 1.386265
v -0.176838 1.363039 1.397168
v -0.165445 1.363247 1.407247
v -0.153332 1.363436 1.416447
v -0.140564 1.363607 1.424717
v -0.127214 1.363759 1.432009
v -0.113356 1.363890 1.438284
v -0.099068 1.364000 1.443505
v -0.084430 1.364089 1.447645
v -0.069523 1.364155 1.450679
v -0.054431 1.364199 1.452591
v -0.243553 1.365289 1.262545
v -0.242029 1.365600 1.277985
v -0.239356 1.365909 1.293269
v -0.235547 1.366214 1.308309
v -0.230625 1.366512 1.323023
v -0.224617 1.366802 1.337329
v -0.217556 1.367083 1.351145
v -0.209483 1.367352 1.364395
v -0.200441 1.367610 1.377005
v -0.190483 1.367853 1.388904
v -0.179662 1.368081 1.400026
v -0.168041 1.368292 1.410308
v -0.155684 1.368485 1.419693
v -0.142660 1.368660 1.428129
v -0.129041 1.368814 1.435568
v -0.114905 1.368948 1.441969
v -0.100330 1.369061 1.447295
v -0.085397 1.369151 1.451518
v -0.070191 1.369219 1.454613
v -0.054795 1.369264 1.456563
v -0.248529 1.369382 1.262766
v -0.246969 1.369701 1.278577
v -0.244231 1.370018 1.294228
v -0.240331 1.370329 1.309630
v -0.235291 1.370634 1.324697
v -0.229138 1.370932 1.339346
v -0.221908 1.371219 1.353494
v -0.213640 1.371495 1.367062
v -0.204382 1.371759 1.379975
v -0.194184 1.372008 1.392160
v -0.183104 1.372241 1.403549
v -0.171204 1.372457 1.414078
v -0.158549 1.372655 1.423689
v -0.145212 1.372834 1.432327
v -0.131267 1.372993 1.439944
v -0.116791 1.373130 1.446499
v -0.101866 1.373245 1.451953
v -0.086575 1.373337 1.456277
v -0.071003 1.373407 1.459447
v -0.055238 1.373453 1.461444
v -0.254205 1.372426 1.263051
v -0.252603 1.372753 1.279286
v -0.249792 1.373078 1.295355
v -0.245787 1.373398 1.311169
v -0.240612 1.373711 1.326639
v -0.234295 1.374017 1.341680
v -0.226872 1.374312 1.356207
v -0.218383 1.374595 1.370138
v -0.208877 1.374866 1.383396
v -0.198406 1.375121 1.395907
v -0.187030 1.375361 1.407601
v -0.174811 1.375583 1.418412
v -0.161818 1.375787 1.428279
v -0.148124 1.375970 1.437149
v -0.133806 1.376133 1.444970
v -0.118942 1.376273 1.451700
v -0.103618 1.376392 1.457300
v -0.087917 1.376487 1.461740
v -0.071929 1.376558 1.464994
v -0.055742 1.376605 1.467045
v -0.260364 1.374302 1.263389
v -0.258716 1.374639 1.280083
v -0.255826 1.374973 1.296606
v -0.251708 1.375302 1.312867
v -0.246387 1.375624 1.328775
v -0.239891 1.375938 1.344241
v -0.232257 1.376241 1.359179
v -0.223529 1.376533 1.373504
v -0.213754 1.376811 1.387137
v -0.202987 1.377074 1.400002
v -0.191289 1.377321 1.412026
v -0.178724 1.377549 1.423143
v -0.165364 1.377758 1.433289
v -0.151283 1.377947 1.442410
v -0.136560 1.378114 1.450452
v -0.121276 1.378259 1.457372
v -0.105518 1.378380 1.463131
v -0.089374 1.378478 1.467696
v -0.072934 1.378551 1.471043
v -0.056289 1.378600 1.473151
v -0.266768 1.374940 1.263768
v -0.265073 1.375286 1.280938
v -0.262100 1.375629 1.297934
v -0.257865 1.375968 1.314660
v -0.252391 1.376299 1.331023
v -0.245710 1.376622 1.346932
v -0.237858 1.376934 1.362296
v -0.228880 1.377234 1.377031
v -0.218825 1.377520 1.391054
v -0.207750 1.377791 1.404287
v -0.195718 1.378044 1.416655
v -0.182794 1.378279 1.428089
v -0.169052 1.378494 1.438526
v -0.154568 1.378688 1.447907
v -0.139423 1.378860 1.456180
v -0.123703 1.379009 1.463298
v -0.107494 1.379134 1.469221
v -0.090889 1.379235 1.473917
v -0.073978 1.379310 1.477359
v -0.056857 1.379360 1.479528
v -0.273172 1.374313 1.264171
v -0.271430 1.374670 1.281819
v -0.268374 1.375022 1.299288
v -0.264021 1.375370 1.316479
v -0.258395 1.375711 1.333297
v -0.251528 1.376043 1.349647
v -0.243458 1.376364 1.365439
v -0.234230 1.376672 1.380584
v -0.223896 1.376966 1.394997
v -0.212513 1.377244 1.408597
v -0.200146 1.377504 1.421309
v -0.186863 1.377746 1.433061
v -0.172739 1.377967 1.443788
v -0.157852 1.378166 1.453430
v -0.142287 1.378343 1.461933
v -0.126129 1.378496 1.469249
v -0.109470 1.378625 1.475337
v -0.092402 1.378728 1.480163
v -0.075022 1.378805 1.483701
v -0.057425 1.378857 1.485930
v -0.279329 1.372448 1.264584
v -0.277542 1.372813 1.282692
v -0.274407 1.373175 1.300614
v -0.269940 1.373532 1.318253
v -0.264168 1.373882 1.335508
v -0.257122 1.374222 1.352284
v -0.248842 1.374551 1.368487
v -0.239374 1.374868 1.384025
v -0.228771 1.375169 1.398813
v -0.217093 1.375454 1.412767
v -0.204404 1.375722 1.425810
v -0.190775 1.375969 1.437868
v -0.176284 1.376196 1.448874
v -0.161010 1.376401 1.458766
v -0.145040 1.376582 1.467490
v -0.128462 1.376739 1.474996
v -0.111369 1.376871 1.481243
v -0.093858 1.376977 1.486195
v -0.076025 1.377057 1.489824
v -0.057971 1.377109 1.492112
v -0.285003 1.369414 1.264992
v -0.283174 1.369788 1.283522
v -0.279966 1.370159 1.301864
v -0.275395 1.370524 1.319914
v -0.269488 1.370882 1.337573
v -0.262277 1.371230 1.354741
v -0.253804 1.371567 1.371322
v -0.244115 1.371891 1.387223
v -0.233264 1.372199 1.402357
v -0.221313 1.372491 1.416637
v -0.208327 1.372765 1.429984
v -0.194380 1.373018 1.442324
v -0.179550 1.373250 1.453587
v -0.163920 1.373460 1.463711
v -0.147576 1.373645 1.472638
v -0.130611 1.373806 1.480320
v -0.113119 1.373941 1.486712
v -0.095198 1.374049 1.491780
v -0.076949 1.374131 1.495494
v -0.058473 1.374184 1.497835
v -0.289976 1.365330 1.265378
v -0.288110 1.365711 1.284279
v -0.284838 1.366089 1.302987
v -0.280176 1.366461 1.321399
v -0.274150 1.366826 1.339411
v -0.266796 1.367182 1.356923
v -0.258153 1.367525 1.373835
v -0.248269 1.367856 1.390055
v -0.237202 1.368170 1.405491
v -0.225011 1.368468 1.420057
v -0.211766 1.368747 1.433672
v -0.197540 1.369005 1.446258
v -0.182413 1.369242 1.457747
v -0.166470 1.369456 1.468073
v -0.149799 1.369645 1.477179
v -0.132494 1.369809 1.485015
v -0.114653 1.369947 1.491535
v -0.096373 1.370057 1.496704
v -0.077758 1.370140 1.500493
v -0.058913 1.370195 1.502880
v -0.294057 1.360350 1.265727
v -0.292161 1.360738 1.284933
v -0.288836 1.361122 1.303943
v -0.284098 1.361501 1.322651
v -0.277976 1.361871 1.340953
v -0.270503 1.362232 1.358746
v -0.261721 1.362582 1.375931
v -0.251678 1.362917 1.392412
v -0.240433 1.363237 1.408097
v -0.228046 1.363539 1.422897
v -0.214587 1.363823 1.436731
v -0.200132 1.364086 1.449520
v -0.184762 1.364326 1.461194
v -0.168562 1.364543 1.471686
v -0.151623 1.364736 1.480939
v -0.134039 1.364902 1.488900
v -0.115910 1.365042 1.495526
v -0.097337 1.365155 1.500778
v -0.078422 1.365239 1.504628
v -0.059273 1.365294 1.507054
v -0.297088 1.354669 1.266027
v -0.295170 1.355061 1.285458
v -0.291805 1.355449 1.304692
v -0.287012 1.355832 1.323621
v -0.280818 1.356207 1.342138
v -0.273257 1.356573 1.360141
v -0.264371 1.356926 1.377528
v -0.254211 1.357265 1.394203
v -0.242833 1.357589 1.410072
v -0.230300 1.357895 1.425047
v -0.216683 1.358182 1.439044
v -0.202058 1.358448 1.451984
v -0.186506 1.358691 1.463795
v -0.170115 1.358911 1.474411
v -0.152977 1.359105 1.483773
v -0.135187 1.359274 1.491828
v -0.116844 1.359416 1.498531
v -0.098052 1.359529 1.503845
v -0.078915 1.359614 1.507740
v -0.059540 1.359671 1.510195
v -0.298954 1.348502 1.266265
v -0.297022 1.348897 1.285836
v -0.293633 1.349288 1.305207
v -0.288806 1.349674 1.324272
v -0.282567 1.350052 1.342922
v -0.274952 1.350420 1.361053
v -0.266003 1.350776 1.378566
v -0.255769 1.351118 1.395360
v -0.244309 1.351444 1.411343
v -0.231687 1.351752 1.426425
v -0.217972 1.352041 1.440522
v -0.203242 1.352308 1.453555
v -0.187580 1.352554 1.465450
v -0.171071 1.352775 1.476142
v -0.153810 1.352971 1.485571
v -0.135892 1.353141 1.493684
v -0.117418 1.353283 1.500435
v -0.098491 1.353398 1.505788
v -0.079217 1.353483 1.509711
v -0.059703 1.353540 1.512183
v -0.299582 1.342088 1.266433
v -0.297646 1.342484 1.286051
v -0.294249 1.342876 1.305468
v -0.289410 1.343263 1.324579
v -0.283157 1.343642 1.343273
v -0.275523 1.344010 1.361449
v -0.266552 1.344367 1.379003
v -0.256294 1.344710 1.395838
v -0.244807 1.345037 1.411859
v -0.232154 1.345345 1.426978
v -0.218406 1.345635 1.441108
v -0.203641 1.345903 1.454172
v -0.187940 1.346149 1.466096
v -0.171393 1.346371 1.476814
v -0.154090 1.346567 1.486266
v -0.136129 1.346738 1.494398
v -0.117611 1.346880 1.501166
v -0.098638 1.346995 1.506531
v -0.079318 1.347081 1.510463
v -0.059757 1.347138 1.512941
v -0.298949 1.335673 1.266524
v -0.297018 1.336068 1.286094
v -0.293629 1.336459 1.305466
v -0.288802 1.336845 1.324530
v -0.282563 1.337223 1.343180
v -0.274948 1.337591 1.361312
v -0.265998 1.337946 1.378824
v -0.255765 1.338288 1.395619
v -0.244305 1.338614 1.411601
v -0.231682 1.338923 1.426684
v -0.217968 1.339211 1.440780
v -0.203238 1.339479 1.453813
v -0.187575 1.339724 1.465709
v -0.171067 1.339946 1.476401
v -0.153805 1.340142 1.485830
v -0.135888 1.340311 1.493942
v -0.117414 1.340454 1.500694
v -0.098487 1.340568 1.506046
v -0.079212 1.340654 1.509969
v -0.059699 1.340711 1.512441
v -0.297079 1.329503 1.266534
v -0.295161 1.329895 1.285965
v -0.291796 1.330284 1.305199
v -0.287004 1.330667 1.324127
v -0.280809 1.331042 1.342645
v -0.273248 1.331407 1.360648
v -0.264362 1.331761 1.378035
v -0.254202 1.332100 1.394710
v -0.242824 1.332424 1.410580
v -0.230291 1.332730 1.425554
v -0.216674 1.333016 1.439551
v -0.202049 1.333282 1.452491
v -0.186497 1.333526 1.464302
v -0.170107 1.333745 1.474918
v -0.152968 1.333940 1.484280
v -0.135178 1.334109 1.492334
v -0.116835 1.334250 1.499038
v -0.098043 1.334364 1.504352
v -0.078906 1.334449 1.508247
v -0.059531 1.334505 1.510702
v -0.294044 1.323816 1.266463
v -0.292148 1.324203 1.285668
v -0.288823 1.324587 1.304678
v -0.284085 1.324966 1.323387
v -0.277963 1.325337 1.341688
v -0.270490 1.325698 1.359482
v -0.261708 1.326047 1.376667
v -0.251665 1.326383 1.393148
v -0.240420 1.326702 1.408832
v -0.228033 1.327005 1.423633
v -0.214574 1.327288 1.437467
v -0.200119 1.327551 1.450256
v -0.184749 1.327792 1.461929
v -0.168549 1.328009 1.472422
v -0.151610 1.328201 1.481675
v -0.134026 1.328368 1.489636
v -0.115897 1.328508 1.496261
v -0.097324 1.328620 1.501514
v -0.078409 1.328704 1.505364
v -0.059260 1.328760 1.507789
v -0.289960 1.318830 1.266314
v -0.288094 1.319211 1.285215
v -0.284821 1.319589 1.303924
v -0.280159 1.319962 1.322336
v -0.274134 1.320327 1.340348
v -0.266779 1.320682 1.357859
v -0.258136 1.321026 1.374772
v -0.248253 1.321356 1.390992
v -0.237185 1.321671 1.406428
v -0.224994 1.321968 1.420994
v -0.211749 1.322247 1.434608
v -0.197523 1.322506 1.447195
v -0.182397 1.322743 1.458684
v -0.166453 1.322956 1.469010
v -0.149783 1.323146 1.478116
v -0.132478 1.323309 1.485951
v -0.114636 1.323447 1.492472
v -0.096357 1.323558 1.497640
v -0.077742 1.323641 1.501429
v -0.058896 1.323695 1.503817
v -0.284984 1.314736 1.266093
v -0.283155 1.315110 1.284624
v -0.279946 1.315481 1.302965
v -0.275376 1.315846 1.321015
v -0.269469 1.316204 1.338674
v -0.262258 1.316552 1.355842
v -0.253785 1.316889 1.372423
v -0.244095 1.317213 1.388325
v -0.233245 1.317521 1.403458
v -0.221293 1.317813 1.417738
v -0.208308 1.318087 1.431085
v -0.194361 1.318340 1.443425
v -0.179531 1.318572 1.454688
v -0.163900 1.318782 1.464812
v -0.147557 1.318967 1.473740
v -0.130592 1.319128 1.481421
v -0.113100 1.319263 1.487814
v -0.095179 1.319372 1.492881
v -0.076929 1.319453 1.496596
v -0.058454 1.319507 1.498936
v -0.279307 1.311693 1.265808
v -0.277521 1.312058 1.283915
v -0.274385 1.312420 1.301838
v -0.269919 1.312777 1.319476
v -0.264147 1.313127 1.336732
v -0.257101 1.313467 1.353508
v -0.248821 1.313797 1.369710
v -0.239353 1.314113 1.385249
v -0.228750 1.314415 1.400037
v -0.217071 1.314700 1.413991
v -0.204382 1.314967 1.427033
v -0.190754 1.315215 1.439092
v -0.176262 1.315441 1.450097
v -0.160988 1.315646 1.459990
v -0.145018 1.315827 1.468714
v -0.128440 1.315984 1.476220
v -0.111348 1.316116 1.482467
v -0.093836 1.316222 1.487418
v -0.076003 1.316302 1.491048
v -0.057949 1.316354 1.493335
v -0.273149 1.309816 1.265470
v -0.271407 1.310173 1.283118
v -0.268351 1.310525 1.300587
v -0.263998 1.310873 1.317778
v -0.258372 1.311214 1.334596
v -0.251505 1.311546 1.350946
v -0.243435 1.311867 1.366738
v -0.234207 1.312175 1.381883
v -0.223873 1.312469 1.396296
v -0.212490 1.312747 1.409896
v -0.200123 1.313007 1.422608
v -0.186840 1.313249 1.434360
v -0.172716 1.313470 1.445087
v -0.157829 1.313669 1.454729
v -0.142264 1.313846 1.463232
v -0.126106 1.313999 1.470548
v -0.109447 1.314128 1.476636
v -0.092380 1.314231 1.481462
v -0.074999 1.314308 1.485000
v -0.057402 1.314360 1.487229
v -0.266745 1.309179 1.265092
v -0.265050 1.309525 1.282263
v -0.262077 1.309869 1.299259
v -0.257841 1.310207 1.315985
v -0.252368 1.310539 1.332348
v -0.245686 1.310862 1.348256
v -0.237835 1.311174 1.363621
v -0.228856 1.311474 1.378356
v -0.218802 1.311760 1.392379
v -0.207727 1.312030 1.405611
v -0.195694 1.312284 1.417979
v -0.182770 1.312519 1.429414
v -0.169028 1.312734 1.439851
v -0.154545 1.312928 1.449232
v -0.139400 1.313100 1.457504
v -0.123680 1.313249 1.464622
v -0.107471 1.313374 1.470546
v -0.090865 1.313474 1.475242
v -0.073955 1.313550 1.478683
v -0.056834 1.313599 1.480852
v -0.260341 1.309805 1.264689
v -0.258693 1.310142 1.281382
v -0.255803 1.310476 1.297905
v -0.251685 1.310805 1.314166
v -0.246364 1.311127 1.330074
v -0.239868 1.311441 1.345540
v -0.232235 1.311745 1.360478
v -0.223506 1.312036 1.374803
v -0.213731 1.312314 1.388436
v -0.202964 1.312577 1.401301
v -0.191266 1.312824 1.413325
v -0.178701 1.313052 1.424442
v -0.165341 1.313261 1.434588
v -0.151260 1.313450 1.443709
v -0.136537 1.313617 1.451751
v -0.121253 1.313762 1.458671
v -0.105496 1.313883 1.464430
v -0.089351 1.313981 1.468995
v -0.072911 1.314054 1.472342
v -0.056266 1.314103 1.474450
v -0.254184 1.311671 1.264275
v -0.252581 1.311999 1.280509
v -0.249770 1.312323 1.296578
v -0.245766 1.312643 1.312392
v -0.240591 1.312957 1.327863
v -0.234274 1.313262 1.342904
v -0.226850 1.313557 1.357430
v -0.218361 1.313841 1.371362
v -0.208855 1.314111 1.384620
v -0.198384 1.314367 1.397131
v -0.187008 1.314606 1.408825
v -0.174789 1.314828 1.419635
v -0.161797 1.315032 1.429503
v -0.148103 1.315215 1.438372
v -0.133784 1.315378 1.446194
v -0.118921 1.315519 1.452924
v -0.103596 1.315637 1.458524
v -0.087896 1.315732 1.462964
v -0.071908 1.315803 1.466218
v -0.055721 1.315850 1.468269
v -0.248510 1.314704 1.263867
v -0.246949 1.315023 1.279679
v -0.244211 1.315340 1.295329
v -0.240311 1.315651 1.310731
v -0.235271 1.315957 1.325798
v -0.229119 1.316254 1.340447
v -0.221889 1.316541 1.354595
v -0.213621 1.316818 1.368164
v -0.204362 1.317081 1.381076
v -0.194164 1.317330 1.393261
v -0.183084 1.317563 1.404650
v -0.171184 1.317780 1.415179
v -0.158530 1.317978 1.424790
v -0.145193 1.318156 1.433428
v -0.131248 1.318315 1.441046
v -0.116772 1.318452 1.447600
v -0.101846 1.318567 1.453054
v -0.086555 1.318660 1.457379
v -0.070984 1.318729 1.460548
v -0.055218 1.318775 1.462545
v -0.243537 1.318789 1.263482
v -0.242013 1.319101 1.278922
v -0.239339 1.319410 1.294205
v -0.235531 1.319714 1.309246
v -0.230609 1.320012 1.323960
v -0.224600 1.320302 1.338265
v -0.217540 1.320583 1.352082
v -0.209466 1.320853 1.365332
v -0.200425 1.321110 1.377942
v -0.190466 1.321353 1.389841
v -0.179646 1.321581 1.400962
v -0.168025 1.321792 1.411245
v -0.155667 1.321986 1.420630
v -0.142643 1.322160 1.429066
v -0.129025 1.322315 1.436504
v -0.114888 1.322449 1.442905
v -0.100313 1.322561 1.448232
v -0.085381 1.322652 1.452454
v -0.070174 1.322719 1.455549
v -0.054779 1.322764 1.457500
v -0.239456 1.323768 1.263132
v -0.237962 1.324074 1.278268
v -0.235341 1.324376 1.293250
v -0.231608 1.324675 1.307995
v -0.226783 1.324967 1.322419
v -0.220893 1.325251 1.336442
v -0.213972 1.325527 1.349986
v -0.206057 1.325791 1.362975
v -0.197194 1.326043 1.375336
v -0.187431 1.326282 1.387001
v -0.176825 1.326505 1.397903
v -0.165432 1.326712 1.407983
v -0.153319 1.326902 1.417183
v -0.140551 1.327073 1.425453
v -0.127201 1.327224 1.432745
v -0.113343 1.327356 1.439019
v -0.099055 1.327466 1.444241
v -0.084417 1.327554 1.448380
v -0.069510 1.327621 1.451414
v -0.054418 1.327665 1.453326
v -0.236425 1.329450 1.262833
v -0.234953 1.329751 1.277743
v -0.232371 1.330049 1.292501
v -0.228694 1.330343 1.307025
v -0.223941 1.330631 1.321233
v -0.218139 1.330911 1.335047
v -0.211321 1.331182 1.348389
v -0.203525 1.331443 1.361184
v -0.194794 1.331691 1.373361
v -0.185177 1.331926 1.384851
v -0.174729 1.332146 1.395590
v -0.163507 1.332350 1.405519
v -0.151574 1.332537 1.414582
v -0.138997 1.332705 1.422728
v -0.125847 1.332855 1.429911
v -0.112196 1.332984 1.436092
v -0.098121 1.333092 1.441235
v -0.083702 1.333180 1.445313
v -0.069018 1.333245 1.448302
v -0.054151 1.333288 1.450185
v -0.234559 1.335617 1.262594
v -0.233101 1.335915 1.277365
v -0.230543 1.336210 1.291985
v -0.226900 1.336501 1.306374
v -0.222192 1.336786 1.320450
v -0.216444 1.337064 1.334134
v -0.209690 1.337332 1.347352
v -0.201966 1.337591 1.360027
v -0.193317 1.337837 1.372090
v -0.183790 1.338069 1.383473
v -0.173439 1.338287 1.394112
v -0.162322 1.338489 1.403949
v -0.150501 1.338674 1.412927
v -0.138041 1.338841 1.420997
v -0.125014 1.338989 1.428113
v -0.111490 1.339117 1.434236
v -0.097547 1.339225 1.439331
v -0.083262 1.339311 1.443371
v -0.068715 1.339376 1.446332
v -0.053988 1.339419 1.448197
v -0.046579 1.352258 1.448319
v -0.046677 1.358464 1.450062
v -0.046835 1.364210 1.452980
v -0.047046 1.369274 1.456961
v -0.047303 1.373464 1.461851
v -0.047595 1.376616 1.467463
v -0.047911 1.378611 1.473581
v -0.048240 1.379372 1.479970
v -0.048568 1.378869 1.486384
v -0.048883 1.377122 1.492577
v -0.049173 1.374197 1.498312
v -0.049427 1.370208 1.503367
v -0.049635 1.365308 1.507548
v -0.049788 1.359684 1.510695
v -0.049882 1.353554 1.512686
v -0.049912 1.347152 1.513446
v -0.049877 1.340725 1.512945
v -0.049779 1.334519 1.511202
v -0.049622 1.328773 1.508284
v -0.049410 1.323709 1.504303
v -0.049154 1.319520 1.499413
v -0.048862 1.316367 1.493801
v -0.048545 1.314372 1.487683
v -0.048217 1.313611 1.481294
v -0.047888 1.314114 1.474880
v -0.047573 1.315861 1.468686
v -0.047283 1.318786 1.462952
v -0.047030 1.322775 1.457897
v -0.046822 1.327675 1.453716
v -0.046669 1.333299 1.450569
v -0.046575 1.339429 1.448578
v -0.046545 1.345831 1.447818
v -0.042873 1.352264 1.448509
v -0.042936 1.358469 1.450254
v -0.043037 1.364215 1.453175
v -0.043172 1.369280 1.457159
v -0.043335 1.373469 1.462054
v -0.043521 1.376622 1.467672
v -0.043722 1.378617 1.473796
v -0.043931 1.379378 1.480191
v -0.044140 1.378875 1.486611
v -0.044340 1.377128 1.492810
v -0.044523 1.374204 1.498550
v -0.044684 1.370215 1.503610
v -0.044815 1.365314 1.507795
v -0.044912 1.359691 1.510945
v -0.044971 1.353561 1.512938
v -0.044989 1.347159 1.513698
v -0.044966 1.340731 1.513197
v -0.044903 1.334526 1.511452
v -0.044802 1.328780 1.508531
v -0.044667 1.323715 1.504547
v -0.044504 1.319526 1.499652
v -0.044318 1.316373 1.494034
v -0.044117 1.314378 1.487910
v -0.043908 1.313617 1.481515
v -0.043700 1.314120 1.475095
v -0.043500 1.315867 1.468895
v -0.043316 1.318791 1.463156
v -0.043155 1.322780 1.458096
v -0.043024 1.327680 1.453911
v -0.042927 1.333304 1.450761
v -0.042868 1.339434 1.448768
v -0.042850 1.345836 1.448007
v -0.044698 1.345834 1.447913
v -0.044726 1.352261 1.448414
v -0.044807 1.358467 1.450158
v -0.044936 1.364212 1.453077
v -0.045109 1.369277 1.457060
v -0.045319 1.373466 1.461953
v -0.045558 1.376619 1.467567
v -0.045817 1.378614 1.473688
v -0.046085 1.379375 1.480080
v -0.046354 1.378872 1.486498
v -0.046611 1.377125 1.492694
v -0.046848 1.374201 1.498431
v -0.047055 1.370212 1.503488
v -0.047225 1.365311 1.507671
v -0.047350 1.359688 1.510820
v -0.047426 1.353557 1.512812
v -0.047450 1.347155 1.513572
v -0.047422 1.340728 1.513071
v -0.047341 1.334522 1.511327
v -0.047212 1.328777 1.508407
v -0.047039 1.323712 1.504425
v -0.046829 1.319523 1.499532
v -0.046590 1.316370 1.493918
v -0.046331 1.314375 1.487797
v -0.046062 1.313614 1.481405
v -0.045794 1.314117 1.474987
v -0.045536 1.315864 1.468791
v -0.045300 1.318789 1.463054
v -0.045092 1.322778 1.457996
v -0.044923 1.327678 1.453813
v -0.044798 1.333301 1.450665
v -0.044722 1.339432 1.448673
v -0.041020 1.352266 1.448604
v -0.041065 1.358472 1.450350
v -0.041138 1.364218 1.453272
v -0.041234 1.369282 1.457259
v -0.041351 1.373472 1.462156
v -0.041484 1.376625 1.467776
v -0.041628 1.378620 1.473903
v -0.041777 1.379381 1.480301
v -0.041925 1.378878 1.486725
v -0.042068 1.377131 1.492927
v -0.042199 1.374207 1.498670
v -0.042313 1.370218 1.503732
v -0.042405 1.365318 1.507919
v -0.042474 1.359694 1.511070
v -0.042515 1.353564 1.513064
v -0.042528 1.347162 1.513825
v -0.042511 1.340735 1.513322
v -0.042465 1.334529 1.511577
v -0.042392 1.328783 1.508654
v -0.042296 1.323719 1.504668
v -0.042179 1.319529 1.499771
v -0.042046 1.316376 1.494151
v -0.041903 1.314381 1.488024
v -0.041754 1.313620 1.481625
v -0.041605 1.314123 1.475202
v -0.041463 1.315870 1.469000
v -0.041332 1.318794 1.463257
v -0.041218 1.322783 1.458195
v -0.041125 1.327683 1.454008
v -0.041056 1.333307 1.450857
v -0.041015 1.339437 1.448863
v -0.041003 1.345839 1.448102
v -0.040093 1.352268 1.448652
v -0.040130 1.358473 1.450398
v -0.040188 1.364219 1.453321
v -0.040266 1.369284 1.457308
v -0.040359 1.373473 1.462207
v -0.040466 1.376626 1.467828
v -0.040581 1.378621 1.473956
v -0.040700 1.379382 1.480356
v -0.040818 1.378880 1.486781
v -0.040932 1.377133 1.492985
v -0.041036 1.374209 1.498729
v -0.041127 1.370220 1.503792
v -0.041201 1.365319 1.507980
v -0.041255 1.359696 1.511132
v -0.041287 1.353566 1.513127
v -0.041297 1.347164 1.513888
v -0.041283 1.340737 1.513385
v -0.041246 1.334531 1.511639
v -0.041188 1.328785 1.508716
v -0.041110 1.323720 1.504729
v -0.041017 1.319531 1.499830
v -0.040910 1.316378 1.494209
v -0.040795 1.314383 1.488081
v -0.040676 1.313622 1.481681
v -0.040558 1.314124 1.475256
v -0.040444 1.315871 1.469052
v -0.040340 1.318795 1.463308
v -0.040249 1.322784 1.458245
v -0.040175 1.327684 1.454057
v -0.040121 1.333308 1.450905
v -0.040089 1.339438 1.448910
v -0.040079 1.345840 1.448149
vn 0.0980 -0.0000 -0.9952
vn 0.2903 -0.0000 -0.9569
vn 0.4714 -0.0000 -0.8819
vn 0.6344 -0.0000 -0.7730
vn 0.7730 -0.0000 -0.6344
vn 0.8819 -0.0000 -0.4714
vn 0.9569 -0.0000 -0.2903
vn 0.9952 -0.0000 -0.0980
vn 0.9952 -0.0000 0.0980
vn 0.9569 -0.0000 0.2903
vn 0.8819 -0.0000 0.4714
vn 0.7730 -0.0000 0.6344
vn 0.6344 -0.0000 0.7730
vn 0.4714 -0.0000 0.8819
vn 0.2903 -0.0000 0.9569
vn 0.0980 -0.0000 0.9952
vn -0.0980 -0.0000 0.9952
vn -0.2903 -0.0000 0.9569
vn -0.4714 -0.0000 0.8819
vn -0.6344 -0.0000 0.7730
vn -0.7730 -0.0000 0.6344
vn -0.8819 -0.0000 0.4714
vn -0.9569 -0.0000 0.2903
vn -0.9952 -0.0000 0.0980
vn -0.9952 -0.0000 -0.0980
vn -0.9569 -0.0000 -0.2903
vn -0.8819 -0.0000 -0.4714
vn -0.7730 -0.0000 -0.6344
vn -0.6344 -0.0000 -0.7730
vn -0.4714 -0.0000 -0.8819
vn -0.0000 1.0000 -0.0000
vn -0.2903 -0.0000 -0.9569
vn -0.0980 -0.0000 -0.9952
vn -0.0000 -1.0000 -0.0000
vn -0.0234 0.0779 -0.9967
vn -0.0227 0.2708 -0.9624
vn -0.0209 0.4532 -0.8911
vn -0.0184 0.6184 -0.7856
vn -0.0152 0.7598 -0.6499
vn -0.0114 0.8721 -0.4892
vn -0.0072 0.9508 -0.3096
vn -0.0026 0.9930 -0.1181
vn 0.0019 0.9970 0.0780
vn 0.0065 0.9625 0.2711
vn 0.0108 0.8911 0.4537
vn 0.0147 0.7854 0.6188
vn 0.0180 0.6496 0.7601
vn 0.0206 0.4888 0.8722
vn 0.0224 0.3093 0.9507
vn 0.0234 0.1180 0.9927
vn 0.0234 -0.0779 0.9967
vn 0.0226 -0.2707 0.9624
vn 0.0209 -0.4533 0.8911
vn 0.0184 -0.6184 0.7856
vn 0.0152 -0.7598 0.6499
vn 0.0115 -0.8721 0.4892
vn 0.0072 -0.9508 0.3096
vn 0.0027 -0.9930 0.1181
vn -0.0020 -0.9970 -0.0780
vn -0.0065 -0.9625 -0.2711
vn -0.0108 -0.8911 -0.4537
vn -0.0147 -0.7854 -0.6188
vn -0.0179 -0.6496 -0.7600
vn -0.0206 -0.4888 -0.8721
vn -0.0225 -0.3093 -0.9507
vn -0.0234 -0.1179 -0.9927
vn 0.0138 -0.0201 -0.9997
vn -0.9938 -0.0993 -0.0490
vn -0.9873 -0.1008 -0.1231
vn -0.9752 -0.1023 -0.1965
vn -0.9576 -0.1037 -0.2688
vn -0.9347 -0.1051 -0.3396
vn -0.9065 -0.1065 -0.4085
vn -0.8733 -0.1079 -0.4751
vn -0.8352 -0.1091 -0.5390
vn -0.7924 -0.1103 -0.5999
vn -0.7452 -0.1115 -0.6574
vn -0.6939 -0.1125 -0.7113
vn -0.6386 -0.1135 -0.7611
vn -0.5798 -0.1144 -0.8067
vn -0.5177 -0.1152 -0.8478
vn -0.4528 -0.1159 -0.8841
vn -0.3853 -0.1166 -0.9154
vn -0.3156 -0.1170 -0.9416
vn -0.2442 -0.1175 -0.9626
vn -0.1714 -0.1178 -0.9781
vn -0.0977 -0.1179 -0.9882
vn -0.9556 -0.2914 -0.0432
vn -0.9493 -0.2928 -0.1144
vn -0.9377 -0.2942 -0.1850
vn -0.9208 -0.2956 -0.2546
vn -0.8987 -0.2970 -0.3226
vn -0.8717 -0.2983 -0.3889
vn -0.8397 -0.2996 -0.4529
vn -0.8031 -0.3008 -0.5144
vn -0.7619 -0.3020 -0.5729
vn -0.7166 -0.3031 -0.6282
vn -0.6672 -0.3041 -0.6800
vn -0.6140 -0.3050 -0.7280
vn -0.5575 -0.3059 -0.7718
vn -0.4978 -0.3066 -0.8113
vn -0.4353 -0.3074 -0.8462
vn -0.3704 -0.3079 -0.8763
vn -0.3034 -0.3085 -0.9015
vn -0.2348 -0.3088 -0.9217
vn -0.1648 -0.3091 -0.9367
vn -0.0939 -0.3093 -0.9463
vn -0.8807 -0.4723 -0.0357
vn -0.8749 -0.4736 -0.1014
vn -0.8642 -0.4749 -0.1664
vn -0.8486 -0.4762 -0.2305
vn -0.8283 -0.4774 -0.2933
vn -0.8033 -0.4787 -0.3543
vn -0.7739 -0.4798 -0.4133
vn -0.7401 -0.4810 -0.4700
vn -0.7022 -0.4820 -0.5240
vn -0.6604 -0.4831 -0.5749
vn -0.6148 -0.4840 -0.6227
vn -0.5659 -0.4849 -0.6669
vn -0.5137 -0.4857 -0.7073
vn -0.4587 -0.4864 -0.7436
vn -0.4012 -0.4870 -0.7758
vn -0.3413 -0.4875 -0.8036
vn -0.2796 -0.4880 -0.8269
vn -0.2163 -0.4883 -0.8454
vn -0.1518 -0.4886 -0.8592
vn -0.0865 -0.4888 -0.8681
vn -0.7720 -0.6351 -0.0268
vn -0.7669 -0.6362 -0.0844
vn -0.7575 -0.6374 -0.1415
vn -0.7438 -0.6385 -0.1976
vn -0.7260 -0.6396 -0.2526
vn -0.7041 -0.6407 -0.3061
vn -0.6783 -0.6417 -0.3579
vn -0.6487 -0.6427 -0.4076
vn -0.6155 -0.6437 -0.4549
vn -0.5788 -0.6445 -0.4996
vn -0.5389 -0.6453 -0.5414
vn -0.4960 -0.6461 -0.5801
vn -0.4503 -0.6468 -0.6155
vn -0.4021 -0.6474 -0.6474
vn -0.3516 -0.6480 -0.6756
vn -0.2991 -0.6485 -0.7000
vn -0.2450 -0.6489 -0.7204
vn -0.1895 -0.6492 -0.7367
vn -0.1330 -0.6494 -0.7488
vn -0.0757 -0.6495 -0.7566
vn -0.6336 -0.7735 -0.0169
vn -0.6293 -0.7745 -0.0642
vn -0.6216 -0.7754 -0.1110
vn -0.6104 -0.7763 -0.1571
vn -0.5958 -0.7772 -0.2023
vn -0.5779 -0.7781 -0.2462
vn -0.5567 -0.7790 -0.2887
vn -0.5324 -0.7798 -0.3294
vn -0.5051 -0.7805 -0.3683
vn -0.4750 -0.7813 -0.4050
vn -0.4422 -0.7820 -0.4393
vn -0.4070 -0.7826 -0.4711
vn -0.3695 -0.7832 -0.5001
vn -0.3299 -0.7837 -0.5263
vn -0.2885 -0.7841 -0.5495
vn -0.2454 -0.7845 -0.5695
vn -0.2010 -0.7848 -0.5862
vn -0.1555 -0.7851 -0.5996
vn -0.1091 -0.7853 -0.6095
vn -0.0620 -0.7854 -0.6159
vn -0.4707 -0.8823 -0.0064
vn -0.4676 -0.8830 -0.0415
vn -0.4619 -0.8837 -0.0763
vn -0.4535 -0.8843 -0.1106
vn -0.4427 -0.8850 -0.1441
vn -0.4293 -0.8857 -0.1768
vn -0.4136 -0.8863 -0.2083
vn -0.3955 -0.8869 -0.2386
vn -0.3753 -0.8875 -0.2675
vn -0.3529 -0.8880 -0.2947
vn -0.3286 -0.8885 -0.3203
vn -0.3024 -0.8890 -0.3439
vn -0.2745 -0.8894 -0.3655
vn -0.2451 -0.8898 -0.3850
vn -0.2143 -0.8901 -0.4022
vn -0.1823 -0.8904 -0.4170
vn -0.1493 -0.8907 -0.4295
vn -0.1154 -0.8909 -0.4394
vn -0.0809 -0.8910 -0.4467
vn -0.0460 -0.8911 -0.4515
vn -0.2897 -0.9571 0.0044
vn -0.2878 -0.9575 -0.0172
vn -0.2843 -0.9580 -0.0387
vn -0.2792 -0.9584 -0.0598
vn -0.2725 -0.9588 -0.0804
vn -0.2643 -0.9592 -0.1005
vn -0.2546 -0.9596 -0.1200
vn -0.2434 -0.9600 -0.1386
vn -0.2310 -0.9603 -0.1564
vn -0.2172 -0.9606 -0.1732
vn -0.2022 -0.9610 -0.1889
vn -0.1861 -0.9612 -0.2035
vn -0.1689 -0.9615 -0.2168
vn -0.1508 -0.9617 -0.2287
vn -0.1318 -0.9619 -0.2393
vn -0.1121 -0.9621 -0.2485
vn -0.0918 -0.9623 -0.2561
vn -0.0709 -0.9624 -0.2623
vn -0.0497 -0.9625 -0.2668
vn -0.0282 -0.9625 -0.2697
vn -0.0976 -0.9951 0.0150
vn -0.0970 -0.9953 0.0077
vn -0.0958 -0.9954 0.0005
vn -0.0940 -0.9955 -0.0067
vn -0.0918 -0.9957 -0.0136
vn -0.0890 -0.9958 -0.0204
vn -0.0857 -0.9960 -0.0270
vn -0.0820 -0.9961 -0.0333
vn -0.0778 -0.9962 -0.0393
vn -0.0731 -0.9963 -0.0449
vn -0.0680 -0.9964 -0.0503
vn -0.0626 -0.9965 -0.0552
vn -0.0568 -0.9966 -0.0597
vn -0.0507 -0.9967 -0.0637
vn -0.0443 -0.9968 -0.0673
vn -0.0376 -0.9968 -0.0704
vn -0.0308 -0.9969 -0.0730
vn -0.0237 -0.9969 -0.0750
vn -0.0165 -0.9969 -0.0766
vn -0.0093 -0.9969 -0.0775
vn 0.0983 -0.9948 0.0251
vn 0.0977 -0.9947 0.0324
vn 0.0965 -0.9945 0.0396
vn 0.0947 -0.9944 0.0467
vn 0.0925 -0.9943 0.0537
vn 0.0897 -0.9941 0.0605
vn 0.0864 -0.9940 0.0671
vn 0.0827 -0.9939 0.0734
vn 0.0785 -0.9938 0.0794
vn 0.0738 -0.9936 0.0850
vn 0.0687 -0.9935 0.0903
vn 0.0633 -0.9934 0.0953
vn 0.0575 -0.9934 0.0997
vn 0.0514 -0.9933 0.1038
vn 0.0450 -0.9932 0.1074
vn 0.0383 -0.9931 0.1105
vn 0.0315 -0.9931 0.1130
vn 0.0244 -0.9931 0.1151
vn 0.0173 -0.9930 0.1166
vn 0.0100 -0.9930 0.1176
vn 0.2904 -0.9563 0.0341
vn 0.2885 -0.9559 0.0558
vn 0.2850 -0.9554 0.0772
vn 0.2798 -0.9550 0.0983
vn 0.2732 -0.9546 0.1190
vn 0.2649 -0.9542 0.1391
vn 0.2552 -0.9538 0.1585
vn 0.2441 -0.9534 0.1772
vn 0.2316 -0.9531 0.1949
vn 0.2179 -0.9527 0.2117
vn 0.2029 -0.9524 0.2274
vn 0.1867 -0.9521 0.2420
vn 0.1696 -0.9519 0.2553
vn 0.1515 -0.9516 0.2673
vn 0.1325 -0.9514 0.2779
vn 0.1128 -0.9513 0.2870
vn 0.0925 -0.9511 0.2947
vn 0.0716 -0.9510 0.3008
vn 0.0504 -0.9509 0.3053
vn 0.0289 -0.9509 0.3083
vn 0.4713 -0.8810 0.0419
vn 0.4682 -0.8802 0.0770
vn 0.4625 -0.8796 0.1118
vn 0.4542 -0.8789 0.1461
vn 0.4433 -0.8782 0.1796
vn 0.4300 -0.8775 0.2123
vn 0.4142 -0.8769 0.2439
vn 0.3962 -0.8763 0.2741
vn 0.3759 -0.8757 0.3030
vn 0.3535 -0.8752 0.3303
vn 0.3292 -0.8747 0.3558
vn 0.3030 -0.8742 0.3794
vn 0.2751 -0.8738 0.4010
vn 0.2457 -0.8734 0.4205
vn 0.2149 -0.8731 0.4377
vn 0.1829 -0.8728 0.4525
vn 0.1499 -0.8725 0.4650
vn 0.1161 -0.8724 0.4749
vn 0.0816 -0.8722 0.4823
vn 0.0466 -0.8721 0.4870
vn 0.6341 -0.7718 0.0481
vn 0.6299 -0.7708 0.0953
vn 0.6222 -0.7699 0.1421
vn 0.6110 -0.7690 0.1883
vn 0.5964 -0.7680 0.2334
vn 0.5784 -0.7672 0.2773
vn 0.5572 -0.7663 0.3198
vn 0.5329 -0.7655 0.3606
vn 0.5056 -0.7647 0.3994
vn 0.4755 -0.7640 0.4361
vn 0.4428 -0.7633 0.4704
vn 0.4076 -0.7627 0.5022
vn 0.3700 -0.7621 0.5313
vn 0.3305 -0.7616 0.5575
vn 0.2890 -0.7612 0.5806
vn 0.2460 -0.7608 0.6006
vn 0.2016 -0.7604 0.6173
vn 0.1560 -0.7602 0.6307
vn 0.1096 -0.7600 0.6406
vn 0.0626 -0.7599 0.6470
vn 0.7724 -0.6329 0.0524
vn 0.7673 -0.6318 0.1099
vn 0.7579 -0.6306 0.1670
vn 0.7443 -0.6295 0.2232
vn 0.7265 -0.6284 0.2782
vn 0.7046 -0.6273 0.3317
vn 0.6788 -0.6263 0.3834
vn 0.6492 -0.6253 0.4331
vn 0.6160 -0.6244 0.4804
vn 0.5793 -0.6235 0.5251
vn 0.5393 -0.6227 0.5669
vn 0.4964 -0.6219 0.6057
vn 0.4507 -0.6212 0.6411
vn 0.4025 -0.6206 0.6730
vn 0.3520 -0.6200 0.7012
vn 0.2996 -0.6195 0.7255
vn 0.2455 -0.6191 0.7459
vn 0.1900 -0.6188 0.7622
vn 0.1334 -0.6186 0.7743
vn 0.0762 -0.6185 0.7821
vn 0.8811 -0.4698 0.0547
vn 0.8752 -0.4685 0.1203
vn 0.8645 -0.4672 0.1854
vn 0.8489 -0.4659 0.2495
vn 0.8286 -0.4647 0.3122
vn 0.8037 -0.4634 0.3733
vn 0.7742 -0.4622 0.4323
vn 0.7405 -0.4611 0.4890
vn 0.7026 -0.4600 0.5429
vn 0.6607 -0.4591 0.5939
vn 0.6152 -0.4581 0.6417
vn 0.5662 -0.4572 0.6858
vn 0.5141 -0.4564 0.7262
vn 0.4591 -0.4557 0.7626
vn 0.4015 -0.4551 0.7948
vn 0.3417 -0.4546 0.8226
vn 0.2799 -0.4541 0.8458
vn 0.2166 -0.4537 0.8644
vn 0.1521 -0.4535 0.8782
vn 0.0868 -0.4533 0.8871
vn 0.9558 -0.2887 0.0548
vn 0.9495 -0.2873 0.1261
vn 0.9379 -0.2859 0.1967
vn 0.9210 -0.2845 0.2662
vn 0.8989 -0.2831 0.3343
vn 0.8719 -0.2818 0.4006
vn 0.8399 -0.2805 0.4646
vn 0.8033 -0.2793 0.5261
vn 0.7622 -0.2781 0.5846
vn 0.7168 -0.2770 0.6399
vn 0.6674 -0.2760 0.6917
vn 0.6142 -0.2751 0.7396
vn 0.5577 -0.2742 0.7835
vn 0.4980 -0.2734 0.8230
vn 0.4355 -0.2727 0.8579
vn 0.3706 -0.2721 0.8880
vn 0.3036 -0.2717 0.9132
vn 0.2350 -0.2713 0.9334
vn 0.1650 -0.2710 0.9483
vn 0.0941 -0.2708 0.9580
vn 0.9939 -0.0966 0.0529
vn 0.9873 -0.0951 0.1270
vn 0.9752 -0.0936 0.2005
vn 0.9577 -0.0921 0.2728
vn 0.9347 -0.0907 0.3436
vn 0.9066 -0.0893 0.4124
vn 0.8734 -0.0880 0.4790
vn 0.8353 -0.0867 0.5429
vn 0.7925 -0.0855 0.6038
vn 0.7453 -0.0844 0.6614
vn 0.6939 -0.0833 0.7152
vn 0.6387 -0.0823 0.7651
vn 0.5799 -0.0815 0.8106
vn 0.5178 -0.0806 0.8517
vn 0.4528 -0.0799 0.8880
vn 0.3853 -0.0794 0.9194
vn 0.3157 -0.0788 0.9456
vn 0.2443 -0.0784 0.9665
vn 0.1715 -0.0781 0.9821
vn 0.0978 -0.0779 0.9922
vn 0.9939 0.0993 0.0490
vn 0.9873 0.1008 0.1231
vn 0.9752 0.1023 0.1965
vn 0.9576 0.1037 0.2688
vn 0.9347 0.1051 0.3396
vn 0.9065 0.1065 0.4085
vn 0.8733 0.1078 0.4751
vn 0.8352 0.1091 0.5390
vn 0.7924 0.1103 0.5999
vn 0.7452 0.1115 0.6574
vn 0.6939 0.1126 0.7113
vn 0.6386 0.1136 0.7611
vn 0.5798 0.1145 0.8067
vn 0.5177 0.1152 0.8478
vn 0.4527 0.1160 0.8841
vn 0.3853 0.1166 0.9154
vn 0.3156 0.1170 0.9416
vn 0.2442 0.1175 0.9626
vn 0.1714 0.1177 0.9781
vn 0.0977 0.1179 0.9882
vn 0.9556 0.2914 0.0432
vn 0.9493 0.2928 0.1144
vn 0.9377 0.2942 0.1850
vn 0.9208 0.2956 0.2546
vn 0.8987 0.2970 0.3226
vn 0.8717 0.2983 0.3889
vn 0.8397 0.2996 0.4529
vn 0.8031 0.3008 0.5144
vn 0.7619 0.3020 0.5729
vn 0.7166 0.3030 0.6283
vn 0.6672 0.3041 0.6800
vn 0.6140 0.3050 0.7280
vn 0.5575 0.3059 0.7718
vn 0.4978 0.3067 0.8113
vn 0.4353 0.3073 0.8462
vn 0.3704 0.3079 0.8763
vn 0.3034 0.3084 0.9016
vn 0.2348 0.3088 0.9217
vn 0.1648 0.3091 0.9366
vn 0.0939 0.3092 0.9463
vn 0.8807 0.4723 0.0357
vn 0.8749 0.4736 0.1014
vn 0.8642 0.4749 0.1664
vn 0.8486 0.4762 0.2305
vn 0.8283 0.4774 0.2933
vn 0.8033 0.4787 0.3543
vn 0.7739 0.4798 0.4133
vn 0.7401 0.4810 0.4700
vn 0.7022 0.4820 0.5240
vn 0.6604 0.4830 0.5749
vn 0.6149 0.4840 0.6227
vn 0.5659 0.4849 0.6668
vn 0.5137 0.4857 0.7073
vn 0.4587 0.4864 0.7437
vn 0.4012 0.4870 0.7758
vn 0.3413 0.4876 0.8036
vn 0.2796 0.4880 0.8269
vn 0.2163 0.4883 0.8454
vn 0.1518 0.4886 0.8592
vn 0.0865 0.4887 0.8681
vn 0.7720 0.6351 0.0268
vn 0.7669 0.6362 0.0844
vn 0.7574 0.6374 0.1415
vn 0.7438 0.6385 0.1976
vn 0.7260 0.6396 0.2526
vn 0.7041 0.6407 0.3061
vn 0.6783 0.6417 0.3579
vn 0.6487 0.6427 0.4075
vn 0.6155 0.6436 0.4549
vn 0.5788 0.6445 0.4996
vn 0.5389 0.6454 0.5414
vn 0.4960 0.6461 0.5801
vn 0.4503 0.6468 0.6155
vn 0.4021 0.6474 0.6474
vn 0.3516 0.6480 0.6757
vn 0.2992 0.6484 0.7000
vn 0.2450 0.6488 0.7204
vn 0.1895 0.6492 0.7366
vn 0.1330 0.6494 0.7487
vn 0.0757 0.6496 0.7565
vn 0.6335 0.7735 0.0169
vn 0.6293 0.7745 0.0642
vn 0.6216 0.7754 0.1110
vn 0.6104 0.7763 0.1571
vn 0.5958 0.7772 0.2023
vn 0.5779 0.7781 0.2462
vn 0.5567 0.7790 0.2887
vn 0.5324 0.7798 0.3294
vn 0.5051 0.7805 0.3683
vn 0.4750 0.7813 0.4049
vn 0.4422 0.7820 0.4393
vn 0.4070 0.7826 0.4711
vn 0.3695 0.7831 0.5001
vn 0.3299 0.7837 0.5263
vn 0.2885 0.7842 0.5494
vn 0.2454 0.7845 0.5695
vn 0.2010 0.7848 0.5862
vn 0.1555 0.7851 0.5996
vn 0.1091 0.7852 0.6095
vn 0.0621 0.7853 0.6159
vn 0.4707 0.8823 0.0064
vn 0.4676 0.8830 0.0415
vn 0.4619 0.8837 0.0763
vn 0.4535 0.8844 0.1106
vn 0.4427 0.8850 0.1441
vn 0.4293 0.8857 0.1768
vn 0.4136 0.8863 0.2083
vn 0.3955 0.8869 0.2386
vn 0.3753 0.8875 0.2675
vn 0.3529 0.8880 0.2947
vn 0.3285 0.8885 0.3203
vn 0.3024 0.8890 0.3439
vn 0.2745 0.8894 0.3655
vn 0.2451 0.8898 0.3850
vn 0.2143 0.8901 0.4022
vn 0.1823 0.8904 0.4170
vn 0.1493 0.8907 0.4294
vn 0.1154 0.8909 0.4394
vn 0.0810 0.8910 0.4468
vn 0.0460 0.8911 0.4515
vn 0.2897 0.9571 -0.0044
vn 0.2878 0.9575 0.0172
vn 0.2843 0.9580 0.0387
vn 0.2792 0.9584 0.0598
vn 0.2725 0.9588 0.0804
vn 0.2642 0.9592 0.1005
vn 0.2546 0.9596 0.1200
vn 0.2434 0.9600 0.1386
vn 0.2310 0.9603 0.1564
vn 0.2172 0.9606 0.1732
vn 0.2022 0.9610 0.1889
vn 0.1861 0.9612 0.2035
vn 0.1689 0.9615 0.2168
vn 0.1508 0.9617 0.2287
vn 0.1318 0.9619 0.2393
vn 0.1121 0.9621 0.2485
vn 0.0918 0.9623 0.2561
vn 0.0709 0.9624 0.2623
vn 0.0497 0.9625 0.2668
vn 0.0282 0.9625 0.2697
vn 0.0976 0.9951 -0.0150
vn 0.0969 0.9953 -0.0077
vn 0.0958 0.9954 -0.0005
vn 0.0940 0.9955 0.0067
vn 0.0918 0.9957 0.0136
vn 0.0890 0.9958 0.0204
vn 0.0857 0.9960 0.0270
vn 0.0820 0.9961 0.0333
vn 0.0778 0.9962 0.0393
vn 0.0731 0.9963 0.0449
vn 0.0680 0.9964 0.0503
vn 0.0626 0.9965 0.0552
vn 0.0568 0.9966 0.0597
vn 0.0507 0.9967 0.0637
vn 0.0443 0.9968 0.0673
vn 0.0376 0.9968 0.0704
vn 0.0308 0.9969 0.0730
vn 0.0237 0.9969 0.0750
vn 0.0165 0.9969 0.0766
vn 0.0093 0.9969 0.0775
vn -0.0983 0.9948 -0.0251
vn -0.0977 0.9947 -0.0324
vn -0.0965 0.9945 -0.0396
vn -0.0947 0.9944 -0.0467
vn -0.0925 0.9943 -0.0537
vn -0.0897 0.9941 -0.0605
vn -0.0864 0.9940 -0.0671
vn -0.0827 0.9939 -0.0734
vn -0.0785 0.9938 -0.0794
vn -0.0738 0.9936 -0.0850
vn -0.0687 0.9935 -0.0903
vn -0.0633 0.9934 -0.0952
vn -0.0575 0.9934 -0.0997
vn -0.0514 0.9933 -0.1038
vn -0.0450 0.9932 -0.1074
vn -0.0383 0.9931 -0.1105
vn -0.0315 0.9931 -0.1130
vn -0.0244 0.9931 -0.1151
vn -0.0173 0.9930 -0.1166
vn -0.0100 0.9930 -0.1176
vn -0.2904 0.9563 -0.0341
vn -0.2885 0.9559 -0.0558
vn -0.2850 0.9554 -0.0772
vn -0.2798 0.9550 -0.0983
vn -0.2731 0.9546 -0.1190
vn -0.2649 0.9542 -0.1391
vn -0.2552 0.9538 -0.1585
vn -0.2441 0.9534 -0.1772
vn -0.2316 0.9531 -0.1949
vn -0.2179 0.9527 -0.2117
vn -0.2029 0.9524 -0.2275
vn -0.1868 0.9521 -0.2420
vn -0.1696 0.9519 -0.2553
vn -0.1515 0.9516 -0.2673
vn -0.1325 0.9514 -0.2779
vn -0.1128 0.9513 -0.2870
vn -0.0925 0.9511 -0.2947
vn -0.0716 0.9510 -0.3008
vn -0.0504 0.9509 -0.3054
vn -0.0289 0.9509 -0.3083
vn -0.4714 0.8809 -0.0419
vn -0.4682 0.8802 -0.0770
vn -0.4625 0.8795 -0.1118
vn -0.4542 0.8789 -0.1461
vn -0.4433 0.8782 -0.1797
vn -0.4300 0.8775 -0.2123
vn -0.4142 0.8769 -0.2438
vn -0.3962 0.8763 -0.2741
vn -0.3759 0.8757 -0.3030
vn -0.3535 0.8752 -0.3303
vn -0.3292 0.8747 -0.3558
vn -0.3030 0.8742 -0.3794
vn -0.2751 0.8738 -0.4010
vn -0.2457 0.8734 -0.4205
vn -0.2149 0.8731 -0.4377
vn -0.1829 0.8728 -0.4525
vn -0.1499 0.8725 -0.4650
vn -0.1161 0.8724 -0.4749
vn -0.0816 0.8722 -0.4823
vn -0.0466 0.8721 -0.4870
vn -0.6341 0.7718 -0.0481
vn -0.6299 0.7708 -0.0953
vn -0.6222 0.7699 -0.1421
vn -0.6110 0.7689 -0.1883
vn -0.5964 0.7680 -0.2334
vn -0.5784 0.7672 -0.2773
vn -0.5572 0.7663 -0.3198
vn -0.5329 0.7655 -0.3606
vn -0.5057 0.7647 -0.3994
vn -0.4755 0.7640 -0.4361
vn -0.4428 0.7633 -0.4704
vn -0.4076 0.7627 -0.5022
vn -0.3700 0.7621 -0.5313
vn -0.3305 0.7616 -0.5575
vn -0.2890 0.7612 -0.5806
vn -0.2460 0.7608 -0.6006
vn -0.2016 0.7604 -0.6173
vn -0.1560 0.7602 -0.6307
vn -0.1096 0.7600 -0.6406
vn -0.0626 0.7599 -0.6470
vn -0.7724 0.6329 -0.0524
vn -0.7673 0.6318 -0.1099
vn -0.7579 0.6306 -0.1670
vn -0.7442 0.6295 -0.2232
vn -0.7265 0.6284 -0.2782
vn -0.7046 0.6273 -0.3317
vn -0.6788 0.6263 -0.3834
vn -0.6492 0.6253 -0.4331
vn -0.6160 0.6243 -0.4804
vn -0.5793 0.6235 -0.5251
vn -0.5394 0.6226 -0.5669
vn -0.4964 0.6219 -0.6057
vn -0.4507 0.6212 -0.6411
vn -0.4025 0.6205 -0.6730
vn -0.3520 0.6200 -0.7012
vn -0.2996 0.6195 -0.7256
vn -0.2455 0.6191 -0.7459
vn -0.1900 0.6188 -0.7622
vn -0.1334 0.6186 -0.7743
vn -0.0762 0.6185 -0.7821
vn -0.8811 0.4698 -0.0547
vn -0.8752 0.4685 -0.1203
vn -0.8645 0.4672 -0.1854
vn -0.8490 0.4659 -0.2495
vn -0.8286 0.4647 -0.3123
vn -0.8037 0.4634 -0.3733
vn -0.7742 0.4622 -0.4323
vn -0.7404 0.4611 -0.4890
vn -0.7026 0.4600 -0.5429
vn -0.6607 0.4590 -0.5939
vn -0.6152 0.4581 -0.6416
vn -0.5662 0.4572 -0.6858
vn -0.5141 0.4564 -0.7262
vn -0.4591 0.4558 -0.7626
vn -0.4015 0.4551 -0.7948
vn -0.3417 0.4545 -0.8226
vn -0.2799 0.4541 -0.8458
vn -0.2166 0.4537 -0.8644
vn -0.1521 0.4535 -0.8782
vn -0.0868 0.4532 -0.8872
vn -0.9558 0.2887 -0.0548
vn -0.9495 0.2873 -0.1261
vn -0.9379 0.2859 -0.1967
vn -0.9210 0.2845 -0.2662
vn -0.8989 0.2831 -0.3343
vn -0.8719 0.2818 -0.4006
vn -0.8399 0.2805 -0.4646
vn -0.8033 0.2792 -0.5261
vn -0.7622 0.2781 -0.5846
vn -0.7168 0.2770 -0.6399
vn -0.6674 0.2760 -0.6917
vn -0.6142 0.2751 -0.7396
vn -0.5577 0.2742 -0.7835
vn -0.4980 0.2734 -0.8230
vn -0.4355 0.2728 -0.8579
vn -0.3706 0.2721 -0.8880
vn -0.3037 0.2717 -0.9132
vn -0.2350 0.2713 -0.9334
vn -0.1650 0.2710 -0.9483
vn -0.0941 0.2708 -0.9580
vn -0.9939 0.0966 -0.0529
vn -0.9873 0.0951 -0.1270
vn -0.9752 0.0936 -0.2005
vn -0.9577 0.0921 -0.2728
vn -0.9347 0.0907 -0.3436
vn -0.9066 0.0893 -0.4124
vn -0.8734 0.0880 -0.4790
vn -0.8353 0.0868 -0.5430
vn -0.7925 0.0855 -0.6038
vn -0.7453 0.0844 -0.6614
vn -0.6939 0.0833 -0.7152
vn -0.6387 0.0823 -0.7651
vn -0.5799 0.0814 -0.8106
vn -0.5178 0.0806 -0.8517
vn -0.4528 0.0799 -0.8880
vn -0.3853 0.0793 -0.9194
vn -0.3157 0.0788 -0.9456
vn -0.2443 0.0784 -0.9665
vn -0.1715 0.0782 -0.9821
vn -0.0978 0.0779 -0.9922
vn 0.0816 -0.8722 0.4822
vn 0.1499 -0.8726 0.4649
vn 0.1829 -0.8728 0.4526
vn 0.4299 -0.8775 0.2123
vn 0.4625 -0.8795 0.1118
vn 0.0114 -0.8721 0.4892
vn -0.0224 -0.3094 -0.9507
vn -0.0180 -0.6496 -0.7601
vn 0.0226 -0.2708 0.9624
vn 0.0235 -0.0779 0.9967
vn 0.0108 0.8911 0.4536
vn 0.0020 0.9970 0.0780
vn -0.0027 0.9930 -0.1181
vn -0.0209 0.4533 -0.8911
vn -0.0226 0.2708 -0.9624
vn -0.0235 0.0779 -0.9967
vn -0.0234 -0.1180 -0.9927
vn -0.0224 -0.3093 -0.9507
vn -0.0206 -0.4888 -0.8722
vn 0.0206 0.4888 0.8721
vn -0.0153 0.7599 -0.6499
vn -0.0185 0.6184 -0.7856
vn 0.0026 -0.9930 0.1181
vn 0.0152 -0.7599 0.6499
vn 0.0185 -0.6184 0.7856
vn 0.0210 -0.4533 0.8911
vn 0.0227 -0.2707 0.9624
vn 0.0225 0.3093 0.9507
vn -0.0184 0.6185 -0.7856
vn -0.0235 0.0778 -0.9967
vn -0.0868 0.4534 -0.8871
vn -0.2167 0.4537 -0.8644
vn -0.3416 0.4546 -0.8226
vn -0.4591 0.4557 -0.7626
vn -0.6607 0.4591 -0.5939
vn -0.7025 0.4601 -0.5429
vn -0.7405 0.4611 -0.4889
vn -0.7742 0.4623 -0.4323
vn -0.8036 0.4635 -0.3733
vn -0.8286 0.4647 -0.3122
vn -0.8489 0.4659 -0.2495
vn -0.0210 0.4533 -0.8911
vn 0.0620 0.7854 0.6159
vn 0.1091 0.7853 0.6095
vn 0.2885 0.7841 0.5495
vn 0.3695 0.7831 0.5002
vn 0.4423 0.7819 0.4393
vn 0.5051 0.7806 0.3682
vn 0.5566 0.7790 0.2887
vn 0.5778 0.7781 0.2462
vn 0.6336 0.7735 0.0169
vn 0.9949 0.0978 -0.0254
vn 0.9566 0.2899 -0.0284
vn 0.8816 0.4709 -0.0303
vn 0.7728 0.6339 -0.0310
vn 0.6342 0.7726 -0.0305
vn 0.4712 0.8815 -0.0289
vn 0.2901 0.9567 -0.0261
vn 0.0977 0.9950 -0.0223
vn -0.0984 0.9950 -0.0177
vn -0.2907 0.9567 -0.0124
vn -0.4718 0.8817 -0.0067
vn -0.6348 0.7727 -0.0006
vn -0.7732 0.6341 0.0054
vn -0.8820 0.4712 0.0113
vn -0.9568 0.2902 0.0167
vn -0.9950 0.0980 0.0215
vn -0.9949 -0.0978 0.0254
vn -0.9566 -0.2899 0.0284
vn -0.8816 -0.4710 0.0303
vn -0.7728 -0.6339 0.0310
vn -0.6342 -0.7726 0.0305
vn -0.4712 -0.8816 0.0289
vn -0.2901 -0.9567 0.0261
vn -0.0977 -0.9950 0.0224
vn 0.0984 -0.9950 0.0177
vn 0.2907 -0.9567 0.0124
vn 0.4718 -0.8817 0.0066
vn 0.6347 -0.7727 0.0006
vn 0.7732 -0.6341 -0.0054
vn 0.8820 -0.4711 -0.0113
vn 0.9568 -0.2902 -0.0167
vn 0.9950 -0.0981 -0.0215
vn 0.0510 -0.1179 -0.9917
vn 0.1251 -0.1178 -0.9851
vn 0.1986 -0.1175 -0.9730
vn 0.2709 -0.1171 -0.9555
vn 0.3417 -0.1166 -0.9325
vn 0.4106 -0.1161 -0.9044
vn 0.4772 -0.1153 -0.8712
vn 0.5411 -0.1145 -0.8331
vn 0.6020 -0.1137 -0.7903
vn 0.6596 -0.1127 -0.7432
vn 0.7134 -0.1117 -0.6918
vn 0.7633 -0.1105 -0.6365
vn 0.8089 -0.1093 -0.5777
vn 0.8499 -0.1080 -0.5157
vn 0.8863 -0.1067 -0.4507
vn 0.9176 -0.1053 -0.3833
vn 0.9438 -0.1039 -0.3136
vn 0.9648 -0.1025 -0.2422
vn 0.9803 -0.1010 -0.1695
vn 0.9904 -0.0995 -0.0957
vn 0.0491 -0.3093 -0.9497
vn 0.1204 -0.3091 -0.9434
vn 0.1910 -0.3089 -0.9317
vn 0.2606 -0.3085 -0.9148
vn 0.3286 -0.3080 -0.8928
vn 0.3949 -0.3075 -0.8657
vn 0.4590 -0.3068 -0.8338
vn 0.5204 -0.3060 -0.7972
vn 0.5790 -0.3052 -0.7561
vn 0.6343 -0.3042 -0.7107
vn 0.6861 -0.3033 -0.6613
vn 0.7340 -0.3022 -0.6082
vn 0.7779 -0.3010 -0.5516
vn 0.8174 -0.2998 -0.4919
vn 0.8523 -0.2985 -0.4295
vn 0.8825 -0.2972 -0.3646
vn 0.9077 -0.2958 -0.2976
vn 0.9278 -0.2944 -0.2290
vn 0.9428 -0.2930 -0.1590
vn 0.9525 -0.2916 -0.0881
vn 0.0454 -0.4888 -0.8712
vn 0.1111 -0.4886 -0.8654
vn 0.1761 -0.4884 -0.8547
vn 0.2402 -0.4880 -0.8391
vn 0.3030 -0.4876 -0.8188
vn 0.3641 -0.4871 -0.7939
vn 0.4231 -0.4865 -0.7644
vn 0.4798 -0.4858 -0.7306
vn 0.5337 -0.4850 -0.6928
vn 0.5847 -0.4841 -0.6509
vn 0.6325 -0.4832 -0.6054
vn 0.6767 -0.4822 -0.5564
vn 0.7171 -0.4811 -0.5043
vn 0.7534 -0.4800 -0.4493
vn 0.7856 -0.4788 -0.3918
vn 0.8134 -0.4776 -0.3319
vn 0.8367 -0.4764 -0.2702
vn 0.8552 -0.4751 -0.2069
vn 0.8690 -0.4738 -0.1425
vn 0.8780 -0.4725 -0.0771
vn 0.0398 -0.6495 -0.7593
vn 0.0974 -0.6494 -0.7542
vn 0.1545 -0.6492 -0.7448
vn 0.2107 -0.6489 -0.7311
vn 0.2657 -0.6485 -0.7133
vn 0.3192 -0.6481 -0.6914
vn 0.3710 -0.6475 -0.6656
vn 0.4206 -0.6469 -0.6361
vn 0.4680 -0.6462 -0.6028
vn 0.5126 -0.6455 -0.5662
vn 0.5545 -0.6447 -0.5263
vn 0.5932 -0.6438 -0.4833
vn 0.6287 -0.6428 -0.4377
vn 0.6606 -0.6419 -0.3894
vn 0.6888 -0.6408 -0.3390
vn 0.7131 -0.6398 -0.2865
vn 0.7335 -0.6387 -0.2324
vn 0.7498 -0.6376 -0.1770
vn 0.7619 -0.6364 -0.1204
vn 0.7697 -0.6353 -0.0632
vn 0.0328 -0.7854 -0.6181
vn 0.0801 -0.7853 -0.6140
vn 0.1269 -0.7851 -0.6062
vn 0.1730 -0.7849 -0.5950
vn 0.2182 -0.7846 -0.5804
vn 0.2621 -0.7842 -0.5625
vn 0.3046 -0.7837 -0.5413
vn 0.3453 -0.7833 -0.5170
vn 0.3842 -0.7827 -0.4897
vn 0.4209 -0.7820 -0.4596
vn 0.4552 -0.7814 -0.4269
vn 0.4870 -0.7807 -0.3916
vn 0.5161 -0.7799 -0.3541
vn 0.5423 -0.7791 -0.3146
vn 0.5654 -0.7782 -0.2731
vn 0.5854 -0.7774 -0.2301
vn 0.6022 -0.7765 -0.1857
vn 0.6155 -0.7755 -0.1402
vn 0.6255 -0.7746 -0.0938
vn 0.6319 -0.7737 -0.0468
vn 0.0245 -0.8911 -0.4532
vn 0.0596 -0.8910 -0.4501
vn 0.0944 -0.8909 -0.4443
vn 0.1287 -0.8907 -0.4360
vn 0.1622 -0.8905 -0.4251
vn 0.1949 -0.8902 -0.4118
vn 0.2265 -0.8899 -0.3961
vn 0.2568 -0.8895 -0.3780
vn 0.2856 -0.8891 -0.3577
vn 0.3129 -0.8886 -0.3354
vn 0.3384 -0.8881 -0.3110
vn 0.3620 -0.8876 -0.2849
vn 0.3836 -0.8870 -0.2570
vn 0.4031 -0.8864 -0.2276
vn 0.4203 -0.8858 -0.1968
vn 0.4352 -0.8851 -0.1648
vn 0.4476 -0.8845 -0.1318
vn 0.4575 -0.8838 -0.0980
vn 0.4649 -0.8831 -0.0635
vn 0.4697 -0.8824 -0.0286
vn 0.0152 -0.9625 -0.2708
vn 0.0369 -0.9625 -0.2688
vn 0.0583 -0.9624 -0.2653
vn 0.0794 -0.9623 -0.2602
vn 0.1001 -0.9622 -0.2535
vn 0.1202 -0.9620 -0.2453
vn 0.1396 -0.9618 -0.2356
vn 0.1583 -0.9615 -0.2245
vn 0.1760 -0.9613 -0.2120
vn 0.1928 -0.9610 -0.1982
vn 0.2086 -0.9607 -0.1832
vn 0.2231 -0.9604 -0.1671
vn 0.2364 -0.9600 -0.1499
vn 0.2484 -0.9596 -0.1318
vn 0.2590 -0.9593 -0.1129
vn 0.2682 -0.9589 -0.0932
vn 0.2758 -0.9584 -0.0728
vn 0.2819 -0.9580 -0.0520
vn 0.2865 -0.9576 -0.0308
vn 0.2894 -0.9572 -0.0093
vn 0.0054 -0.9969 -0.0779
vn 0.0127 -0.9969 -0.0772
vn 0.0199 -0.9969 -0.0761
vn 0.0270 -0.9969 -0.0743
vn 0.0340 -0.9968 -0.0721
vn 0.0408 -0.9968 -0.0693
vn 0.0474 -0.9967 -0.0660
vn 0.0537 -0.9966 -0.0623
vn 0.0597 -0.9965 -0.0580
vn 0.0654 -0.9964 -0.0534
vn 0.0707 -0.9963 -0.0483
vn 0.0756 -0.9962 -0.0429
vn 0.0801 -0.9961 -0.0371
vn 0.0841 -0.9960 -0.0310
vn 0.0877 -0.9958 -0.0246
vn 0.0908 -0.9957 -0.0179
vn 0.0934 -0.9956 -0.0111
vn 0.0954 -0.9954 -0.0040
vn 0.0970 -0.9953 0.0031
vn 0.0980 -0.9951 0.0104
vn -0.0047 -0.9930 0.1180
vn -0.0120 -0.9930 0.1173
vn -0.0192 -0.9930 0.1161
vn -0.0263 -0.9931 0.1144
vn -0.0333 -0.9931 0.1121
vn -0.0401 -0.9932 0.1094
vn -0.0467 -0.9933 0.1061
vn -0.0530 -0.9933 0.1023
vn -0.0590 -0.9934 0.0981
vn -0.0647 -0.9935 0.0935
vn -0.0700 -0.9936 0.0884
vn -0.0749 -0.9937 0.0830
vn -0.0794 -0.9939 0.0772
vn -0.0834 -0.9940 0.0711
vn -0.0870 -0.9941 0.0647
vn -0.0901 -0.9942 0.0580
vn -0.0927 -0.9944 0.0511
vn -0.0947 -0.9945 0.0441
vn -0.0963 -0.9947 0.0369
vn -0.0973 -0.9948 0.0297
vn -0.0145 -0.9509 0.3093
vn -0.0362 -0.9509 0.3074
vn -0.0576 -0.9510 0.3039
vn -0.0787 -0.9511 0.2987
vn -0.0994 -0.9512 0.2920
vn -0.1195 -0.9514 0.2838
vn -0.1389 -0.9516 0.2741
vn -0.1576 -0.9518 0.2630
vn -0.1754 -0.9521 0.2505
vn -0.1922 -0.9524 0.2367
vn -0.2079 -0.9527 0.2218
vn -0.2224 -0.9530 0.2056
vn -0.2357 -0.9534 0.1885
vn -0.2477 -0.9537 0.1704
vn -0.2583 -0.9541 0.1514
vn -0.2675 -0.9545 0.1317
vn -0.2751 -0.9549 0.1114
vn -0.2812 -0.9554 0.0905
vn -0.2858 -0.9558 0.0693
vn -0.2887 -0.9562 0.0478
vn -0.0238 -0.8721 0.4887
vn -0.0590 -0.8722 0.4856
vn -0.0938 -0.8723 0.4799
vn -0.1281 -0.8725 0.4715
vn -0.1616 -0.8727 0.4607
vn -0.1943 -0.8730 0.4473
vn -0.2258 -0.8733 0.4316
vn -0.2561 -0.8737 0.4135
vn -0.2850 -0.8742 0.3932
vn -0.3123 -0.8746 0.3709
vn -0.3378 -0.8751 0.3466
vn -0.3614 -0.8756 0.3204
vn -0.3830 -0.8762 0.2925
vn -0.4025 -0.8768 0.2631
vn -0.4197 -0.8774 0.2323
vn -0.4346 -0.8781 0.2003
vn -0.4470 -0.8788 0.1673
vn -0.4569 -0.8794 0.1335
vn -0.4643 -0.8801 0.0990
vn -0.4691 -0.8808 0.0641
vn -0.0322 -0.7599 0.6492
vn -0.0795 -0.7600 0.6450
vn -0.1263 -0.7602 0.6373
vn -0.1725 -0.7604 0.6261
vn -0.2176 -0.7607 0.6115
vn -0.2615 -0.7611 0.5936
vn -0.3040 -0.7615 0.5724
vn -0.3448 -0.7620 0.5481
vn -0.3836 -0.7626 0.5208
vn -0.4203 -0.7632 0.4907
vn -0.4547 -0.7639 0.4580
vn -0.4864 -0.7646 0.4228
vn -0.5155 -0.7654 0.3852
vn -0.5417 -0.7662 0.3457
vn -0.5649 -0.7670 0.3043
vn -0.5849 -0.7679 0.2612
vn -0.6016 -0.7688 0.2168
vn -0.6150 -0.7697 0.1713
vn -0.6249 -0.7707 0.1249
vn -0.6313 -0.7716 0.0779
vn -0.0394 -0.6184 0.7848
vn -0.0970 -0.6186 0.7797
vn -0.1540 -0.6188 0.7703
vn -0.2102 -0.6191 0.7566
vn -0.2652 -0.6194 0.7389
vn -0.3188 -0.6199 0.7170
vn -0.3705 -0.6205 0.6912
vn -0.4202 -0.6211 0.6616
vn -0.4675 -0.6217 0.6284
vn -0.5122 -0.6225 0.5917
vn -0.5540 -0.6233 0.5518
vn -0.5928 -0.6242 0.5089
vn -0.6282 -0.6251 0.4632
vn -0.6601 -0.6261 0.4150
vn -0.6883 -0.6272 0.3645
vn -0.7127 -0.6282 0.3121
vn -0.7331 -0.6293 0.2580
vn -0.7494 -0.6304 0.2025
vn -0.7614 -0.6316 0.1460
vn -0.7693 -0.6327 0.0887
vn -0.0450 -0.4533 0.8902
vn -0.1107 -0.4534 0.8844
vn -0.1758 -0.4537 0.8736
vn -0.2399 -0.4540 0.8581
vn -0.3027 -0.4545 0.8378
vn -0.3637 -0.4550 0.8128
vn -0.4228 -0.4556 0.7834
vn -0.4794 -0.4563 0.7496
vn -0.5334 -0.4571 0.7117
vn -0.5844 -0.4580 0.6699
vn -0.6321 -0.4589 0.6244
vn -0.6763 -0.4599 0.5754
vn -0.7167 -0.4609 0.5233
vn -0.7531 -0.4621 0.4683
vn -0.7853 -0.4633 0.4107
vn -0.8131 -0.4645 0.3509
vn -0.8363 -0.4657 0.2892
vn -0.8549 -0.4670 0.2259
vn -0.8687 -0.4683 0.1614
vn -0.8776 -0.4696 0.0961
vn -0.0489 -0.2708 0.9614
vn -0.1202 -0.2710 0.9551
vn -0.1908 -0.2712 0.9434
vn -0.2604 -0.2716 0.9265
vn -0.3285 -0.2721 0.9045
vn -0.3947 -0.2727 0.8774
vn -0.4587 -0.2733 0.8455
vn -0.5202 -0.2740 0.8089
vn -0.5788 -0.2749 0.7677
vn -0.6341 -0.2759 0.7224
vn -0.6859 -0.2769 0.6730
vn -0.7338 -0.2779 0.6199
vn -0.7777 -0.2791 0.5633
vn -0.8172 -0.2803 0.5036
vn -0.8521 -0.2816 0.4412
vn -0.8823 -0.2829 0.3763
vn -0.9075 -0.2842 0.3093
vn -0.9276 -0.2856 0.2407
vn -0.9426 -0.2871 0.1707
vn -0.9523 -0.2885 0.0998
vn -0.0509 -0.0779 0.9957
vn -0.1251 -0.0781 0.9891
vn -0.1985 -0.0783 0.9770
vn -0.2708 -0.0787 0.9594
vn -0.3416 -0.0792 0.9365
vn -0.4105 -0.0798 0.9084
vn -0.4771 -0.0805 0.8751
vn -0.5411 -0.0813 0.8370
vn -0.6020 -0.0822 0.7943
vn -0.6595 -0.0831 0.7471
vn -0.7133 -0.0842 0.6957
vn -0.7632 -0.0854 0.6405
vn -0.8088 -0.0865 0.5817
vn -0.8499 -0.0878 0.5196
vn -0.8862 -0.0891 0.4547
vn -0.9175 -0.0905 0.3872
vn -0.9438 -0.0919 0.3176
vn -0.9647 -0.0934 0.2462
vn -0.9803 -0.0948 0.1734
vn -0.9903 -0.0963 0.0997
vn -0.0510 0.1179 0.9917
vn -0.1251 0.1177 0.9851
vn -0.1986 0.1175 0.9730
vn -0.2709 0.1171 0.9555
vn -0.3417 0.1166 0.9325
vn -0.4106 0.1160 0.9044
vn -0.4772 0.1153 0.8712
vn -0.5411 0.1145 0.8331
vn -0.6020 0.1137 0.7904
vn -0.6596 0.1127 0.7431
vn -0.7134 0.1116 0.6918
vn -0.7633 0.1105 0.6365
vn -0.8089 0.1093 0.5777
vn -0.8499 0.1080 0.5157
vn -0.8862 0.1068 0.4507
vn -0.9176 0.1053 0.3833
vn -0.9438 0.1040 0.3136
vn -0.9648 0.1025 0.2422
vn -0.9803 0.1011 0.1695
vn -0.9904 0.0995 0.0957
vn -0.0491 0.3093 0.9497
vn -0.1204 0.3091 0.9434
vn -0.1910 0.3089 0.9317
vn -0.2606 0.3084 0.9149
vn -0.3287 0.3080 0.8928
vn -0.3949 0.3075 0.8657
vn -0.4589 0.3068 0.8338
vn -0.5204 0.3060 0.7972
vn -0.5790 0.3052 0.7561
vn -0.6343 0.3043 0.7107
vn -0.6861 0.3032 0.6613
vn -0.7341 0.3021 0.6082
vn -0.7779 0.3010 0.5516
vn -0.8174 0.2998 0.4919
vn -0.8523 0.2985 0.4295
vn -0.8825 0.2972 0.3646
vn -0.9077 0.2958 0.2976
vn -0.9278 0.2944 0.2290
vn -0.9428 0.2930 0.1590
vn -0.9525 0.2916 0.0881
vn -0.0454 0.4888 0.8712
vn -0.1111 0.4886 0.8654
vn -0.1761 0.4884 0.8546
vn -0.2402 0.4880 0.8391
vn -0.3030 0.4876 0.8188
vn -0.3641 0.4871 0.7939
vn -0.4231 0.4865 0.7644
vn -0.4797 0.4858 0.7307
vn -0.5337 0.4850 0.6927
vn -0.5847 0.4842 0.6509
vn -0.6324 0.4832 0.6054
vn -0.6767 0.4822 0.5564
vn -0.7171 0.4811 0.5043
vn -0.7535 0.4800 0.4493
vn -0.7856 0.4789 0.3918
vn -0.8134 0.4776 0.3319
vn -0.8367 0.4764 0.2702
vn -0.8553 0.4751 0.2070
vn -0.8690 0.4738 0.1425
vn -0.8780 0.4725 0.0771
vn -0.0398 0.6495 0.7593
vn -0.0974 0.6494 0.7542
vn -0.1545 0.6492 0.7448
vn -0.2107 0.6489 0.7311
vn -0.2657 0.6485 0.7133
vn -0.3192 0.6480 0.6915
vn -0.3710 0.6475 0.6656
vn -0.4206 0.6469 0.6361
vn -0.4680 0.6462 0.6028
vn -0.5127 0.6455 0.5662
vn -0.5545 0.6447 0.5263
vn -0.5932 0.6438 0.4833
vn -0.6286 0.6429 0.4376
vn -0.6606 0.6419 0.3894
vn -0.6888 0.6408 0.3390
vn -0.7132 0.6398 0.2865
vn -0.7335 0.6387 0.2324
vn -0.7498 0.6375 0.1770
vn -0.7619 0.6364 0.1204
vn -0.7697 0.6353 0.0631
vn -0.0328 0.7854 0.6181
vn -0.0801 0.7853 0.6139
vn -0.1269 0.7851 0.6062
vn -0.1730 0.7849 0.5950
vn -0.2182 0.7846 0.5804
vn -0.2621 0.7842 0.5624
vn -0.3046 0.7838 0.5413
vn -0.3453 0.7832 0.5170
vn -0.3842 0.7827 0.4897
vn -0.4209 0.7821 0.4596
vn -0.4552 0.7814 0.4269
vn -0.4870 0.7807 0.3916
vn -0.5161 0.7799 0.3541
vn -0.5423 0.7791 0.3146
vn -0.5654 0.7783 0.2731
vn -0.5854 0.7774 0.2301
vn -0.6021 0.7765 0.1857
vn -0.6155 0.7756 0.1402
vn -0.6254 0.7746 0.0938
vn -0.6319 0.7737 0.0468
vn -0.0245 0.8911 0.4532
vn -0.0596 0.8910 0.4501
vn -0.0944 0.8909 0.4443
vn -0.1287 0.8907 0.4360
vn -0.1622 0.8905 0.4251
vn -0.1949 0.8902 0.4118
vn -0.2265 0.8899 0.3961
vn -0.2568 0.8895 0.3780
vn -0.2856 0.8891 0.3578
vn -0.3129 0.8886 0.3354
vn -0.3384 0.8881 0.3110
vn -0.3620 0.8876 0.2849
vn -0.3836 0.8870 0.2570
vn -0.4031 0.8864 0.2276
vn -0.4203 0.8858 0.1968
vn -0.4352 0.8851 0.1648
vn -0.4476 0.8845 0.1318
vn -0.4575 0.8838 0.0980
vn -0.4649 0.8831 0.0635
vn -0.4697 0.8824 0.0286
vn -0.0152 0.9625 0.2708
vn -0.0369 0.9625 0.2688
vn -0.0583 0.9624 0.2653
vn -0.0794 0.9623 0.2602
vn -0.1001 0.9621 0.2535
vn -0.1202 0.9620 0.2453
vn -0.1396 0.9618 0.2356
vn -0.1583 0.9615 0.2245
vn -0.1760 0.9613 0.2120
vn -0.1928 0.9610 0.1982
vn -0.2086 0.9607 0.1832
vn -0.2231 0.9604 0.1671
vn -0.2364 0.9600 0.1499
vn -0.2484 0.9596 0.1318
vn -0.2590 0.9593 0.1129
vn -0.2682 0.9589 0.0932
vn -0.2758 0.9584 0.0728
vn -0.2819 0.9580 0.0520
vn -0.2865 0.9576 0.0308
vn -0.2894 0.9572 0.0092
vn -0.0054 0.9969 0.0779
vn -0.0127 0.9969 0.0772
vn -0.0199 0.9969 0.0761
vn -0.0270 0.9969 0.0743
vn -0.0340 0.9968 0.0721
vn -0.0408 0.9968 0.0693
vn -0.0474 0.9967 0.0660
vn -0.0537 0.9966 0.0623
vn -0.0597 0.9965 0.0580
vn -0.0653 0.9964 0.0534
vn -0.0707 0.9963 0.0483
vn -0.0756 0.9962 0.0429
vn -0.0801 0.9961 0.0371
vn -0.0841 0.9960 0.0310
vn -0.0877 0.9958 0.0246
vn -0.0908 0.9957 0.0179
vn -0.0934 0.9956 0.0111
vn -0.0955 0.9954 0.0040
vn -0.0970 0.9953 -0.0031
vn -0.0980 0.9951 -0.0104
vn 0.0047 0.9930 -0.1180
vn 0.0120 0.9930 -0.1173
vn 0.0192 0.9930 -0.1161
vn 0.0263 0.9931 -0.1144
vn 0.0333 0.9931 -0.1121
vn 0.0401 0.9932 -0.1094
vn 0.0467 0.9933 -0.1061
vn 0.0530 0.9933 -0.1023
vn 0.0590 0.9934 -0.0981
vn 0.0646 0.9935 -0.0935
vn 0.0699 0.9936 -0.0884
vn 0.0749 0.9937 -0.0830
vn 0.0794 0.9939 -0.0772
vn 0.0834 0.9940 -0.0711
vn 0.0870 0.9941 -0.0647
vn 0.0901 0.9942 -0.0580
vn 0.0927 0.9944 -0.0511
vn 0.0947 0.9945 -0.0441
vn 0.0963 0.9947 -0.0369
vn 0.0973 0.9948 -0.0297
vn 0.0145 0.9509 -0.3093
vn 0.0362 0.9509 -0.3074
vn 0.0576 0.9510 -0.3039
vn 0.0787 0.9511 -0.2987
vn 0.0994 0.9512 -0.2920
vn 0.1195 0.9514 -0.2838
vn 0.1389 0.9516 -0.2741
vn 0.1576 0.9518 -0.2630
vn 0.1754 0.9521 -0.2505
vn 0.1922 0.9524 -0.2368
vn 0.2079 0.9527 -0.2218
vn 0.2224 0.9530 -0.2056
vn 0.2357 0.9534 -0.1885
vn 0.2477 0.9537 -0.1704
vn 0.2583 0.9541 -0.1514
vn 0.2675 0.9545 -0.1317
vn 0.2751 0.9549 -0.1114
vn 0.2812 0.9554 -0.0905
vn 0.2858 0.9558 -0.0693
vn 0.2887 0.9562 -0.0478
vn 0.0239 0.8721 -0.4887
vn 0.0590 0.8722 -0.4856
vn 0.0938 0.8723 -0.4798
vn 0.1281 0.8725 -0.4715
vn 0.1616 0.8727 -0.4607
vn 0.1943 0.8730 -0.4473
vn 0.2258 0.8734 -0.4316
vn 0.2561 0.8737 -0.4135
vn 0.2850 0.8741 -0.3933
vn 0.3123 0.8746 -0.3709
vn 0.3378 0.8751 -0.3466
vn 0.3614 0.8756 -0.3204
vn 0.3830 0.8762 -0.2925
vn 0.4025 0.8768 -0.2631
vn 0.4197 0.8774 -0.2323
vn 0.4346 0.8781 -0.2003
vn 0.4470 0.8787 -0.1673
vn 0.4569 0.8794 -0.1335
vn 0.4643 0.8801 -0.0990
vn 0.4691 0.8808 -0.0641
vn 0.0322 0.7599 -0.6493
vn 0.0795 0.7600 -0.6451
vn 0.1263 0.7601 -0.6374
vn 0.1725 0.7604 -0.6261
vn 0.2176 0.7607 -0.6115
vn 0.2615 0.7611 -0.5936
vn 0.3040 0.7615 -0.5724
vn 0.3448 0.7620 -0.5481
vn 0.3836 0.7626 -0.5208
vn 0.4203 0.7632 -0.4908
vn 0.4547 0.7639 -0.4580
vn 0.4865 0.7646 -0.4228
vn 0.5156 0.7654 -0.3853
vn 0.5417 0.7662 -0.3457
vn 0.5649 0.7670 -0.3043
vn 0.5849 0.7679 -0.2612
vn 0.6016 0.7688 -0.2168
vn 0.6150 0.7697 -0.1713
vn 0.6249 0.7707 -0.1249
vn 0.6313 0.7716 -0.0779
vn 0.0394 0.6185 -0.7848
vn 0.0970 0.6186 -0.7797
vn 0.1540 0.6188 -0.7703
vn 0.2102 0.6191 -0.7567
vn 0.2652 0.6195 -0.7389
vn 0.3188 0.6199 -0.7170
vn 0.3705 0.6205 -0.6912
vn 0.4202 0.6211 -0.6616
vn 0.4675 0.6218 -0.6284
vn 0.5122 0.6225 -0.5917
vn 0.5540 0.6233 -0.5518
vn 0.5928 0.6242 -0.5089
vn 0.6282 0.6252 -0.4632
vn 0.6601 0.6261 -0.4150
vn 0.6883 0.6272 -0.3645
vn 0.7127 0.6282 -0.3121
vn 0.7331 0.6293 -0.2580
vn 0.7494 0.6304 -0.2025
vn 0.7614 0.6316 -0.1460
vn 0.7693 0.6327 -0.0887
vn 0.0450 0.4533 -0.8902
vn 0.1107 0.4535 -0.8844
vn 0.1758 0.4537 -0.8736
vn 0.2399 0.4540 -0.8581
vn 0.3027 0.4545 -0.8378
vn 0.3637 0.4550 -0.8128
vn 0.4227 0.4556 -0.7834
vn 0.4794 0.4563 -0.7496
vn 0.5334 0.4571 -0.7117
vn 0.5844 0.4580 -0.6699
vn 0.6321 0.4589 -0.6244
vn 0.6763 0.4599 -0.5754
vn 0.7167 0.4609 -0.5233
vn 0.7531 0.4621 -0.4683
vn 0.7853 0.4632 -0.4107
vn 0.8131 0.4644 -0.3509
vn 0.8363 0.4657 -0.2892
vn 0.8549 0.4670 -0.2259
vn 0.8687 0.4683 -0.1614
vn 0.8776 0.4696 -0.0961
vn 0.0489 0.2708 -0.9614
vn 0.1202 0.2709 -0.9551
vn 0.1908 0.2712 -0.9434
vn 0.2604 0.2716 -0.9265
vn 0.3285 0.2721 -0.9045
vn 0.3947 0.2727 -0.8774
vn 0.4587 0.2733 -0.8455
vn 0.5202 0.2740 -0.8089
vn 0.5788 0.2749 -0.7678
vn 0.6341 0.2758 -0.7224
vn 0.6859 0.2768 -0.6730
vn 0.7338 0.2780 -0.6199
vn 0.7777 0.2791 -0.5633
vn 0.8172 0.2803 -0.5036
vn 0.8521 0.2816 -0.4412
vn 0.8823 0.2829 -0.3763
vn 0.9075 0.2842 -0.3093
vn 0.9276 0.2856 -0.2407
vn 0.9426 0.2870 -0.1707
vn 0.9523 0.2885 -0.0998
vn 0.0509 0.0779 -0.9957
vn 0.1251 0.0781 -0.9891
vn 0.1985 0.0784 -0.9770
vn 0.2708 0.0787 -0.9594
vn 0.3416 0.0792 -0.9365
vn 0.4105 0.0798 -0.9083
vn 0.4771 0.0805 -0.8751
vn 0.5411 0.0813 -0.8371
vn 0.6020 0.0822 -0.7943
vn 0.6595 0.0832 -0.7471
vn 0.7133 0.0842 -0.6957
vn 0.7632 0.0853 -0.6405
vn 0.8088 0.0865 -0.5817
vn 0.8499 0.0878 -0.5196
vn 0.8862 0.0891 -0.4547
vn 0.9175 0.0905 -0.3872
vn 0.9438 0.0919 -0.3176
vn 0.9647 0.0934 -0.2462
vn 0.9803 0.0948 -0.1734
vn 0.9903 0.0963 -0.0997
vn 0.0510 0.0779 -0.9957
vn 0.0238 0.8721 -0.4887
vn 0.0146 0.9509 -0.3093
vn 0.0046 0.9930 -0.1180
vn -0.0152 0.9625 0.2707
vn -0.0327 0.7854 0.6181
vn -0.0453 0.4888 0.8712
vn -0.0510 -0.0779 0.9957
vn -0.0394 -0.6185 0.7848
vn -0.0322 -0.7599 0.6493
vn 0.0244 -0.8911 -0.4532
vn 0.0328 -0.7854 -0.6182
vn 0.0399 -0.6495 -0.7593
vn 0.0454 -0.4887 -0.8713
vn 0.0399 -0.6496 -0.7593
vn -0.0146 -0.9508 0.3093
vn -0.0239 -0.8721 0.4887
vn -0.0489 -0.2709 0.9614
vn -0.0491 0.3092 0.9497
vn -0.0153 0.9625 0.2708
vn 0.0323 0.7599 -0.6492
vn 0.0510 -0.1180 -0.9917
vn 0.0453 -0.4888 -0.8712
vn -0.0146 -0.9509 0.3093
vn -0.0509 -0.0780 0.9957
vn -0.0510 0.1180 0.9917
vn -0.0398 0.6496 0.7593
vn -0.0328 0.7854 0.6182
vn -0.0053 0.9969 0.0779
vn 0.0145 0.9508 -0.3093
vn 0.0393 0.6184 -0.7848
vn 0.0490 0.2708 -0.9614
vn 0.0451 0.4533 -0.8902
vn 0.0394 0.6184 -0.7848
vn 0.0322 0.7598 -0.6493
vn -0.0151 0.9625 0.2708
vn -0.0244 0.8911 0.4531
vn -0.0328 0.7853 0.6182
vn -0.0399 0.6495 0.7593
vn -0.0492 0.3093 0.9497
vn -0.0451 -0.4533 0.8902
vn -0.0323 -0.7599 0.6493
vn -0.0046 -0.9930 0.1180
vn 0.0398 -0.6496 -0.7593
vn 0.0453 -0.4887 -0.8713
vn 0.0511 -0.1179 -0.9917
vn 0.0398 -0.6496 -0.7592
vn 0.0244 -0.8911 -0.4531
vn 0.0153 -0.9625 -0.2708
vn -0.0394 -0.6184 0.7849
vn -0.0490 -0.2708 0.9614
vn -0.0510 -0.0780 0.9956
vn -0.0511 0.1179 0.9917
vn -0.0453 0.4887 0.8713
vn -0.0327 0.7854 0.6182
vn -0.0153 0.9625 0.2707
vn 0.0393 0.6185 -0.7848
vn 0.0449 0.4533 -0.8902
vn 0.0511 0.0779 -0.9956
vt 1.000000 0.500000
vt 1.000000 1.000000
vt 0.968750 1.000000
vt 0.968750 0.500000
vt 0.937500 1.000000
vt 0.937500 0.500000
vt 0.906250 1.000000
vt 0.906250 0.500000
vt 0.875000 1.000000
vt 0.875000 0.500000
vt 0.843750 1.000000
vt 0.843750 0.500000
vt 0.812500 1.000000
vt 0.812500 0.500000
vt 0.781250 1.000000
vt 0.781250 0.500000
vt 0.750000 1.000000
vt 0.750000 0.500000
vt 0.718750 1.000000
vt 0.718750 0.500000
vt 0.687500 1.000000
vt 0.687500 0.500000
vt 0.656250 1.000000
vt 0.656250 0.500000
vt 0.625000 1.000000
vt 0.625000 0.500000
vt 0.593750 1.000000
vt 0.593750 0.500000
vt 0.562500 1.000000
vt 0.562500 0.500000
vt 0.531250 1.000000
vt 0.531250 0.500000
vt 0.500000 1.000000
vt 0.500000 0.500000
vt 0.468750 1.000000
vt 0.468750 0.500000
vt 0.437500 1.000000
vt 0.437500 0.500000
vt 0.406250 1.000000
vt 0.406250 0.500000
vt 0.375000 1.000000
vt 0.375000 0.500000
vt 0.343750 1.000000
vt 0.343750 0.500000
vt 0.312500 1.000000
vt 0.312500 0.500000
vt 0.281250 1.000000
vt 0.281250 0.500000
vt 0.250000 1.000000
vt 0.250000 0.500000
vt 0.218750 1.000000
vt 0.218750 0.500000
vt 0.187500 1.000000
vt 0.187500 0.500000
vt 0.156250 1.000000
vt 0.156250 0.500000
vt 0.125000 1.000000
vt 0.125000 0.500000
vt 0.093750 1.000000
vt 0.093750 0.500000
vt 0.062500 1.000000
vt 0.062500 0.500000
vt 0.296822 0.485388
vt 0.250000 0.490000
vt 0.203178 0.485388
vt 0.158156 0.471731
vt 0.116663 0.449553
vt 0.080294 0.419706
vt 0.050447 0.383337
vt 0.028269 0.341844
vt 0.014612 0.296822
vt 0.010000 0.250000
vt 0.014612 0.203178
vt 0.028269 0.158156
vt 0.050447 0.116663
vt 0.080294 0.080294
vt 0.116663 0.050447
vt 0.158156 0.028269
vt 0.203178 0.014612
vt 0.250000 0.010000
vt 0.296822 0.014612
vt 0.341844 0.028269
vt 0.383337 0.050447
vt 0.419706 0.080294
vt 0.449553 0.116663
vt 0.471731 0.158156
vt 0.485388 0.203178
vt 0.490000 0.250000
vt 0.485388 0.296822
vt 0.471731 0.341844
vt 0.449553 0.383337
vt 0.419706 0.419706
vt 0.383337 0.449553
vt 0.341844 0.471731
vt 0.031250 1.000000
vt 0.031250 0.500000
vt 0.000000 1.000000
vt 0.000000 0.500000
vt 0.750000 0.490000
vt 0.796822 0.485388
vt 0.841844 0.471731
vt 0.883337 0.449553
vt 0.919706 0.419706
vt 0.949553 0.383337
vt 0.971731 0.341844
vt 0.985388 0.296822
vt 0.990000 0.250000
vt 0.985388 0.203178
vt 0.971731 0.158156
vt 0.949553 0.116663
vt 0.919706 0.080294
vt 0.883337 0.050447
vt 0.841844 0.028269
vt 0.796822 0.014612
vt 0.750000 0.010000
vt 0.703178 0.014612
vt 0.658156 0.028269
vt 0.616663 0.050447
vt 0.580294 0.080294
vt 0.550447 0.116663
vt 0.528269 0.158156
vt 0.514612 0.203178
vt 0.510000 0.250000
vt 0.514612 0.296822
vt 0.528269 0.341844
vt 0.550447 0.383337
vt 0.580294 0.419706
vt 0.616663 0.449553
vt 0.658156 0.471731
vt 0.703178 0.485388
vt 1.000000 0.997024
vt 0.968750 0.997024
vt 0.937500 0.997024
vt 0.921875 0.997024
vt 0.921875 1.000000
vt 0.906250 0.997024
vt 0.875000 0.997024
vt 0.843750 0.997024
vt 0.812500 0.997024
vt 0.781250 0.997024
vt 0.750000 0.997024
vt 0.718750 0.997024
vt 0.687500 0.997024
vt 0.656250 0.997024
vt 0.640625 0.997024
vt 0.640625 1.000000
vt 0.625000 0.997024
vt 0.593750 0.997024
vt 0.562500 0.997024
vt 0.531250 0.997024
vt 0.500000 0.997024
vt 0.468750 0.997024
vt 0.437500 0.997024
vt 0.406250 0.997024
vt 0.375000 0.997024
vt 0.343750 0.997024
vt 0.328125 0.997024
vt 0.328125 1.000000
vt 0.312500 0.997024
vt 0.281250 0.997024
vt 0.250000 0.997024
vt 0.218750 0.997024
vt 0.187500 0.997024
vt 0.156250 0.997024
vt 0.125000 0.997024
vt 0.093750 0.997024
vt 0.062500 0.997024
vt 0.031250 0.997024
vt 0.000000 0.997024
vt 0.862590 0.460642
vt 0.934629 0.098479
vt 0.539358 0.137410
vt 0.031250 0.523810
vt 0.000000 0.523810
vt 0.031250 0.547619
vt 0.000000 0.547619
vt 0.031250 0.571429
vt 0.000000 0.571429
vt 0.031250 0.595238
vt 0.000000 0.595238
vt 0.031250 0.619048
vt 0.000000 0.619048
vt 0.031250 0.642857
vt 0.000000 0.642857
vt 0.031250 0.666667
vt 0.000000 0.666667
vt 0.031250 0.690476
vt 0.000000 0.690476
vt 0.031250 0.714286
vt 0.000000 0.714286
vt 0.031250 0.738095
vt 0.000000 0.738095
vt 0.031250 0.761905
vt 0.000000 0.761905
vt 0.031250 0.785714
vt 0.000000 0.785714
vt 0.031250 0.809524
vt 0.000000 0.809524
vt 0.031250 0.833333
vt 0.000000 0.833333
vt 0.031250 0.857143
vt 0.000000 0.857143
vt 0.031250 0.880952
vt 0.000000 0.880952
vt 0.031250 0.904762
vt 0.000000 0.904762
vt 0.031250 0.928571
vt 0.000000 0.928571
vt 0.031250 0.952381
vt 0.000000 0.952381
vt 0.031250 0.976191
vt 0.000000 0.976190
vt 0.062500 0.523810
vt 0.062500 0.547619
vt 0.062500 0.571429
vt 0.062500 0.595238
vt 0.062500 0.619048
vt 0.062500 0.642857
vt 0.062500 0.666667
vt 0.062500 0.690476
vt 0.062500 0.714286
vt 0.062500 0.738095
vt 0.062500 0.761905
vt 0.062500 0.785714
vt 0.062500 0.809524
vt 0.062500 0.833333
vt 0.062500 0.857143
vt 0.062500 0.880952
vt 0.062500 0.904762
vt 0.062500 0.928571
vt 0.062500 0.952381
vt 0.062500 0.976191
vt 0.093750 0.523810
vt 0.093750 0.547619
vt 0.093750 0.571429
vt 0.093750 0.595238
vt 0.093750 0.619048
vt 0.093750 0.642857
vt 0.093750 0.666667
vt 0.093750 0.690476
vt 0.093750 0.714286
vt 0.093750 0.738095
vt 0.093750 0.761905
vt 0.093750 0.785714
vt 0.093750 0.809524
vt 0.093750 0.833333
vt 0.093750 0.857143
vt 0.093750 0.880952
vt 0.093750 0.904762
vt 0.093750 0.928571
vt 0.093750 0.952381
vt 0.093750 0.976191
vt 0.125000 0.523810
vt 0.125000 0.547619
vt 0.125000 0.571429
vt 0.125000 0.595238
vt 0.125000 0.619048
vt 0.125000 0.642857
vt 0.125000 0.666667
vt 0.125000 0.690476
vt 0.125000 0.714286
vt 0.125000 0.738095
vt 0.125000 0.761905
vt 0.125000 0.785714
vt 0.125000 0.809524
vt 0.125000 0.833333
vt 0.125000 0.857143
vt 0.125000 0.880952
vt 0.125000 0.904762
vt 0.125000 0.928571
vt 0.125000 0.952381
vt 0.125000 0.976191
vt 0.156250 0.523810
vt 0.156250 0.547619
vt 0.156250 0.571429
vt 0.156250 0.595238
vt 0.156250 0.619048
vt 0.156250 0.642857
vt 0.156250 0.666667
vt 0.156250 0.690476
vt 0.156250 0.714286
vt 0.156250 0.738095
vt 0.156250 0.761905
vt 0.156250 0.785714
vt 0.156250 0.809524
vt 0.156250 0.833333
vt 0.156250 0.857143
vt 0.156250 0.880952
vt 0.156250 0.904762
vt 0.156250 0.928571
vt 0.156250 0.952381
vt 0.156250 0.976191
vt 0.187500 0.523810
vt 0.187500 0.547619
vt 0.187500 0.571429
vt 0.187500 0.595238
vt 0.187500 0.619048
vt 0.187500 0.642857
vt 0.187500 0.666667
vt 0.187500 0.690476
vt 0.187500 0.714286
vt 0.187500 0.738095
vt 0.187500 0.761905
vt 0.187500 0.785714
vt 0.187500 0.809524
vt 0.187500 0.833333
vt 0.187500 0.857143
vt 0.187500 0.880952
vt 0.187500 0.904762
vt 0.187500 0.928571
vt 0.187500 0.952381
vt 0.187500 0.976191
vt 0.218750 0.523810
vt 0.218750 0.547619
vt 0.218750 0.571429
vt 0.218750 0.595238
vt 0.218750 0.619048
vt 0.218750 0.642857
vt 0.218750 0.666667
vt 0.218750 0.690476
vt 0.218750 0.714286
vt 0.218750 0.738095
vt 0.218750 0.761905
vt 0.218750 0.785714
vt 0.218750 0.809524
vt 0.218750 0.833333
vt 0.218750 0.857143
vt 0.218750 0.880952
vt 0.218750 0.904762
vt 0.218750 0.928571
vt 0.218750 0.952381
vt 0.218750 0.976191
vt 0.250000 0.523810
vt 0.250000 0.547619
vt 0.250000 0.571429
vt 0.250000 0.595238
vt 0.250000 0.619048
vt 0.250000 0.642857
vt 0.250000 0.666667
vt 0.250000 0.690476
vt 0.250000 0.714286
vt 0.250000 0.738095
vt 0.250000 0.761905
vt 0.250000 0.785714
vt 0.250000 0.809524
vt 0.250000 0.833333
vt 0.250000 0.857143
vt 0.250000 0.880952
vt 0.250000 0.904762
vt 0.250000 0.928571
vt 0.250000 0.952381
vt 0.250000 0.976191
vt 0.281250 0.523810
vt 0.281250 0.547619
vt 0.281250 0.571429
vt 0.281250 0.595238
vt 0.281250 0.619048
vt 0.281250 0.642857
vt 0.281250 0.666667
vt 0.281250 0.690476
vt 0.281250 0.714286
vt 0.281250 0.738095
vt 0.281250 0.761905
vt 0.281250 0.785714
vt 0.281250 0.809524
vt 0.281250 0.833333
vt 0.281250 0.857143
vt 0.281250 0.880952
vt 0.281250 0.904762
vt 0.281250 0.928571
vt 0.281250 0.952381
vt 0.281250 0.976191
vt 0.312500 0.523810
vt 0.312500 0.547619
vt 0.312500 0.571429
vt 0.312500 0.595238
vt 0.312500 0.619048
vt 0.312500 0.642857
vt 0.312500 0.666667
vt 0.312500 0.690476
vt 0.312500 0.714286
vt 0.312500 0.738095
vt 0.312500 0.761905
vt 0.312500 0.785714
vt 0.312500 0.809524
vt 0.312500 0.833333
vt 0.312500 0.857143
vt 0.312500 0.880952
vt 0.312500 0.904762
vt 0.312500 0.928571
vt 0.312500 0.952381
vt 0.312500 0.976191
vt 0.328125 0.500000
vt 0.328125 0.523810
vt 0.328125 0.547619
vt 0.328125 0.571429
vt 0.328125 0.595238
vt 0.328125 0.619048
vt 0.328125 0.642857
vt 0.328125 0.666667
vt 0.328125 0.690476
vt 0.328125 0.714286
vt 0.328125 0.738095
vt 0.328125 0.761905
vt 0.328125 0.785714
vt 0.328125 0.809524
vt 0.328125 0.833333
vt 0.328125 0.857143
vt 0.328125 0.880952
vt 0.328125 0.904762
vt 0.328125 0.928571
vt 0.328125 0.952381
vt 0.328125 0.976191
vt 0.375000 0.523810
vt 0.343750 0.523810
vt 0.375000 0.547619
vt 0.343750 0.547619
vt 0.375000 0.571429
vt 0.343750 0.571429
vt 0.375000 0.595238
vt 0.343750 0.595238
vt 0.375000 0.619048
vt 0.343750 0.619048
vt 0.375000 0.642857
vt 0.343750 0.642857
vt 0.375000 0.666667
vt 0.343750 0.666667
vt 0.375000 0.690476
vt 0.343750 0.690476
vt 0.375000 0.714286
vt 0.343750 0.714286
vt 0.375000 0.738095
vt 0.343750 0.738095
vt 0.375000 0.761905
vt 0.343750 0.761905
vt 0.375000 0.785714
vt 0.343750 0.785714
vt 0.375000 0.809524
vt 0.343750 0.809524
vt 0.375000 0.833333
vt 0.343750 0.833333
vt 0.375000 0.857143
vt 0.343750 0.857143
vt 0.375000 0.880952
vt 0.343750 0.880952
vt 0.375000 0.904762
vt 0.343750 0.904762
vt 0.375000 0.928571
vt 0.343750 0.928571
vt 0.375000 0.952381
vt 0.343750 0.952381
vt 0.375000 0.976191
vt 0.343750 0.976191
vt 0.406250 0.523810
vt 0.406250 0.547619
vt 0.406250 0.571429
vt 0.406250 0.595238
vt 0.406250 0.619048
vt 0.406250 0.642857
vt 0.406250 0.666667
vt 0.406250 0.690476
vt 0.406250 0.714286
vt 0.406250 0.738095
vt 0.406250 0.761905
vt 0.406250 0.785714
vt 0.406250 0.809524
vt 0.406250 0.833333
vt 0.406250 0.857143
vt 0.406250 0.880952
vt 0.406250 0.904762
vt 0.406250 0.928571
vt 0.406250 0.952381
vt 0.406250 0.976191
vt 0.437500 0.523810
vt 0.437500 0.547619
vt 0.437500 0.571429
vt 0.437500 0.595238
vt 0.437500 0.619048
vt 0.437500 0.642857
vt 0.437500 0.666667
vt 0.437500 0.690476
vt 0.437500 0.714286
vt 0.437500 0.738095
vt 0.437500 0.761905
vt 0.437500 0.785714
vt 0.437500 0.809524
vt 0.437500 0.833333
vt 0.437500 0.857143
vt 0.437500 0.880952
vt 0.437500 0.904762
vt 0.437500 0.928571
vt 0.437500 0.952381
vt 0.437500 0.976191
vt 0.468750 0.523810
vt 0.468750 0.547619
vt 0.468750 0.571429
vt 0.468750 0.595238
vt 0.468750 0.619048
vt 0.468750 0.642857
vt 0.468750 0.666667
vt 0.468750 0.690476
vt 0.468750 0.714286
vt 0.468750 0.738095
vt 0.468750 0.761905
vt 0.468750 0.785714
vt 0.468750 0.809524
vt 0.468750 0.833333
vt 0.468750 0.857143
vt 0.468750 0.880952
vt 0.468750 0.904762
vt 0.468750 0.928571
vt 0.468750 0.952381
vt 0.468750 0.976191
vt 0.500000 0.523810
vt 0.500000 0.547619
vt 0.500000 0.571429
vt 0.500000 0.595238
vt 0.500000 0.619048
vt 0.500000 0.642857
vt 0.500000 0.666667
vt 0.500000 0.690476
vt 0.500000 0.714286
vt 0.500000 0.738095
vt 0.500000 0.761905
vt 0.500000 0.785714
vt 0.500000 0.809524
vt 0.500000 0.833333
vt 0.500000 0.857143
vt 0.500000 0.880952
vt 0.500000 0.904762
vt 0.500000 0.928571
vt 0.500000 0.952381
vt 0.500000 0.976191
vt 0.531250 0.523810
vt 0.531250 0.547619
vt 0.531250 0.571429
vt 0.531250 0.595238
vt 0.531250 0.619048
vt 0.531250 0.642857
vt 0.531250 0.666667
vt 0.531250 0.690476
vt 0.531250 0.714286
vt 0.531250 0.738095
vt 0.531250 0.761905
vt 0.531250 0.785714
vt 0.531250 0.809524
vt 0.531250 0.833333
vt 0.531250 0.857143
vt 0.531250 0.880952
vt 0.531250 0.904762
vt 0.531250 0.928571
vt 0.531250 0.952381
vt 0.531250 0.976191
vt 0.562500 0.523810
vt 0.562500 0.547619
vt 0.562500 0.571429
vt 0.562500 0.595238
vt 0.562500 0.619048
vt 0.562500 0.642857
vt 0.562500 0.666667
vt 0.562500 0.690476
vt 0.562500 0.714286
vt 0.562500 0.738095
vt 0.562500 0.761905
vt 0.562500 0.785714
vt 0.562500 0.809524
vt 0.562500 0.833333
vt 0.562500 0.857143
vt 0.562500 0.880952
vt 0.562500 0.904762
vt 0.562500 0.928571
vt 0.562500 0.952381
vt 0.562500 0.976191
vt 0.593750 0.523810
vt 0.593750 0.547619
vt 0.593750 0.571429
vt 0.593750 0.595238
vt 0.593750 0.619048
vt 0.593750 0.642857
vt 0.593750 0.666667
vt 0.593750 0.690476
vt 0.593750 0.714286
vt 0.593750 0.738095
vt 0.593750 0.761905
vt 0.593750 0.785714
vt 0.593750 0.809524
vt 0.593750 0.833333
vt 0.593750 0.857143
vt 0.593750 0.880952
vt 0.593750 0.904762
vt 0.593750 0.928571
vt 0.593750 0.952381
vt 0.593750 0.976191
vt 0.625000 0.523810
vt 0.625000 0.547619
vt 0.625000 0.571429
vt 0.625000 0.595238
vt 0.625000 0.619048
vt 0.625000 0.642857
vt 0.625000 0.666667
vt 0.625000 0.690476
vt 0.625000 0.714286
vt 0.625000 0.738095
vt 0.625000 0.761905
vt 0.625000 0.785714
vt 0.625000 0.809524
vt 0.625000 0.833333
vt 0.625000 0.857143
vt 0.625000 0.880952
vt 0.625000 0.904762
vt 0.625000 0.928571
vt 0.625000 0.952381
vt 0.625000 0.976191
vt 0.640625 0.500000
vt 0.640625 0.523810
vt 0.640625 0.547619
vt 0.640625 0.571429
vt 0.640625 0.595238
vt 0.640625 0.619048
vt 0.640625 0.642857
vt 0.640625 0.666667
vt 0.640625 0.690476
vt 0.640625 0.714286
vt 0.640625 0.738095
vt 0.640625 0.761905
vt 0.640625 0.785714
vt 0.640625 0.809524
vt 0.640625 0.833333
vt 0.640625 0.857143
vt 0.640625 0.880952
vt 0.640625 0.904762
vt 0.640625 0.928571
vt 0.640625 0.952381
vt 0.640625 0.976190
vt 0.687500 0.523810
vt 0.656250 0.523810
vt 0.687500 0.547619
vt 0.656250 0.547619
vt 0.687500 0.571429
vt 0.656250 0.571429
vt 0.687500 0.595238
vt 0.656250 0.595238
vt 0.687500 0.619048
vt 0.656250 0.619048
vt 0.687500 0.642857
vt 0.656250 0.642857
vt 0.687500 0.666667
vt 0.656250 0.666667
vt 0.687500 0.690476
vt 0.656250 0.690476
vt 0.687500 0.714286
vt 0.656250 0.714286
vt 0.687500 0.738095
vt 0.656250 0.738095
vt 0.687500 0.761905
vt 0.656250 0.761905
vt 0.687500 0.785714
vt 0.656250 0.785714
vt 0.687500 0.809524
vt 0.656250 0.809524
vt 0.687500 0.833333
vt 0.656250 0.833333
vt 0.687500 0.857143
vt 0.656250 0.857143
vt 0.687500 0.880952
vt 0.656250 0.880952
vt 0.687500 0.904762
vt 0.656250 0.904762
vt 0.687500 0.928571
vt 0.656250 0.928571
vt 0.687500 0.952381
vt 0.656250 0.952381
vt 0.687500 0.976191
vt 0.656250 0.976191
vt 0.718750 0.523810
vt 0.718750 0.547619
vt 0.718750 0.571429
vt 0.718750 0.595238
vt 0.718750 0.619048
vt 0.718750 0.642857
vt 0.718750 0.666667
vt 0.718750 0.690476
vt 0.718750 0.714286
vt 0.718750 0.738095
vt 0.718750 0.761905
vt 0.718750 0.785714
vt 0.718750 0.809524
vt 0.718750 0.833333
vt 0.718750 0.857143
vt 0.718750 0.880952
vt 0.718750 0.904762
vt 0.718750 0.928571
vt 0.718750 0.952381
vt 0.718750 0.976191
vt 0.750000 0.523810
vt 0.750000 0.547619
vt 0.750000 0.571429
vt 0.750000 0.595238
vt 0.750000 0.619048
vt 0.750000 0.642857
vt 0.750000 0.666667
vt 0.750000 0.690476
vt 0.750000 0.714286
vt 0.750000 0.738095
vt 0.750000 0.761905
vt 0.750000 0.785714
vt 0.750000 0.809524
vt 0.750000 0.833333
vt 0.750000 0.857143
vt 0.750000 0.880952
vt 0.750000 0.904762
vt 0.750000 0.928571
vt 0.750000 0.952381
vt 0.750000 0.976191
vt 0.781250 0.523810
vt 0.781250 0.547619
vt 0.781250 0.571429
vt 0.781250 0.595238
vt 0.781250 0.619048
vt 0.781250 0.642857
vt 0.781250 0.666667
vt 0.781250 0.690476
vt 0.781250 0.714286
vt 0.781250 0.738095
vt 0.781250 0.761905
vt 0.781250 0.785714
vt 0.781250 0.809524
vt 0.781250 0.833333
vt 0.781250 0.857143
vt 0.781250 0.880952
vt 0.781250 0.904762
vt 0.781250 0.928571
vt 0.781250 0.952381
vt 0.781250 0.976191
vt 0.812500 0.523810
vt 0.812500 0.547619
vt 0.812500 0.571429
vt 0.812500 0.595238
vt 0.812500 0.619048
vt 0.812500 0.642857
vt 0.812500 0.666667
vt 0.812500 0.690476
vt 0.812500 0.714286
vt 0.812500 0.738095
vt 0.812500 0.761905
vt 0.812500 0.785714
vt 0.812500 0.809524
vt 0.812500 0.833333
vt 0.812500 0.857143
vt 0.812500 0.880952
vt 0.812500 0.904762
vt 0.812500 0.928571
vt 0.812500 0.952381
vt 0.812500 0.976191
vt 0.843750 0.523810
vt 0.843750 0.547619
vt 0.843750 0.571429
vt 0.843750 0.595238
vt 0.843750 0.619048
vt 0.843750 0.642857
vt 0.843750 0.666667
vt 0.843750 0.690476
vt 0.843750 0.714286
vt 0.843750 0.738095
vt 0.843750 0.761905
vt 0.843750 0.785714
vt 0.843750 0.809524
vt 0.843750 0.833333
vt 0.843750 0.857143
vt 0.843750 0.880952
vt 0.843750 0.904762
vt 0.843750 0.928571
vt 0.843750 0.952381
vt 0.843750 0.976191
vt 0.875000 0.523810
vt 0.875000 0.547619
vt 0.875000 0.571429
vt 0.875000 0.595238
vt 0.875000 0.619048
vt 0.875000 0.642857
vt 0.875000 0.666667
vt 0.875000 0.690476
vt 0.875000 0.714286
vt 0.875000 0.738095
vt 0.875000 0.761905
vt 0.875000 0.785714
vt 0.875000 0.809524
vt 0.875000 0.833333
vt 0.875000 0.857143
vt 0.875000 0.880952
vt 0.875000 0.904762
vt 0.875000 0.928571
vt 0.875000 0.952381
vt 0.875000 0.976191
vt 0.906250 0.523810
vt 0.906250 0.547619
vt 0.906250 0.571429
vt 0.906250 0.595238
vt 0.906250 0.619048
vt 0.906250 0.642857
vt 0.906250 0.666667
vt 0.906250 0.690476
vt 0.906250 0.714286
vt 0.906250 0.738095
vt 0.906250 0.761905
vt 0.906250 0.785714
vt 0.906250 0.809524
vt 0.906250 0.833333
vt 0.906250 0.857143
vt 0.906250 0.880952
vt 0.906250 0.904762
vt 0.906250 0.928571
vt 0.906250 0.952381
vt 0.906250 0.976191
vt 0.921875 0.500000
vt 0.921875 0.523810
vt 0.921875 0.547619
vt 0.921875 0.571429
vt 0.921875 0.595238
vt 0.921875 0.619048
vt 0.921875 0.642857
vt 0.921875 0.666667
vt 0.921875 0.690476
vt 0.921875 0.714286
vt 0.921875 0.738095
vt 0.921875 0.761905
vt 0.921875 0.785714
vt 0.921875 0.809524
vt 0.921875 0.833333
vt 0.921875 0.857143
vt 0.921875 0.880952
vt 0.921875 0.904762
vt 0.921875 0.928572
vt 0.921875 0.952381
vt 0.921875 0.976190
vt 0.968750 0.523810
vt 0.937500 0.523810
vt 0.968750 0.547619
vt 0.937500 0.547619
vt 0.968750 0.571429
vt 0.937500 0.571429
vt 0.968750 0.595238
vt 0.937500 0.595238
vt 0.968750 0.619048
vt 0.937500 0.619048
vt 0.968750 0.642857
vt 0.937500 0.642857
vt 0.968750 0.666667
vt 0.937500 0.666667
vt 0.968750 0.690476
vt 0.937500 0.690476
vt 0.968750 0.714286
vt 0.937500 0.714286
vt 0.968750 0.738095
vt 0.937500 0.738095
vt 0.968750 0.761905
vt 0.937500 0.761905
vt 0.968750 0.785714
vt 0.937500 0.785714
vt 0.968750 0.809524
vt 0.937500 0.809524
vt 0.968750 0.833333
vt 0.937500 0.833333
vt 0.968750 0.857143
vt 0.937500 0.857143
vt 0.968750 0.880952
vt 0.937500 0.880952
vt 0.968750 0.904762
vt 0.937500 0.904762
vt 0.968750 0.928572
vt 0.937500 0.928571
vt 0.968750 0.952381
vt 0.937500 0.952381
vt 0.968750 0.976191
vt 0.937500 0.976191
vt 1.000000 0.523810
vt 1.000000 0.547619
vt 1.000000 0.571429
vt 1.000000 0.595238
vt 1.000000 0.619048
vt 1.000000 0.642857
vt 1.000000 0.666667
vt 1.000000 0.690476
vt 1.000000 0.714286
vt 1.000000 0.738095
vt 1.000000 0.761905
vt 1.000000 0.785714
vt 1.000000 0.809524
vt 1.000000 0.833333
vt 1.000000 0.857143
vt 1.000000 0.880952
vt 1.000000 0.904762
vt 1.000000 0.928571
vt 1.000000 0.952381
vt 1.000000 0.976190
vt 0.343750 0.988095
vt 0.328125 0.988095
vt 0.031250 0.988095
vt 0.000000 0.988095
vt 0.062500 0.988095
vt 0.093750 0.988095
vt 0.125000 0.988095
vt 0.156250 0.988095
vt 0.187500 0.988095
vt 0.218750 0.988095
vt 0.250000 0.988095
vt 0.281250 0.988095
vt 0.312500 0.988095
vt 0.375000 0.988095
vt 0.406250 0.988095
vt 0.437500 0.988095
vt 0.468750 0.988095
vt 0.500000 0.988095
vt 0.531250 0.988095
vt 0.562500 0.988095
vt 0.593750 0.988095
vt 0.625000 0.988095
vt 0.640625 0.988095
vt 0.687500 0.988095
vt 0.656250 0.988095
vt 0.718750 0.988095
vt 0.750000 0.988095
vt 0.781250 0.988095
vt 0.812500 0.988095
vt 0.843750 0.988095
vt 0.875000 0.988095
vt 0.906250 0.988095
vt 0.921875 0.988095
vt 0.968750 0.988095
vt 0.937500 0.988095
vt 1.000000 0.988095
vt 0.343750 0.994048
vt 0.328125 0.994047
vt 0.031250 0.994048
vt 0.000000 0.994048
vt 0.062500 0.994048
vt 0.093750 0.994048
vt 0.125000 0.994048
vt 0.156250 0.994048
vt 0.187500 0.994048
vt 0.218750 0.994048
vt 0.250000 0.994048
vt 0.281250 0.994048
vt 0.312500 0.994048
vt 0.375000 0.994048
vt 0.406250 0.994048
vt 0.437500 0.994047
vt 0.468750 0.994048
vt 0.500000 0.994048
vt 0.531250 0.994048
vt 0.562500 0.994047
vt 0.593750 0.994048
vt 0.625000 0.994048
vt 0.640625 0.994048
vt 0.687500 0.994048
vt 0.656250 0.994048
vt 0.718750 0.994048
vt 0.750000 0.994048
vt 0.781250 0.994048
vt 0.812500 0.994048
vt 0.843750 0.994047
vt 0.875000 0.994048
vt 0.906250 0.994048
vt 0.921875 0.994048
vt 0.968750 0.994048
vt 0.937500 0.994048
vt 1.000000 0.994048
vt 0.031250 0.511905
vt 0.000000 0.511905
vt 0.062500 0.511905
vt 0.093750 0.511905
vt 0.125000 0.511905
vt 0.156250 0.511905
vt 0.187500 0.511905
vt 0.218750 0.511905
vt 0.250000 0.511905
vt 0.281250 0.511905
vt 0.312500 0.511905
vt 0.343750 0.511905
vt 0.375000 0.511905
vt 0.406250 0.511905
vt 0.437500 0.511905
vt 0.468750 0.511905
vt 0.500000 0.511905
vt 0.531250 0.511905
vt 0.562500 0.511905
vt 0.593750 0.511905
vt 0.625000 0.511905
vt 0.656250 0.511905
vt 0.687500 0.511905
vt 0.718750 0.511905
vt 0.750000 0.511905
vt 0.781250 0.511905
vt 0.812500 0.511905
vt 0.843750 0.511905
vt 0.875000 0.511905
vt 0.906250 0.511905
vt 0.937500 0.511905
vt 0.968750 0.511905
vt 1.000000 0.511905
vt 1.000000 0.508929
vt 0.968750 0.508929
vt 0.937500 0.508929
vt 0.906250 0.508929
vt 0.875000 0.508929
vt 0.843750 0.508929
vt 0.812500 0.508929
vt 0.781250 0.508929
vt 0.750000 0.508929
vt 0.718750 0.508929
vt 0.687500 0.508929
vt 0.656250 0.508929
vt 0.625000 0.508929
vt 0.593750 0.508929
vt 0.562500 0.508929
vt 0.531250 0.508929
vt 0.500000 0.508929
vt 0.468750 0.508929
vt 0.437500 0.508929
vt 0.406250 0.508929
vt 0.375000 0.508929
vt 0.343750 0.508929
vt 0.312500 0.508929
vt 0.281250 0.508929
vt 0.250000 0.508929
vt 0.218750 0.508929
vt 0.187500 0.508929
vt 0.156250 0.508929
vt 0.125000 0.508929
vt 0.093750 0.508929
vt 0.062500 0.508929
vt 0.031250 0.508929
vt 0.000000 0.508929
vt 0.031250 0.502976
vt 0.031250 0.505952
vt 0.000000 0.505952
vt 0.000000 0.502976
vt 0.062500 0.502976
vt 0.062500 0.505952
vt 0.093750 0.502976
vt 0.093750 0.505952
vt 0.125000 0.502976
vt 0.125000 0.505952
vt 0.156250 0.502976
vt 0.156250 0.505952
vt 0.187500 0.502976
vt 0.187500 0.505952
vt 0.218750 0.502976
vt 0.218750 0.505952
vt 0.250000 0.502976
vt 0.250000 0.505952
vt 0.281250 0.502976
vt 0.281250 0.505952
vt 0.312500 0.502976
vt 0.312500 0.505952
vt 0.343750 0.502976
vt 0.343750 0.505952
vt 0.375000 0.502976
vt 0.375000 0.505952
vt 0.406250 0.502976
vt 0.406250 0.505952
vt 0.437500 0.502976
vt 0.437500 0.505952
vt 0.468750 0.502976
vt 0.468750 0.505952
vt 0.500000 0.502976
vt 0.500000 0.505952
vt 0.531250 0.502976
vt 0.531250 0.505952
vt 0.562500 0.502976
vt 0.562500 0.505952
vt 0.593750 0.502976
vt 0.593750 0.505952
vt 0.625000 0.502976
vt 0.625000 0.505952
vt 0.656250 0.502976
vt 0.656250 0.505952
vt 0.687500 0.502976
vt 0.687500 0.505952
vt 0.718750 0.502976
vt 0.718750 0.505952
vt 0.750000 0.502976
vt 0.750000 0.505952
vt 0.781250 0.502976
vt 0.781250 0.505952
vt 0.812500 0.502976
vt 0.812500 0.505952
vt 0.843750 0.502976
vt 0.843750 0.505952
vt 0.875000 0.502976
vt 0.875000 0.505952
vt 0.906250 0.502976
vt 0.906250 0.505952
vt 0.937500 0.502976
vt 0.937500 0.505952
vt 0.968750 0.502976
vt 0.968750 0.505952
vt 1.000000 0.502976
vt 1.000000 0.505952
vt 1.000000 0.501488
vt 0.968750 0.501488
vt 0.937500 0.501488
vt 0.906250 0.501488
vt 0.875000 0.501488
vt 0.843750 0.501488
vt 0.812500 0.501488
vt 0.781250 0.501488
vt 0.750000 0.501488
vt 0.718750 0.501488
vt 0.687500 0.501488
vt 0.656250 0.501488
vt 0.625000 0.501488
vt 0.593750 0.501488
vt 0.562500 0.501488
vt 0.531250 0.501488
vt 0.500000 0.501488
vt 0.468750 0.501488
vt 0.437500 0.501488
vt 0.406250 0.501488
vt 0.375000 0.501488
vt 0.343750 0.501488
vt 0.312500 0.501488
vt 0.281250 0.501488
vt 0.250000 0.501488
vt 0.218750 0.501488
vt 0.187500 0.501488
vt 0.156250 0.501488
vt 0.125000 0.501488
vt 0.093750 0.501488
vt 0.062500 0.501488
vt 0.031250 0.501488
vt 0.000000 0.501488
s 0
f 172/230/41 173/231/41 175/232/41 174/233/41
f 174/233/42 175/232/42 177/234/42 176/235/42
f 176/235/43 177/234/43 179/236/43 178/237/43
f 178/237/44 179/236/44 181/238/44 180/239/44
f 180/239/45 181/238/45 183/240/45 182/241/45
f 182/241/46 183/240/46 185/242/46 184/243/46
f 184/243/47 185/242/47 187/244/47 186/245/47
f 186/245/48 187/244/48 189/246/48 188/247/48
f 188/247/49 189/246/49 191/248/49 190/249/49
f 190/249/50 191/248/50 193/250/50 192/251/50
f 192/251/51 193/250/51 195/252/51 194/253/51
f 194/253/52 195/252/52 197/254/52 196/255/52
f 196/255/53 197/254/53 199/256/53 198/257/53
f 198/257/54 199/256/54 201/258/54 200/259/54
f 200/259/55 201/258/55 203/260/55 202/261/55
f 202/261/56 203/260/56 205/262/56 204/263/56
f 204/263/57 205/262/57 207/264/57 206/265/57
f 206/265/58 207/264/58 209/266/58 208/267/58
f 208/267/59 209/266/59 211/268/59 210/269/59
f 210/269/60 211/268/60 213/270/60 212/271/60
f 212/271/61 213/270/61 215/272/61 214/273/61
f 214/273/62 215/272/62 217/274/62 216/275/62
f 216/275/63 217/274/63 219/276/63 218/277/63
f 218/277/64 219/276/64 221/278/64 220/279/64
f 220/279/65 221/278/65 223/280/65 222/281/65
f 222/281/66 223/280/66 225/282/66 224/283/66
f 224/283/67 225/282/67 227/284/67 226/285/67
f 226/285/68 227/284/68 229/286/68 228/287/68
f 228/287/69 229/286/69 231/288/69 230/289/69
f 230/289/70 231/288/70 233/290/70 232/291/70
f 175/292/71 173/293/71 235/294/71 233/295/71 231/296/71 229/297/71 227/298/71 225/299/71 223/300/71 221/301/71 219/302/71 217/303/71 215/304/71 213/305/71 211/306/71 209/307/71 207/308/71 205/309/71 203/310/71 201/311/71 199/312/71 197/313/71 195/314/71 193/315/71 191/316/71 189/317/71 187/318/71 185/319/71 183/320/71 181/321/71 179/322/71 177/323/71
f 232/291/72 233/290/72 235/324/72 234/325/72
f 234/325/73 235/324/73 173/326/73 172/327/73
f 172/328/74 174/329/74 176/330/74 178/331/74 180/332/74 182/333/74 184/334/74 186/335/74 188/336/74 190/337/74 192/338/74 194/339/74 196/340/74 198/341/74 200/342/74 202/343/74 204/344/74 206/345/74 208/346/74 210/347/74 212/348/74 214/349/74 216/350/74 218/351/74 220/352/74 222/353/74 224/354/74 226/355/74 228/356/74 230/357/74 232/358/74 234/359/74
f 236/230/41 237/231/41 239/232/41 238/233/41
f 238/233/42 239/232/42 241/234/42 240/235/42
f 240/235/43 241/234/43 243/236/43 242/237/43
f 242/237/44 243/236/44 245/238/44 244/239/44
f 244/239/45 245/238/45 247/240/45 246/241/45
f 246/241/46 247/240/46 249/242/46 248/243/46
f 248/243/47 249/242/47 251/244/47 250/245/47
f 250/245/48 251/244/48 253/246/48 252/247/48
f 252/247/49 253/246/49 255/248/49 254/249/49
f 254/249/50 255/248/50 257/250/50 256/251/50
f 256/251/51 257/250/51 259/252/51 258/253/51
f 258/253/52 259/252/52 261/254/52 260/255/52
f 260/255/53 261/254/53 263/256/53 262/257/53
f 262/257/54 263/256/54 265/258/54 264/259/54
f 264/259/55 265/258/55 267/260/55 266/261/55
f 266/261/56 267/260/56 269/262/56 268/263/56
f 268/263/57 269/262/57 271/264/57 270/265/57
f 270/265/58 271/264/58 273/266/58 272/267/58
f 272/267/59 273/266/59 275/268/59 274/269/59
f 274/269/60 275/268/60 277/270/60 276/271/60
f 276/271/61 277/270/61 279/272/61 278/273/61
f 278/273/62 279/272/62 281/274/62 280/275/62
f 280/275/63 281/274/63 283/276/63 282/277/63
f 282/277/64 283/276/64 285/278/64 284/279/64
f 284/279/65 285/278/65 287/280/65 286/281/65
f 286/281/66 287/280/66 289/282/66 288/283/66
f 288/283/67 289/282/67 291/284/67 290/285/67
f 290/285/68 291/284/68 293/286/68 292/287/68
f 292/287/69 293/286/69 295/288/69 294/289/69
f 294/289/70 295/288/70 297/290/70 296/291/70
f 239/292/71 237/293/71 299/294/71 297/295/71 295/296/71 293/297/71 291/298/71 289/299/71 287/300/71 285/301/71 283/302/71 281/303/71 279/304/71 277/305/71 275/306/71 273/307/71 271/308/71 269/309/71 267/310/71 265/311/71 263/312/71 261/313/71 259/314/71 257/315/71 255/316/71 253/317/71 251/318/71 249/319/71 247/320/71 245/321/71 243/322/71 241/323/71
f 296/291/72 297/290/72 299/324/72 298/325/72
f 298/325/73 299/324/73 237/326/73 236/327/73
f 236/328/74 238/329/74 240/330/74 242/331/74 244/332/74 246/333/74 248/334/74 250/335/74 252/336/74 254/337/74 256/338/74 258/339/74 260/340/74 262/341/74 264/342/74 266/343/74 268/344/74 270/345/74 272/346/74 274/347/74 276/348/74 278/349/74 280/350/74 282/351/74 284/352/74 286/353/74 288/354/74 290/355/74 292/356/74 294/357/74 296/358/74 298/359/74
f 300/230/41 301/231/41 303/232/41 302/233/41
f 302/233/42 303/232/42 305/234/42 304/235/42
f 304/235/43 305/234/43 307/236/43 306/237/43
f 306/237/44 307/236/44 309/238/44 308/239/44
f 308/239/45 309/238/45 311/240/45 310/241/45
f 310/241/46 311/240/46 313/242/46 312/243/46
f 312/243/47 313/242/47 315/244/47 314/245/47
f 314/245/48 315/244/48 317/246/48 316/247/48
f 316/247/49 317/246/49 319/248/49 318/249/49
f 318/249/50 319/248/50 321/250/50 320/251/50
f 320/251/51 321/250/51 323/252/51 322/253/51
f 322/253/52 323/252/52 325/254/52 324/255/52
f 324/255/53 325/254/53 327/256/53 326/257/53
f 326/257/54 327/256/54 329/258/54 328/259/54
f 328/259/55 329/258/55 331/260/55 330/261/55
f 330/261/56 331/260/56 333/262/56 332/263/56
f 332/263/57 333/262/57 335/264/57 334/265/57
f 334/265/58 335/264/58 337/266/58 336/267/58
f 336/267/59 337/266/59 339/268/59 338/269/59
f 338/269/60 339/268/60 341/270/60 340/271/60
f 340/271/61 341/270/61 343/272/61 342/273/61
f 342/273/62 343/272/62 345/274/62 344/275/62
f 344/275/63 345/274/63 347/276/63 346/277/63
f 346/277/64 347/276/64 349/278/64 348/279/64
f 348/279/65 349/278/65 351/280/65 350/281/65
f 350/281/66 351/280/66 353/282/66 352/283/66
f 352/283/67 353/282/67 355/284/67 354/285/67
f 354/285/68 355/284/68 357/286/68 356/287/68
f 356/287/69 357/286/69 359/288/69 358/289/69
f 358/289/70 359/288/70 361/290/70 360/291/70
f 303/292/71 301/293/71 363/294/71 361/295/71 359/296/71 357/297/71 355/298/71 353/299/71 351/300/71 349/301/71 347/302/71 345/303/71 343/304/71 341/305/71 339/306/71 337/307/71 335/308/71 333/309/71 331/310/71 329/311/71 327/312/71 325/313/71 323/314/71 321/315/71 319/316/71 317/317/71 315/318/71 313/319/71 311/320/71 309/321/71 307/322/71 305/323/71
f 360/291/72 361/290/72 363/324/72 362/325/72
f 362/325/73 363/324/73 301/326/73 300/327/73
f 300/328/74 302/329/74 304/330/74 306/331/74 308/332/74 310/333/74 312/334/74 314/335/74 316/336/74 318/337/74 320/338/74 322/339/74 324/340/74 326/341/74 328/342/74 330/343/74 332/344/74 334/345/74 336/346/74 338/347/74 340/348/74 342/349/74 344/350/74 346/351/74 348/352/74 350/353/74 352/354/74 354/355/74 356/356/74 358/357/74 360/358/74 362/359/74
f 364/230/41 365/231/41 367/232/41 366/233/41
f 366/233/42 367/232/42 369/234/42 368/235/42
f 368/235/43 369/234/43 371/236/43 370/237/43
f 370/237/44 371/236/44 373/238/44 372/239/44
f 372/239/45 373/238/45 375/240/45 374/241/45
f 374/241/46 375/240/46 377/242/46 376/243/46
f 376/243/47 377/242/47 379/244/47 378/245/47
f 378/245/48 379/244/48 381/246/48 380/247/48
f 380/247/49 381/246/49 383/248/49 382/249/49
f 382/249/50 383/248/50 385/250/50 384/251/50
f 384/251/51 385/250/51 387/252/51 386/253/51
f 386/253/52 387/252/52 389/254/52 388/255/52
f 388/255/53 389/254/53 391/256/53 390/257/53
f 390/257/54 391/256/54 393/258/54 392/259/54
f 392/259/55 393/258/55 395/260/55 394/261/55
f 394/261/56 395/260/56 397/262/56 396/263/56
f 396/263/57 397/262/57 399/264/57 398/265/57
f 398/265/58 399/264/58 401/266/58 400/267/58
f 400/267/59 401/266/59 403/268/59 402/269/59
f 402/269/60 403/268/60 405/270/60 404/271/60
f 404/271/61 405/270/61 407/272/61 406/273/61
f 406/273/62 407/272/62 409/274/62 408/275/62
f 408/275/63 409/274/63 411/276/63 410/277/63
f 410/277/64 411/276/64 413/278/64 412/279/64
f 412/279/65 413/278/65 415/280/65 414/281/65
f 414/281/66 415/280/66 417/282/66 416/283/66
f 416/283/67 417/282/67 419/284/67 418/285/67
f 418/285/68 419/284/68 421/286/68 420/287/68
f 420/287/69 421/286/69 423/288/69 422/289/69
f 422/289/70 423/288/70 425/290/70 424/291/70
f 367/292/71 365/293/71 427/294/71 425/295/71 423/296/71 421/297/71 419/298/71 417/299/71 415/300/71 413/301/71 411/302/71 409/303/71 407/304/71 405/305/71 403/306/71 401/307/71 399/308/71 397/309/71 395/310/71 393/311/71 391/312/71 389/313/71 387/314/71 385/315/71 383/316/71 381/317/71 379/318/71 377/319/71 375/320/71 373/321/71 371/322/71 369/323/71
f 424/291/72 425/290/72 427/324/72 426/325/72
f 426/325/73 427/324/73 365/326/73 364/327/73
f 364/328/74 366/329/74 368/330/74 370/331/74 372/332/74 374/333/74 376/334/74 378/335/74 380/336/74 382/337/74 384/338/74 386/339/74 388/340/74 390/341/74 392/342/74 394/343/74 396/344/74 398/345/74 400/346/74 402/347/74 404/348/74 406/349/74 408/350/74 410/351/74 412/352/74 414/353/74 416/354/74 418/355/74 420/356/74 422/357/74 424/358/74 426/359/74
f 1220/360/75 429/231/75 431/232/75 1221/361/75
f 1221/361/76 431/232/76 433/234/76 1222/362/76
f 1277/363/77 1254/364/77 435/236/77 1223/365/77
f 1223/365/78 435/236/78 437/238/78 1224/366/78
f 1224/366/79 437/238/79 439/240/79 1225/367/79
f 1225/367/80 439/240/80 441/242/80 1226/368/80
f 1226/368/81 441/242/81 443/244/81 1227/369/81
f 1227/369/82 443/244/82 445/246/82 1228/370/82
f 1228/370/83 445/246/83 447/248/83 1229/371/83
f 1229/371/84 447/248/84 449/250/84 1230/372/84
f 1230/372/85 449/250/85 451/252/85 1231/373/85
f 1302/374/86 1279/375/86 453/254/86 1232/376/86
f 1232/376/87 453/254/87 455/256/87 1233/377/87
f 1233/377/88 455/256/88 457/258/88 1234/378/88
f 1234/378/89 457/258/89 459/260/89 1235/379/89
f 1235/379/90 459/260/90 461/262/90 1236/380/90
f 1236/380/91 461/262/91 463/264/91 1237/381/91
f 1237/381/92 463/264/92 465/266/92 1238/382/92
f 1238/382/93 465/266/93 467/268/93 1239/383/93
f 1239/383/94 467/268/94 469/270/94 1240/384/94
f 1240/384/95 469/270/95 471/272/95 1241/385/95
f 1252/386/96 1133/387/96 473/274/96 1242/388/96
f 1242/388/97 473/274/97 475/276/97 1243/389/97
f 1243/389/98 475/276/98 477/278/98 1244/390/98
f 1244/390/99 477/278/99 479/280/99 1245/391/99
f 1245/391/100 479/280/100 481/282/100 1246/392/100
f 1246/392/101 481/282/101 483/284/101 1247/393/101
f 1247/393/102 483/284/102 485/286/102 1248/394/102
f 1248/394/103 485/286/103 487/288/103 1249/395/103
f 1249/395/104 487/288/104 489/290/104 1250/396/104
f 1250/396/105 489/290/105 491/324/105 1251/397/105
f 1251/397/106 491/324/106 429/326/106 1220/398/106
f 428/328/107 430/329/107 432/330/107 1253/399/107 434/331/107 436/332/107 438/333/107 440/334/107 442/335/107 444/336/107 446/337/107 448/338/107 450/339/107 1278/400/107 452/340/107 454/341/107 456/342/107 458/343/107 460/344/107 462/345/107 464/346/107 466/347/107 468/348/107 470/349/107 1132/401/107 472/350/107 474/351/107 476/352/107 478/353/107 480/354/107 482/355/107 484/356/107 486/357/107 488/358/107 490/359/107
f 490/325/108 1131/402/108 492/403/108 428/327/108
f 1131/402/109 1130/404/109 493/405/109 492/403/109
f 1130/404/110 1129/406/110 494/407/110 493/405/110
f 1129/406/111 1128/408/111 495/409/111 494/407/111
f 1128/408/112 1127/410/112 496/411/112 495/409/112
f 1127/410/113 1126/412/113 497/413/113 496/411/113
f 1126/412/114 1125/414/114 498/415/114 497/413/114
f 1125/414/115 1124/416/115 499/417/115 498/415/115
f 1124/416/116 1123/418/116 500/419/116 499/417/116
f 1123/418/117 1122/420/117 501/421/117 500/419/117
f 1122/420/118 1121/422/118 502/423/118 501/421/118
f 1121/422/119 1120/424/119 503/425/119 502/423/119
f 1120/424/120 1119/426/120 504/427/120 503/425/120
f 1119/426/121 1118/428/121 505/429/121 504/427/121
f 1118/428/122 1117/430/122 506/431/122 505/429/122
f 1117/430/123 1116/432/123 507/433/123 506/431/123
f 1116/432/124 1115/434/124 508/435/124 507/433/124
f 1115/434/125 1114/436/125 509/437/125 508/435/125
f 1114/436/126 1113/438/126 510/439/126 509/437/126
f 1113/438/127 1112/440/127 511/441/127 510/439/127
f 488/291/128 1111/442/128 1131/402/128 490/325/128
f 1111/442/129 1110/443/129 1130/404/129 1131/402/129
f 1110/443/130 1109/444/130 1129/406/130 1130/404/130
f 1109/444/131 1108/445/131 1128/408/131 1129/406/131
f 1108/445/132 1107/446/132 1127/410/132 1128/408/132
f 1107/446/133 1106/447/133 1126/412/133 1127/410/133
f 1106/447/134 1105/448/134 1125/414/134 1126/412/134
f 1105/448/135 1104/449/135 1124/416/135 1125/414/135
f 1104/449/136 1103/450/136 1123/418/136 1124/416/136
f 1103/450/137 1102/451/137 1122/420/137 1123/418/137
f 1102/451/138 1101/452/138 1121/422/138 1122/420/138
f 1101/452/139 1100/453/139 1120/424/139 1121/422/139
f 1100/453/140 1099/454/140 1119/426/140 1120/424/140
f 1099/454/141 1098/455/141 1118/428/141 1119/426/141
f 1098/455/142 1097/456/142 1117/430/142 1118/428/142
f 1097/456/143 1096/457/143 1116/432/143 1117/430/143
f 1096/457/144 1095/458/144 1115/434/144 1116/432/144
f 1095/458/145 1094/459/145 1114/436/145 1115/434/145
f 1094/459/146 1093/460/146 1113/438/146 1114/436/146
f 1093/460/147 1092/461/147 1112/440/147 1113/438/147
f 486/289/148 1091/462/148 1111/442/148 488/291/148
f 1091/462/149 1090/463/149 1110/443/149 1111/442/149
f 1090/463/150 1089/464/150 1109/444/150 1110/443/150
f 1089/464/151 1088/465/151 1108/445/151 1109/444/151
f 1088/465/152 1087/466/152 1107/446/152 1108/445/152
f 1087/466/153 1086/467/153 1106/447/153 1107/446/153
f 1086/467/154 1085/468/154 1105/448/154 1106/447/154
f 1085/468/155 1084/469/155 1104/449/155 1105/448/155
f 1084/469/156 1083/470/156 1103/450/156 1104/449/156
f 1083/470/157 1082/471/157 1102/451/157 1103/450/157
f 1082/471/158 1081/472/158 1101/452/158 1102/451/158
f 1081/472/159 1080/473/159 1100/453/159 1101/452/159
f 1080/473/160 1079/474/160 1099/454/160 1100/453/160
f 1079/474/161 1078/475/161 1098/455/161 1099/454/161
f 1078/475/162 1077/476/162 1097/456/162 1098/455/162
f 1077/476/163 1076/477/163 1096/457/163 1097/456/163
f 1076/477/164 1075/478/164 1095/458/164 1096/457/164
f 1075/478/165 1074/479/165 1094/459/165 1095/458/165
f 1074/479/166 1073/480/166 1093/460/166 1094/459/166
f 1073/480/167 1072/481/167 1092/461/167 1093/460/167
f 484/287/168 1071/482/168 1091/462/168 486/289/168
f 1071/482/169 1070/483/169 1090/463/169 1091/462/169
f 1070/483/170 1069/484/170 1089/464/170 1090/463/170
f 1069/484/171 1068/485/171 1088/465/171 1089/464/171
f 1068/485/172 1067/486/172 1087/466/172 1088/465/172
f 1067/486/173 1066/487/173 1086/467/173 1087/466/173
f 1066/487/174 1065/488/174 1085/468/174 1086/467/174
f 1065/488/175 1064/489/175 1084/469/175 1085/468/175
f 1064/489/176 1063/490/176 1083/470/176 1084/469/176
f 1063/490/177 1062/491/177 1082/471/177 1083/470/177
f 1062/491/178 1061/492/178 1081/472/178 1082/471/178
f 1061/492/179 1060/493/179 1080/473/179 1081/472/179
f 1060/493/180 1059/494/180 1079/474/180 1080/473/180
f 1059/494/181 1058/495/181 1078/475/181 1079/474/181
f 1058/495/182 1057/496/182 1077/476/182 1078/475/182
f 1057/496/183 1056/497/183 1076/477/183 1077/476/183
f 1056/497/184 1055/498/184 1075/478/184 1076/477/184
f 1055/498/185 1054/499/185 1074/479/185 1075/478/185
f 1054/499/186 1053/500/186 1073/480/186 1074/479/186
f 1053/500/187 1052/501/187 1072/481/187 1073/480/187
f 482/285/188 1051/502/188 1071/482/188 484/287/188
f 1051/502/189 1050/503/189 1070/483/189 1071/482/189
f 1050/503/190 1049/504/190 1069/484/190 1070/483/190
f 1049/504/191 1048/505/191 1068/485/191 1069/484/191
f 1048/505/192 1047/506/192 1067/486/192 1068/485/192
f 1047/506/193 1046/507/193 1066/487/193 1067/486/193
f 1046/507/194 1045/508/194 1065/488/194 1066/487/194
f 1045/508/195 1044/509/195 1064/489/195 1065/488/195
f 1044/509/196 1043/510/196 1063/490/196 1064/489/196
f 1043/510/197 1042/511/197 1062/491/197 1063/490/197
f 1042/511/198 1041/512/198 1061/492/198 1062/491/198
f 1041/512/199 1040/513/199 1060/493/199 1061/492/199
f 1040/513/200 1039/514/200 1059/494/200 1060/493/200
f 1039/514/201 1038/515/201 1058/495/201 1059/494/201
f 1038/515/202 1037/516/202 1057/496/202 1058/495/202
f 1037/516/203 1036/517/203 1056/497/203 1057/496/203
f 1036/517/204 1035/518/204 1055/498/204 1056/497/204
f 1035/518/205 1034/519/205 1054/499/205 1055/498/205
f 1034/519/206 1033/520/206 1053/500/206 1054/499/206
f 1033/520/207 1032/521/207 1052/501/207 1053/500/207
f 480/283/208 1031/522/208 1051/502/208 482/285/208
f 1031/522/209 1030/523/209 1050/503/209 1051/502/209
f 1030/523/210 1029/524/210 1049/504/210 1050/503/210
f 1029/524/211 1028/525/211 1048/505/211 1049/504/211
f 1028/525/212 1027/526/212 1047/506/212 1048/505/212
f 1027/526/213 1026/527/213 1046/507/213 1047/506/213
f 1026/527/214 1025/528/214 1045/508/214 1046/507/214
f 1025/528/215 1024/529/215 1044/509/215 1045/508/215
f 1024/529/216 1023/530/216 1043/510/216 1044/509/216
f 1023/530/217 1022/531/217 1042/511/217 1043/510/217
f 1022/531/218 1021/532/218 1041/512/218 1042/511/218
f 1021/532/219 1020/533/219 1040/513/219 1041/512/219
f 1020/533/220 1019/534/220 1039/514/220 1040/513/220
f 1019/534/221 1018/535/221 1038/515/221 1039/514/221
f 1018/535/222 1017/536/222 1037/516/222 1038/515/222
f 1017/536/223 1016/537/223 1036/517/223 1037/516/223
f 1016/537/224 1015/538/224 1035/518/224 1036/517/224
f 1015/538/225 1014/539/225 1034/519/225 1035/518/225
f 1014/539/226 1013/540/226 1033/520/226 1034/519/226
f 1013/540/227 1012/541/227 1032/521/227 1033/520/227
f 478/281/228 1011/542/228 1031/522/228 480/283/228
f 1011/542/229 1010/543/229 1030/523/229 1031/522/229
f 1010/543/230 1009/544/230 1029/524/230 1030/523/230
f 1009/544/231 1008/545/231 1028/525/231 1029/524/231
f 1008/545/232 1007/546/232 1027/526/232 1028/525/232
f 1007/546/233 1006/547/233 1026/527/233 1027/526/233
f 1006/547/234 1005/548/234 1025/528/234 1026/527/234
f 1005/548/235 1004/549/235 1024/529/235 1025/528/235
f 1004/549/236 1003/550/236 1023/530/236 1024/529/236
f 1003/550/237 1002/551/237 1022/531/237 1023/530/237
f 1002/551/238 1001/552/238 1021/532/238 1022/531/238
f 1001/552/239 1000/553/239 1020/533/239 1021/532/239
f 1000/553/240 999/554/240 1019/534/240 1020/533/240
f 999/554/241 998/555/241 1018/535/241 1019/534/241
f 998/555/242 997/556/242 1017/536/242 1018/535/242
f 997/556/243 996/557/243 1016/537/243 1017/536/243
f 996/557/244 995/558/244 1015/538/244 1016/537/244
f 995/558/245 994/559/245 1014/539/245 1015/538/245
f 994/559/246 993/560/246 1013/540/246 1014/539/246
f 993/560/247 992/561/247 1012/541/247 1013/540/247
f 476/279/248 991/562/248 1011/542/248 478/281/248
f 991/562/249 990/563/249 1010/543/249 1011/542/249
f 990/563/250 989/564/250 1009/544/250 1010/543/250
f 989/564/251 988/565/251 1008/545/251 1009/544/251
f 988/565/252 987/566/252 1007/546/252 1008/545/252
f 987/566/253 986/567/253 1006/547/253 1007/546/253
f 986/567/254 985/568/254 1005/548/254 1006/547/254
f 985/568/255 984/569/255 1004/549/255 1005/548/255
f 984/569/256 983/570/256 1003/550/256 1004/549/256
f 983/570/257 982/571/257 1002/551/257 1003/550/257
f 982/571/258 981/572/258 1001/552/258 1002/551/258
f 981/572/259 980/573/259 1000/553/259 1001/552/259
f 980/573/260 979/574/260 999/554/260 1000/553/260
f 979/574/261 978/575/261 998/555/261 999/554/261
f 978/575/262 977/576/262 997/556/262 998/555/262
f 977/576/263 976/577/263 996/557/263 997/556/263
f 976/577/264 975/578/264 995/558/264 996/557/264
f 975/578/265 974/579/265 994/559/265 995/558/265
f 974/579/266 973/580/266 993/560/266 994/559/266
f 973/580/267 972/581/267 992/561/267 993/560/267
f 474/277/268 971/582/268 991/562/268 476/279/268
f 971/582/269 970/583/269 990/563/269 991/562/269
f 970/583/270 969/584/270 989/564/270 990/563/270
f 969/584/271 968/585/271 988/565/271 989/564/271
f 968/585/272 967/586/272 987/566/272 988/565/272
f 967/586/273 966/587/273 986/567/273 987/566/273
f 966/587/274 965/588/274 985/568/274 986/567/274
f 965/588/275 964/589/275 984/569/275 985/568/275
f 964/589/276 963/590/276 983/570/276 984/569/276
f 963/590/277 962/591/277 982/571/277 983/570/277
f 962/591/278 961/592/278 981/572/278 982/571/278
f 961/592/279 960/593/279 980/573/279 981/572/279
f 960/593/280 959/594/280 979/574/280 980/573/280
f 959/594/281 958/595/281 978/575/281 979/574/281
f 958/595/282 957/596/282 977/576/282 978/575/282
f 957/596/283 956/597/283 976/577/283 977/576/283
f 956/597/284 955/598/284 975/578/284 976/577/284
f 955/598/285 954/599/285 974/579/285 975/578/285
f 954/599/286 953/600/286 973/580/286 974/579/286
f 953/600/287 952/601/287 972/581/287 973/580/287
f 472/275/288 951/602/288 971/582/288 474/277/288
f 951/602/289 950/603/289 970/583/289 971/582/289
f 950/603/290 949/604/290 969/584/290 970/583/290
f 949/604/291 948/605/291 968/585/291 969/584/291
f 948/605/292 947/606/292 967/586/292 968/585/292
f 947/606/293 946/607/293 966/587/293 967/586/293
f 946/607/294 945/608/294 965/588/294 966/587/294
f 945/608/295 944/609/295 964/589/295 965/588/295
f 944/609/296 943/610/296 963/590/296 964/589/296
f 943/610/297 942/611/297 962/591/297 963/590/297
f 942/611/298 941/612/298 961/592/298 962/591/298
f 941/612/299 940/613/299 960/593/299 961/592/299
f 940/613/300 939/614/300 959/594/300 960/593/300
f 939/614/301 938/615/301 958/595/301 959/594/301
f 938/615/302 937/616/302 957/596/302 958/595/302
f 937/616/303 936/617/303 956/597/303 957/596/303
f 936/617/304 935/618/304 955/598/304 956/597/304
f 935/618/305 934/619/305 954/599/305 955/598/305
f 934/619/306 933/620/306 953/600/306 954/599/306
f 933/620/307 932/621/307 952/601/307 953/600/307
f 1132/622/308 1134/623/308 951/602/308 472/275/308
f 1134/623/309 1135/624/309 950/603/309 951/602/309
f 1135/624/310 1136/625/310 949/604/310 950/603/310
f 1136/625/311 1137/626/311 948/605/311 949/604/311
f 1137/626/312 1138/627/312 947/606/312 948/605/312
f 1138/627/313 1139/628/313 946/607/313 947/606/313
f 1139/628/314 1140/629/314 945/608/314 946/607/314
f 1140/629/315 1141/630/315 944/609/315 945/608/315
f 1141/630/316 1142/631/316 943/610/316 944/609/316
f 1142/631/317 1143/632/317 942/611/317 943/610/317
f 1143/632/318 1144/633/318 941/612/318 942/611/318
f 1144/633/319 1145/634/319 940/613/319 941/612/319
f 1145/634/320 1146/635/320 939/614/320 940/613/320
f 1146/635/321 1147/636/321 938/615/321 939/614/321
f 1147/636/322 1148/637/322 937/616/322 938/615/322
f 1148/637/323 1149/638/323 936/617/323 937/616/323
f 1149/638/324 1150/639/324 935/618/324 936/617/324
f 1150/639/325 1151/640/325 934/619/325 935/618/325
f 1151/640/326 1152/641/326 933/620/326 934/619/326
f 1152/641/327 1153/642/327 932/621/327 933/620/327
f 468/271/328 911/643/328 931/644/328 470/273/328
f 911/643/329 910/645/329 930/646/329 931/644/329
f 910/645/330 909/647/330 929/648/330 930/646/330
f 909/647/331 908/649/331 928/650/331 929/648/331
f 908/649/332 907/651/332 927/652/332 928/650/332
f 907/651/333 906/653/333 926/654/333 927/652/333
f 906/653/334 905/655/334 925/656/334 926/654/334
f 905/655/335 904/657/335 924/658/335 925/656/335
f 904/657/336 903/659/336 923/660/336 924/658/336
f 903/659/337 902/661/337 922/662/337 923/660/337
f 902/661/338 901/663/338 921/664/338 922/662/338
f 901/663/339 900/665/339 920/666/339 921/664/339
f 900/665/340 899/667/340 919/668/340 920/666/340
f 899/667/341 898/669/341 918/670/341 919/668/341
f 898/669/342 897/671/342 917/672/342 918/670/342
f 897/671/343 896/673/343 916/674/343 917/672/343
f 896/673/344 895/675/344 915/676/344 916/674/344
f 895/675/345 894/677/345 914/678/345 915/676/345
f 894/677/346 893/679/346 913/680/346 914/678/346
f 893/679/347 892/681/347 912/682/347 913/680/347
f 466/269/348 891/683/348 911/643/348 468/271/348
f 891/683/349 890/684/349 910/645/349 911/643/349
f 890/684/350 889/685/350 909/647/350 910/645/350
f 889/685/351 888/686/351 908/649/351 909/647/351
f 888/686/352 887/687/352 907/651/352 908/649/352
f 887/687/353 886/688/353 906/653/353 907/651/353
f 886/688/354 885/689/354 905/655/354 906/653/354
f 885/689/355 884/690/355 904/657/355 905/655/355
f 884/690/356 883/691/356 903/659/356 904/657/356
f 883/691/357 882/692/357 902/661/357 903/659/357
f 882/692/358 881/693/358 901/663/358 902/661/358
f 881/693/359 880/694/359 900/665/359 901/663/359
f 880/694/360 879/695/360 899/667/360 900/665/360
f 879/695/361 878/696/361 898/669/361 899/667/361
f 878/696/362 877/697/362 897/671/362 898/669/362
f 877/697/363 876/698/363 896/673/363 897/671/363
f 876/698/364 875/699/364 895/675/364 896/673/364
f 875/699/365 874/700/365 894/677/365 895/675/365
f 874/700/366 873/701/366 893/679/366 894/677/366
f 873/701/367 872/702/367 892/681/367 893/679/367
f 464/267/368 871/703/368 891/683/368 466/269/368
f 871/703/369 870/704/369 890/684/369 891/683/369
f 870/704/370 869/705/370 889/685/370 890/684/370
f 869/705/371 868/706/371 888/686/371 889/685/371
f 868/706/372 867/707/372 887/687/372 888/686/372
f 867/707/373 866/708/373 886/688/373 887/687/373
f 866/708/374 865/709/374 885/689/374 886/688/374
f 865/709/375 864/710/375 884/690/375 885/689/375
f 864/710/376 863/711/376 883/691/376 884/690/376
f 863/711/377 862/712/377 882/692/377 883/691/377
f 862/712/378 861/713/378 881/693/378 882/692/378
f 861/713/379 860/714/379 880/694/379 881/693/379
f 860/714/380 859/715/380 879/695/380 880/694/380
f 859/715/381 858/716/381 878/696/381 879/695/381
f 858/716/382 857/717/382 877/697/382 878/696/382
f 857/717/383 856/718/383 876/698/383 877/697/383
f 856/718/384 855/719/384 875/699/384 876/698/384
f 855/719/385 854/720/385 874/700/385 875/699/385
f 854/720/386 853/721/386 873/701/386 874/700/386
f 853/721/387 852/722/387 872/702/387 873/701/387
f 462/265/388 851/723/388 871/703/388 464/267/388
f 851/723/389 850/724/389 870/704/389 871/703/389
f 850/724/390 849/725/390 869/705/390 870/704/390
f 849/725/391 848/726/391 868/706/391 869/705/391
f 848/726/392 847/727/392 867/707/392 868/706/392
f 847/727/393 846/728/393 866/708/393 867/707/393
f 846/728/394 845/729/394 865/709/394 866/708/394
f 845/729/395 844/730/395 864/710/395 865/709/395
f 844/730/396 843/731/396 863/711/396 864/710/396
f 843/731/397 842/732/397 862/712/397 863/711/397
f 842/732/398 841/733/398 861/713/398 862/712/398
f 841/733/399 840/734/399 860/714/399 861/713/399
f 840/734/400 839/735/400 859/715/400 860/714/400
f 839/735/401 838/736/401 858/716/401 859/715/401
f 838/736/402 837/737/402 857/717/402 858/716/402
f 837/737/403 836/738/403 856/718/403 857/717/403
f 836/738/404 835/739/404 855/719/404 856/718/404
f 835/739/405 834/740/405 854/720/405 855/719/405
f 834/740/406 833/741/406 853/721/406 854/720/406
f 833/741/407 832/742/407 852/722/407 853/721/407
f 460/263/408 831/743/408 851/723/408 462/265/408
f 831/743/409 830/744/409 850/724/409 851/723/409
f 830/744/410 829/745/410 849/725/410 850/724/410
f 829/745/411 828/746/411 848/726/411 849/725/411
f 828/746/412 827/747/412 847/727/412 848/726/412
f 827/747/413 826/748/413 846/728/413 847/727/413
f 826/748/414 825/749/414 845/729/414 846/728/414
f 825/749/415 824/750/415 844/730/415 845/729/415
f 824/750/416 823/751/416 843/731/416 844/730/416
f 823/751/417 822/752/417 842/732/417 843/731/417
f 822/752/418 821/753/418 841/733/418 842/732/418
f 821/753/419 820/754/419 840/734/419 841/733/419
f 820/754/420 819/755/420 839/735/420 840/734/420
f 819/755/421 818/756/421 838/736/421 839/735/421
f 818/756/422 817/757/422 837/737/422 838/736/422
f 817/757/423 816/758/423 836/738/423 837/737/423
f 816/758/424 815/759/424 835/739/424 836/738/424
f 815/759/425 814/760/425 834/740/425 835/739/425
f 814/760/426 813/761/426 833/741/426 834/740/426
f 813/761/427 812/762/427 832/742/427 833/741/427
f 458/261/428 811/763/428 831/743/428 460/263/428
f 811/763/429 810/764/429 830/744/429 831/743/429
f 810/764/430 809/765/430 829/745/430 830/744/430
f 809/765/431 808/766/431 828/746/431 829/745/431
f 808/766/432 807/767/432 827/747/432 828/746/432
f 807/767/433 806/768/433 826/748/433 827/747/433
f 806/768/434 805/769/434 825/749/434 826/748/434
f 805/769/435 804/770/435 824/750/435 825/749/435
f 804/770/436 803/771/436 823/751/436 824/750/436
f 803/771/437 802/772/437 822/752/437 823/751/437
f 802/772/438 801/773/438 821/753/438 822/752/438
f 801/773/439 800/774/439 820/754/439 821/753/439
f 800/774/440 799/775/440 819/755/440 820/754/440
f 799/775/441 798/776/441 818/756/441 819/755/441
f 798/776/442 797/777/442 817/757/442 818/756/442
f 797/777/443 796/778/443 816/758/443 817/757/443
f 796/778/444 795/779/444 815/759/444 816/758/444
f 795/779/445 794/780/445 814/760/445 815/759/445
f 794/780/446 793/781/446 813/761/446 814/760/446
f 793/781/447 792/782/447 812/762/447 813/761/447
f 456/259/448 791/783/448 811/763/448 458/261/448
f 791/783/449 790/784/449 810/764/449 811/763/449
f 790/784/450 789/785/450 809/765/450 810/764/450
f 789/785/451 788/786/451 808/766/451 809/765/451
f 788/786/452 787/787/452 807/767/452 808/766/452
f 787/787/453 786/788/453 806/768/453 807/767/453
f 786/788/454 785/789/454 805/769/454 806/768/454
f 785/789/455 784/790/455 804/770/455 805/769/455
f 784/790/456 783/791/456 803/771/456 804/770/456
f 783/791/457 782/792/457 802/772/457 803/771/457
f 782/792/458 781/793/458 801/773/458 802/772/458
f 781/793/459 780/794/459 800/774/459 801/773/459
f 780/794/460 779/795/460 799/775/460 800/774/460
f 779/795/461 778/796/461 798/776/461 799/775/461
f 778/796/462 777/797/462 797/777/462 798/776/462
f 777/797/463 776/798/463 796/778/463 797/777/463
f 776/798/464 775/799/464 795/779/464 796/778/464
f 775/799/465 774/800/465 794/780/465 795/779/465
f 774/800/466 773/801/466 793/781/466 794/780/466
f 773/801/467 772/802/467 792/782/467 793/781/467
f 454/257/468 771/803/468 791/783/468 456/259/468
f 771/803/469 770/804/469 790/784/469 791/783/469
f 770/804/470 769/805/470 789/785/470 790/784/470
f 769/805/471 768/806/471 788/786/471 789/785/471
f 768/806/472 767/807/472 787/787/472 788/786/472
f 767/807/473 766/808/473 786/788/473 787/787/473
f 766/808/474 765/809/474 785/789/474 786/788/474
f 765/809/475 764/810/475 784/790/475 785/789/475
f 764/810/476 763/811/476 783/791/476 784/790/476
f 763/811/477 762/812/477 782/792/477 783/791/477
f 762/812/478 761/813/478 781/793/478 782/792/478
f 761/813/479 760/814/479 780/794/479 781/793/479
f 760/814/480 759/815/480 779/795/480 780/794/480
f 759/815/481 758/816/481 778/796/481 779/795/481
f 758/816/482 757/817/482 777/797/482 778/796/482
f 757/817/483 756/818/483 776/798/483 777/797/483
f 756/818/484 755/819/484 775/799/484 776/798/484
f 755/819/485 754/820/485 774/800/485 775/799/485
f 754/820/486 753/821/486 773/801/486 774/800/486
f 753/821/487 752/822/487 772/802/487 773/801/487
f 452/255/488 751/823/488 771/803/488 454/257/488
f 751/823/489 750/824/489 770/804/489 771/803/489
f 750/824/490 749/825/490 769/805/490 770/804/490
f 749/825/491 748/826/491 768/806/491 769/805/491
f 748/826/492 747/827/492 767/807/492 768/806/492
f 747/827/493 746/828/493 766/808/493 767/807/493
f 746/828/494 745/829/494 765/809/494 766/808/494
f 745/829/495 744/830/495 764/810/495 765/809/495
f 744/830/496 743/831/496 763/811/496 764/810/496
f 743/831/497 742/832/497 762/812/497 763/811/497
f 742/832/498 741/833/498 761/813/498 762/812/498
f 741/833/499 740/834/499 760/814/499 761/813/499
f 740/834/500 739/835/500 759/815/500 760/814/500
f 739/835/501 738/836/501 758/816/501 759/815/501
f 738/836/502 737/837/502 757/817/502 758/816/502
f 737/837/503 736/838/503 756/818/503 757/817/503
f 736/838/504 735/839/504 755/819/504 756/818/504
f 735/839/505 734/840/505 754/820/505 755/819/505
f 734/840/506 733/841/506 753/821/506 754/820/506
f 733/841/507 732/842/507 752/822/507 753/821/507
f 1278/843/508 1280/844/508 751/823/508 452/255/508
f 1280/844/509 1281/845/509 750/824/509 751/823/509
f 1281/845/510 1282/846/510 749/825/510 750/824/510
f 1282/846/511 1283/847/511 748/826/511 749/825/511
f 1283/847/512 1284/848/512 747/827/512 748/826/512
f 1284/848/513 1285/849/513 746/828/513 747/827/513
f 1285/849/514 1286/850/514 745/829/514 746/828/514
f 1286/850/515 1287/851/515 744/830/515 745/829/515
f 1287/851/516 1288/852/516 743/831/516 744/830/516
f 1288/852/517 1289/853/517 742/832/517 743/831/517
f 1289/853/518 1290/854/518 741/833/518 742/832/518
f 1290/854/519 1291/855/519 740/834/519 741/833/519
f 1291/855/520 1292/856/520 739/835/520 740/834/520
f 1292/856/521 1293/857/521 738/836/521 739/835/521
f 1293/857/522 1294/858/522 737/837/522 738/836/522
f 1294/858/523 1295/859/523 736/838/523 737/837/523
f 1295/859/524 1296/860/524 735/839/524 736/838/524
f 1296/860/525 1297/861/525 734/840/525 735/839/525
f 1297/861/526 1298/862/526 733/841/526 734/840/526
f 1298/862/527 1299/863/527 732/842/527 733/841/527
f 448/251/528 711/864/528 731/865/528 450/253/528
f 711/864/529 710/866/529 730/867/529 731/865/529
f 710/866/530 709/868/530 729/869/530 730/867/530
f 709/868/531 708/870/531 728/871/531 729/869/531
f 708/870/532 707/872/532 727/873/532 728/871/532
f 707/872/533 706/874/533 726/875/533 727/873/533
f 706/874/534 705/876/534 725/877/534 726/875/534
f 705/876/535 704/878/535 724/879/535 725/877/535
f 704/878/536 703/880/536 723/881/536 724/879/536
f 703/880/537 702/882/537 722/883/537 723/881/537
f 702/882/538 701/884/538 721/885/538 722/883/538
f 701/884/539 700/886/539 720/887/539 721/885/539
f 700/886/540 699/888/540 719/889/540 720/887/540
f 699/888/541 698/890/541 718/891/541 719/889/541
f 698/890/542 697/892/542 717/893/542 718/891/542
f 697/892/543 696/894/543 716/895/543 717/893/543
f 696/894/544 695/896/544 715/897/544 716/895/544
f 695/896/545 694/898/545 714/899/545 715/897/545
f 694/898/546 693/900/546 713/901/546 714/899/546
f 693/900/547 692/902/547 712/903/547 713/901/547
f 446/249/548 691/904/548 711/864/548 448/251/548
f 691/904/549 690/905/549 710/866/549 711/864/549
f 690/905/550 689/906/550 709/868/550 710/866/550
f 689/906/551 688/907/551 708/870/551 709/868/551
f 688/907/552 687/908/552 707/872/552 708/870/552
f 687/908/553 686/909/553 706/874/553 707/872/553
f 686/909/554 685/910/554 705/876/554 706/874/554
f 685/910/555 684/911/555 704/878/555 705/876/555
f 684/911/556 683/912/556 703/880/556 704/878/556
f 683/912/557 682/913/557 702/882/557 703/880/557
f 682/913/558 681/914/558 701/884/558 702/882/558
f 681/914/559 680/915/559 700/886/559 701/884/559
f 680/915/560 679/916/560 699/888/560 700/886/560
f 679/916/561 678/917/561 698/890/561 699/888/561
f 678/917/562 677/918/562 697/892/562 698/890/562
f 677/918/563 676/919/563 696/894/563 697/892/563
f 676/919/564 675/920/564 695/896/564 696/894/564
f 675/920/565 674/921/565 694/898/565 695/896/565
f 674/921/566 673/922/566 693/900/566 694/898/566
f 673/922/567 672/923/567 692/902/567 693/900/567
f 444/247/568 671/924/568 691/904/568 446/249/568
f 671/924/569 670/925/569 690/905/569 691/904/569
f 670/925/570 669/926/570 689/906/570 690/905/570
f 669/926/571 668/927/571 688/907/571 689/906/571
f 668/927/572 667/928/572 687/908/572 688/907/572
f 667/928/573 666/929/573 686/909/573 687/908/573
f 666/929/574 665/930/574 685/910/574 686/909/574
f 665/930/575 664/931/575 684/911/575 685/910/575
f 664/931/576 663/932/576 683/912/576 684/911/576
f 663/932/577 662/933/577 682/913/577 683/912/577
f 662/933/578 661/934/578 681/914/578 682/913/578
f 661/934/579 660/935/579 680/915/579 681/914/579
f 660/935/580 659/936/580 679/916/580 680/915/580
f 659/936/581 658/937/581 678/917/581 679/916/581
f 658/937/582 657/938/582 677/918/582 678/917/582
f 657/938/583 656/939/583 676/919/583 677/918/583
f 656/939/584 655/940/584 675/920/584 676/919/584
f 655/940/585 654/941/585 674/921/585 675/920/585
f 654/941/586 653/942/586 673/922/586 674/921/586
f 653/942/587 652/943/587 672/923/587 673/922/587
f 442/245/588 651/944/588 671/924/588 444/247/588
f 651/944/589 650/945/589 670/925/589 671/924/589
f 650/945/590 649/946/590 669/926/590 670/925/590
f 649/946/591 648/947/591 668/927/591 669/926/591
f 648/947/592 647/948/592 667/928/592 668/927/592
f 647/948/593 646/949/593 666/929/593 667/928/593
f 646/949/594 645/950/594 665/930/594 666/929/594
f 645/950/595 644/951/595 664/931/595 665/930/595
f 644/951/596 643/952/596 663/932/596 664/931/596
f 643/952/597 642/953/597 662/933/597 663/932/597
f 642/953/598 641/954/598 661/934/598 662/933/598
f 641/954/599 640/955/599 660/935/599 661/934/599
f 640/955/600 639/956/600 659/936/600 660/935/600
f 639/956/601 638/957/601 658/937/601 659/936/601
f 638/957/602 637/958/602 657/938/602 658/937/602
f 637/958/603 636/959/603 656/939/603 657/938/603
f 636/959/604 635/960/604 655/940/604 656/939/604
f 635/960/605 634/961/605 654/941/605 655/940/605
f 634/961/606 633/962/606 653/942/606 654/941/606
f 633/962/607 632/963/607 652/943/607 653/942/607
f 440/243/608 631/964/608 651/944/608 442/245/608
f 631/964/609 630/965/609 650/945/609 651/944/609
f 630/965/610 629/966/610 649/946/610 650/945/610
f 629/966/611 628/967/611 648/947/611 649/946/611
f 628/967/612 627/968/612 647/948/612 648/947/612
f 627/968/613 626/969/613 646/949/613 647/948/613
f 626/969/614 625/970/614 645/950/614 646/949/614
f 625/970/615 624/971/615 644/951/615 645/950/615
f 624/971/616 623/972/616 643/952/616 644/951/616
f 623/972/617 622/973/617 642/953/617 643/952/617
f 622/973/618 621/974/618 641/954/618 642/953/618
f 621/974/619 620/975/619 640/955/619 641/954/619
f 620/975/620 619/976/620 639/956/620 640/955/620
f 619/976/621 618/977/621 638/957/621 639/956/621
f 618/977/622 617/978/622 637/958/622 638/957/622
f 617/978/623 616/979/623 636/959/623 637/958/623
f 616/979/624 615/980/624 635/960/624 636/959/624
f 615/980/625 614/981/625 634/961/625 635/960/625
f 614/981/626 613/982/626 633/962/626 634/961/626
f 613/982/627 612/983/627 632/963/627 633/962/627
f 438/241/628 611/984/628 631/964/628 440/243/628
f 611/984/629 610/985/629 630/965/629 631/964/629
f 610/985/630 609/986/630 629/966/630 630/965/630
f 609/986/631 608/987/631 628/967/631 629/966/631
f 608/987/632 607/988/632 627/968/632 628/967/632
f 607/988/633 606/989/633 626/969/633 627/968/633
f 606/989/634 605/990/634 625/970/634 626/969/634
f 605/990/635 604/991/635 624/971/635 625/970/635
f 604/991/636 603/992/636 623/972/636 624/971/636
f 603/992/637 602/993/637 622/973/637 623/972/637
f 602/993/638 601/994/638 621/974/638 622/973/638
f 601/994/639 600/995/639 620/975/639 621/974/639
f 600/995/640 599/996/640 619/976/640 620/975/640
f 599/996/641 598/997/641 618/977/641 619/976/641
f 598/997/642 597/998/642 617/978/642 618/977/642
f 597/998/643 596/999/643 616/979/643 617/978/643
f 596/999/644 595/1000/644 615/980/644 616/979/644
f 595/1000/645 594/1001/645 614/981/645 615/980/645
f 594/1001/646 593/1002/646 613/982/646 614/981/646
f 593/1002/647 592/1003/647 612/983/647 613/982/647
f 436/239/648 591/1004/648 611/984/648 438/241/648
f 591/1004/649 590/1005/649 610/985/649 611/984/649
f 590/1005/650 589/1006/650 609/986/650 610/985/650
f 589/1006/651 588/1007/651 608/987/651 609/986/651
f 588/1007/652 587/1008/652 607/988/652 608/987/652
f 587/1008/653 586/1009/653 606/989/653 607/988/653
f 586/1009/654 585/1010/654 605/990/654 606/989/654
f 585/1010/655 584/1011/655 604/991/655 605/990/655
f 584/1011/656 583/1012/656 603/992/656 604/991/656
f 583/1012/657 582/1013/657 602/993/657 603/992/657
f 582/1013/658 581/1014/658 601/994/658 602/993/658
f 581/1014/659 580/1015/659 600/995/659 601/994/659
f 580/1015/660 579/1016/660 599/996/660 600/995/660
f 579/1016/661 578/1017/661 598/997/661 599/996/661
f 578/1017/662 577/1018/662 597/998/662 598/997/662
f 577/1018/663 576/1019/663 596/999/663 597/998/663
f 576/1019/664 575/1020/664 595/1000/664 596/999/664
f 575/1020/665 574/1021/665 594/1001/665 595/1000/665
f 574/1021/666 573/1022/666 593/1002/666 594/1001/666
f 573/1022/667 572/1023/667 592/1003/667 593/1002/667
f 434/237/668 571/1024/668 591/1004/668 436/239/668
f 571/1024/669 570/1025/669 590/1005/669 591/1004/669
f 570/1025/670 569/1026/670 589/1006/670 590/1005/670
f 569/1026/671 568/1027/671 588/1007/671 589/1006/671
f 568/1027/672 567/1028/672 587/1008/672 588/1007/672
f 567/1028/673 566/1029/673 586/1009/673 587/1008/673
f 566/1029/674 565/1030/674 585/1010/674 586/1009/674
f 565/1030/675 564/1031/675 584/1011/675 585/1010/675
f 564/1031/676 563/1032/676 583/1012/676 584/1011/676
f 563/1032/677 562/1033/677 582/1013/677 583/1012/677
f 562/1033/678 561/1034/678 581/1014/678 582/1013/678
f 561/1034/679 560/1035/679 580/1015/679 581/1014/679
f 560/1035/680 559/1036/680 579/1016/680 580/1015/680
f 559/1036/681 558/1037/681 578/1017/681 579/1016/681
f 558/1037/682 557/1038/682 577/1018/682 578/1017/682
f 557/1038/683 556/1039/683 576/1019/683 577/1018/683
f 556/1039/684 555/1040/684 575/1020/684 576/1019/684
f 555/1040/685 554/1041/685 574/1021/685 575/1020/685
f 554/1041/686 553/1042/686 573/1022/686 574/1021/686
f 553/1042/687 552/1043/687 572/1023/687 573/1022/687
f 1253/1044/688 1255/1045/688 571/1024/688 434/237/688
f 1255/1045/689 1256/1046/689 570/1025/689 571/1024/689
f 1256/1046/690 1257/1047/690 569/1026/690 570/1025/690
f 1257/1047/691 1258/1048/691 568/1027/691 569/1026/691
f 1258/1048/692 1259/1049/692 567/1028/692 568/1027/692
f 1259/1049/693 1260/1050/693 566/1029/693 567/1028/693
f 1260/1050/694 1261/1051/694 565/1030/694 566/1029/694
f 1261/1051/695 1262/1052/695 564/1031/695 565/1030/695
f 1262/1052/696 1263/1053/696 563/1032/696 564/1031/696
f 1263/1053/697 1264/1054/697 562/1033/697 563/1032/697
f 1264/1054/698 1265/1055/698 561/1034/698 562/1033/698
f 1265/1055/699 1266/1056/699 560/1035/699 561/1034/699
f 1266/1056/700 1267/1057/700 559/1036/700 560/1035/700
f 1267/1057/701 1268/1058/701 558/1037/701 559/1036/701
f 1268/1058/702 1269/1059/702 557/1038/702 558/1037/702
f 1269/1059/703 1270/1060/703 556/1039/703 557/1038/703
f 1270/1060/704 1271/1061/704 555/1040/704 556/1039/704
f 1271/1061/705 1272/1062/705 554/1041/705 555/1040/705
f 1272/1062/706 1273/1063/706 553/1042/706 554/1041/706
f 1273/1063/707 1274/1064/707 552/1043/707 553/1042/707
f 430/233/708 531/1065/708 551/1066/708 432/235/708
f 531/1065/709 530/1067/709 550/1068/709 551/1066/709
f 530/1067/710 529/1069/710 549/1070/710 550/1068/710
f 529/1069/711 528/1071/711 548/1072/711 549/1070/711
f 528/1071/712 527/1073/712 547/1074/712 548/1072/712
f 527/1073/713 526/1075/713 546/1076/713 547/1074/713
f 526/1075/714 525/1077/714 545/1078/714 546/1076/714
f 525/1077/715 524/1079/715 544/1080/715 545/1078/715
f 524/1079/716 523/1081/716 543/1082/716 544/1080/716
f 523/1081/717 522/1083/717 542/1084/717 543/1082/717
f 522/1083/718 521/1085/718 541/1086/718 542/1084/718
f 521/1085/719 520/1087/719 540/1088/719 541/1086/719
f 520/1087/720 519/1089/720 539/1090/720 540/1088/720
f 519/1089/721 518/1091/721 538/1092/721 539/1090/721
f 518/1091/722 517/1093/722 537/1094/722 538/1092/722
f 517/1093/723 516/1095/723 536/1096/723 537/1094/723
f 516/1095/724 515/1097/724 535/1098/724 536/1096/724
f 515/1097/725 514/1099/725 534/1100/725 535/1098/725
f 514/1099/726 513/1101/726 533/1102/726 534/1100/726
f 513/1101/727 512/1103/727 532/1104/727 533/1102/727
f 428/230/728 492/1105/728 531/1065/728 430/233/728
f 492/1105/729 493/1106/729 530/1067/729 531/1065/729
f 493/1106/730 494/1107/730 529/1069/730 530/1067/730
f 494/1107/731 495/1108/731 528/1071/731 529/1069/731
f 495/1108/732 496/1109/732 527/1073/732 528/1071/732
f 496/1109/733 497/1110/733 526/1075/733 527/1073/733
f 497/1110/734 498/1111/734 525/1077/734 526/1075/734
f 498/1111/735 499/1112/735 524/1079/735 525/1077/735
f 499/1112/736 500/1113/736 523/1081/736 524/1079/736
f 500/1113/737 501/1114/737 522/1083/737 523/1081/737
f 501/1114/738 502/1115/738 521/1085/738 522/1083/738
f 502/1115/739 503/1116/739 520/1087/739 521/1085/739
f 503/1116/740 504/1117/740 519/1089/740 520/1087/740
f 504/1117/741 505/1118/741 518/1091/741 519/1089/741
f 505/1118/742 506/1119/742 517/1093/742 518/1091/742
f 506/1119/743 507/1120/743 516/1095/743 517/1093/743
f 507/1120/744 508/1121/744 515/1097/744 516/1095/744
f 508/1121/745 509/1122/745 514/1099/745 515/1097/745
f 509/1122/746 510/1123/746 513/1101/746 514/1099/746
f 510/1123/747 511/1124/747 512/1103/747 513/1101/747
f 913/680/327 912/682/327 1153/642/327 1152/641/327
f 914/678/748 913/680/748 1152/641/748 1151/640/748
f 915/676/325 914/678/325 1151/640/325 1150/639/325
f 916/674/749 915/676/749 1150/639/749 1149/638/749
f 917/672/750 916/674/750 1149/638/750 1148/637/750
f 918/670/322 917/672/322 1148/637/322 1147/636/322
f 919/668/321 918/670/321 1147/636/321 1146/635/321
f 920/666/320 919/668/320 1146/635/320 1145/634/320
f 921/664/319 920/666/319 1145/634/319 1144/633/319
f 922/662/318 921/664/318 1144/633/318 1143/632/318
f 923/660/317 922/662/317 1143/632/317 1142/631/317
f 924/658/316 923/660/316 1142/631/316 1141/630/316
f 925/656/315 924/658/315 1141/630/315 1140/629/315
f 926/654/314 925/656/314 1140/629/314 1139/628/314
f 927/652/751 926/654/751 1139/628/751 1138/627/751
f 928/650/312 927/652/312 1138/627/312 1137/626/312
f 929/648/311 928/650/311 1137/626/311 1136/625/311
f 930/646/752 929/648/752 1136/625/752 1135/624/752
f 931/644/309 930/646/309 1135/624/309 1134/623/309
f 470/273/308 931/644/308 1134/623/308 1132/622/308
f 1241/385/753 471/272/753 1133/387/753 1252/386/753
f 912/682/753 1175/1125/753 1186/1126/753 1153/642/753
f 1112/440/106 1185/1127/106 1154/1128/106 511/441/106
f 1092/461/754 1184/1129/754 1185/1127/754 1112/440/754
f 1072/481/104 1183/1130/104 1184/1129/104 1092/461/104
f 1052/501/755 1182/1131/755 1183/1130/755 1072/481/755
f 1032/521/102 1181/1132/102 1182/1131/102 1052/501/102
f 1012/541/101 1180/1133/101 1181/1132/101 1032/521/101
f 992/561/100 1179/1134/100 1180/1133/100 1012/541/100
f 972/581/99 1178/1135/99 1179/1134/99 992/561/99
f 952/601/98 1177/1136/98 1178/1135/98 972/581/98
f 932/621/97 1176/1137/97 1177/1136/97 952/601/97
f 1153/642/753 1186/1126/753 1176/1137/753 932/621/753
f 892/681/95 1174/1138/95 1175/1125/95 912/682/95
f 872/702/94 1173/1139/94 1174/1138/94 892/681/94
f 852/722/93 1172/1140/93 1173/1139/93 872/702/93
f 832/742/756 1171/1141/756 1172/1140/756 852/722/756
f 812/762/757 1170/1142/757 1171/1141/757 832/742/757
f 792/782/90 1169/1143/90 1170/1142/90 812/762/90
f 772/802/89 1168/1144/89 1169/1143/89 792/782/89
f 752/822/88 1167/1145/88 1168/1144/88 772/802/88
f 732/842/87 1166/1146/87 1167/1145/87 752/822/87
f 1299/863/86 1300/1147/86 1166/1146/86 732/842/86
f 692/902/758 1164/1148/758 1165/1149/758 712/903/758
f 672/923/84 1163/1150/84 1164/1148/84 692/902/84
f 652/943/759 1162/1151/759 1163/1150/759 672/923/759
f 632/963/760 1161/1152/760 1162/1151/760 652/943/760
f 612/983/81 1160/1153/81 1161/1152/81 632/963/81
f 592/1003/80 1159/1154/80 1160/1153/80 612/983/80
f 572/1023/79 1158/1155/79 1159/1154/79 592/1003/79
f 552/1043/78 1157/1156/78 1158/1155/78 572/1023/78
f 1274/1064/761 1275/1157/761 1157/1156/761 552/1043/761
f 512/1103/762 1155/1158/762 1156/1159/762 532/1104/762
f 511/1124/763 1154/1160/763 1155/1158/763 512/1103/763
f 1175/1125/753 1208/1161/753 1219/1162/753 1186/1126/753
f 1185/1127/764 1218/1163/764 1187/1164/764 1154/1128/764
f 1184/1129/765 1217/1165/765 1218/1163/765 1185/1127/765
f 1183/1130/766 1216/1166/766 1217/1165/766 1184/1129/766
f 1182/1131/755 1215/1167/755 1216/1166/755 1183/1130/755
f 1181/1132/102 1214/1168/102 1215/1167/102 1182/1131/102
f 1180/1133/101 1213/1169/101 1214/1168/101 1181/1132/101
f 1179/1134/100 1212/1170/100 1213/1169/100 1180/1133/100
f 1178/1135/99 1211/1171/99 1212/1170/99 1179/1134/99
f 1177/1136/98 1210/1172/98 1211/1171/98 1178/1135/98
f 1176/1137/97 1209/1173/97 1210/1172/97 1177/1136/97
f 1186/1126/753 1219/1162/753 1209/1173/753 1176/1137/753
f 1174/1138/95 1207/1174/95 1208/1161/95 1175/1125/95
f 1173/1139/94 1206/1175/94 1207/1174/94 1174/1138/94
f 1172/1140/93 1205/1176/93 1206/1175/93 1173/1139/93
f 1171/1141/756 1204/1177/756 1205/1176/756 1172/1140/756
f 1170/1142/757 1203/1178/757 1204/1177/757 1171/1141/757
f 1169/1143/90 1202/1179/90 1203/1178/90 1170/1142/90
f 1168/1144/89 1201/1180/89 1202/1179/89 1169/1143/89
f 1167/1145/767 1200/1181/767 1201/1180/767 1168/1144/767
f 1166/1146/87 1199/1182/87 1200/1181/87 1167/1145/87
f 1300/1147/86 1301/1183/86 1199/1182/86 1166/1146/86
f 1164/1148/85 1197/1184/85 1198/1185/85 1165/1149/85
f 1163/1150/84 1196/1186/84 1197/1184/84 1164/1148/84
f 1162/1151/759 1195/1187/759 1196/1186/759 1163/1150/759
f 1161/1152/760 1194/1188/760 1195/1187/760 1162/1151/760
f 1160/1153/81 1193/1189/81 1194/1188/81 1161/1152/81
f 1159/1154/80 1192/1190/80 1193/1189/80 1160/1153/80
f 1158/1155/768 1191/1191/768 1192/1190/768 1159/1154/768
f 1157/1156/769 1190/1192/769 1191/1191/769 1158/1155/769
f 1275/1157/77 1276/1193/77 1190/1192/77 1157/1156/77
f 1155/1158/762 1188/1194/762 1189/1195/762 1156/1159/762
f 1154/1160/763 1187/1196/763 1188/1194/763 1155/1158/763
f 1208/1161/753 1241/385/753 1252/386/753 1219/1162/753
f 1218/1163/764 1251/397/764 1220/398/764 1187/1164/764
f 1217/1165/765 1250/396/765 1251/397/765 1218/1163/765
f 1216/1166/104 1249/395/104 1250/396/104 1217/1165/104
f 1215/1167/755 1248/394/755 1249/395/755 1216/1166/755
f 1214/1168/102 1247/393/102 1248/394/102 1215/1167/102
f 1213/1169/101 1246/392/101 1247/393/101 1214/1168/101
f 1212/1170/100 1245/391/100 1246/392/100 1213/1169/100
f 1211/1171/99 1244/390/99 1245/391/99 1212/1170/99
f 1210/1172/770 1243/389/770 1244/390/770 1211/1171/770
f 1209/1173/97 1242/388/97 1243/389/97 1210/1172/97
f 1219/1162/753 1252/386/753 1242/388/753 1209/1173/753
f 1207/1174/771 1240/384/771 1241/385/771 1208/1161/771
f 1206/1175/772 1239/383/772 1240/384/772 1207/1174/772
f 1205/1176/773 1238/382/773 1239/383/773 1206/1175/773
f 1204/1177/774 1237/381/774 1238/382/774 1205/1176/774
f 1203/1178/757 1236/380/757 1237/381/757 1204/1177/757
f 1202/1179/90 1235/379/90 1236/380/90 1203/1178/90
f 1201/1180/775 1234/378/775 1235/379/775 1202/1179/775
f 1200/1181/767 1233/377/767 1234/378/767 1201/1180/767
f 1199/1182/87 1232/376/87 1233/377/87 1200/1181/87
f 1301/1183/86 1302/374/86 1232/376/86 1199/1182/86
f 1197/1184/85 1230/372/85 1231/373/85 1198/1185/85
f 1196/1186/84 1229/371/84 1230/372/84 1197/1184/84
f 1195/1187/83 1228/370/83 1229/371/83 1196/1186/83
f 1194/1188/82 1227/369/82 1228/370/82 1195/1187/82
f 1193/1189/81 1226/368/81 1227/369/81 1194/1188/81
f 1192/1190/80 1225/367/80 1226/368/80 1193/1189/80
f 1191/1191/79 1224/366/79 1225/367/79 1192/1190/79
f 1190/1192/776 1223/365/776 1224/366/776 1191/1191/776
f 1276/1193/761 1277/363/761 1223/365/761 1190/1192/761
f 1188/1194/762 1221/361/762 1222/362/762 1189/1195/762
f 1187/1196/777 1220/360/777 1221/361/777 1188/1194/777
f 1189/1195/761 1222/362/761 1277/363/761 1276/1193/761
f 1156/1159/761 1189/1195/761 1276/1193/761 1275/1157/761
f 532/1104/761 1156/1159/761 1275/1157/761 1274/1064/761
f 533/1102/778 532/1104/778 1274/1064/778 1273/1063/778
f 534/1100/706 533/1102/706 1273/1063/706 1272/1062/706
f 535/1098/779 534/1100/779 1272/1062/779 1271/1061/779
f 536/1096/704 535/1098/704 1271/1061/704 1270/1060/704
f 537/1094/780 536/1096/780 1270/1060/780 1269/1059/780
f 538/1092/702 537/1094/702 1269/1059/702 1268/1058/702
f 539/1090/781 538/1092/781 1268/1058/781 1267/1057/781
f 540/1088/700 539/1090/700 1267/1057/700 1266/1056/700
f 541/1086/699 540/1088/699 1266/1056/699 1265/1055/699
f 542/1084/698 541/1086/698 1265/1055/698 1264/1054/698
f 543/1082/782 542/1084/782 1264/1054/782 1263/1053/782
f 544/1080/783 543/1082/783 1263/1053/783 1262/1052/783
f 545/1078/784 544/1080/784 1262/1052/784 1261/1051/784
f 546/1076/785 545/1078/785 1261/1051/785 1260/1050/785
f 547/1074/786 546/1076/786 1260/1050/786 1259/1049/786
f 548/1072/787 547/1074/787 1259/1049/787 1258/1048/787
f 549/1070/788 548/1072/788 1258/1048/788 1257/1047/788
f 550/1068/690 549/1070/690 1257/1047/690 1256/1046/690
f 551/1066/689 550/1068/689 1256/1046/689 1255/1045/689
f 432/235/688 551/1066/688 1255/1045/688 1253/1044/688
f 1222/362/789 433/234/789 1254/364/789 1277/363/789
f 1198/1185/86 1231/373/86 1302/374/86 1301/1183/86
f 1165/1149/86 1198/1185/86 1301/1183/86 1300/1147/86
f 712/903/86 1165/1149/86 1300/1147/86 1299/863/86
f 713/901/790 712/903/790 1299/863/790 1298/862/790
f 714/899/791 713/901/791 1298/862/791 1297/861/791
f 715/897/525 714/899/525 1297/861/525 1296/860/525
f 716/895/524 715/897/524 1296/860/524 1295/859/524
f 717/893/523 716/895/523 1295/859/523 1294/858/523
f 718/891/792 717/893/792 1294/858/792 1293/857/792
f 719/889/521 718/891/521 1293/857/521 1292/856/521
f 720/887/793 719/889/793 1292/856/793 1291/855/793
f 721/885/519 720/887/519 1291/855/519 1290/854/519
f 722/883/794 721/885/794 1290/854/794 1289/853/794
f 723/881/517 722/883/517 1289/853/517 1288/852/517
f 724/879/795 723/881/795 1288/852/795 1287/851/795
f 725/877/515 724/879/515 1287/851/515 1286/850/515
f 726/875/796 725/877/796 1286/850/796 1285/849/796
f 727/873/797 726/875/797 1285/849/797 1284/848/797
f 728/871/512 727/873/512 1284/848/512 1283/847/512
f 729/869/511 728/871/511 1283/847/511 1282/846/511
f 730/867/510 729/869/510 1282/846/510 1281/845/510
f 731/865/509 730/867/509 1281/845/509 1280/844/509
f 450/253/798 731/865/798 1280/844/798 1278/843/798
f 1231/373/86 451/252/86 1279/375/86 1302/374/86
f 1386/1124/799 1304/231/799 1306/232/799 1387/1103/799
f 1387/1103/800 1306/232/800 1308/234/800 1407/1104/800
f 1407/1104/801 1308/234/801 1310/236/801 1427/1043/801
f 1427/1043/802 1310/236/802 1312/238/802 1447/1023/802
f 1447/1023/803 1312/238/803 1314/240/803 1467/1003/803
f 1467/1003/804 1314/240/804 1316/242/804 1487/983/804
f 1487/983/805 1316/242/805 1318/244/805 1507/963/805
f 1507/963/806 1318/244/806 1320/246/806 1527/943/806
f 1527/943/807 1320/246/807 1322/248/807 1547/923/807
f 1547/923/808 1322/248/808 1324/250/808 1567/902/808
f 1567/902/809 1324/250/809 1326/252/809 1587/903/809
f 1587/903/810 1326/252/810 1328/254/810 1607/842/810
f 1607/842/811 1328/254/811 1330/256/811 1627/822/811
f 1627/822/812 1330/256/812 1332/258/812 1647/802/812
f 1647/802/813 1332/258/813 1334/260/813 1667/782/813
f 1667/782/814 1334/260/814 1336/262/814 1687/762/814
f 1687/762/815 1336/262/815 1338/264/815 1707/742/815
f 1707/742/816 1338/264/816 1340/266/816 1727/722/816
f 1727/722/817 1340/266/817 1342/268/817 1747/702/817
f 1747/702/818 1342/268/818 1344/270/818 1767/681/818
f 1767/681/819 1344/270/819 1346/272/819 1787/682/819
f 1787/682/820 1346/272/820 1348/274/820 1807/621/820
f 1807/621/821 1348/274/821 1350/276/821 1827/601/821
f 1827/601/822 1350/276/822 1352/278/822 1847/581/822
f 1847/581/823 1352/278/823 1354/280/823 1867/561/823
f 1867/561/824 1354/280/824 1356/282/824 1887/541/824
f 1887/541/825 1356/282/825 1358/284/825 1907/521/825
f 1907/521/826 1358/284/826 1360/286/826 1927/501/826
f 1927/501/827 1360/286/827 1362/288/827 1947/481/827
f 1947/481/828 1362/288/828 1364/290/828 1967/461/828
f 1306/292/107 1304/293/107 1366/294/107 1364/295/107 1362/296/107 1360/297/107 1358/298/107 1356/299/107 1354/300/107 1352/301/107 1350/302/107 1348/303/107 1346/304/107 1344/305/107 1342/306/107 1340/307/107 1338/308/107 1336/309/107 1334/310/107 1332/311/107 1330/312/107 1328/313/107 1326/314/107 1324/315/107 1322/316/107 1320/317/107 1318/318/107 1316/319/107 1314/320/107 1312/321/107 1310/322/107 1308/323/107
f 1967/461/829 1364/290/829 1366/324/829 1987/440/829
f 1987/440/830 1366/324/830 1304/326/830 1386/441/830
f 2037/1197/831 2006/402/831 1367/403/831 2038/1198/831
f 2006/402/832 2005/404/832 1368/405/832 1367/403/832
f 2005/404/833 2004/406/833 1369/407/833 1368/405/833
f 2004/406/834 2003/408/834 1370/409/834 1369/407/834
f 2003/408/835 2002/410/835 1371/411/835 1370/409/835
f 2002/410/836 2001/412/836 1372/413/836 1371/411/836
f 2001/412/837 2000/414/837 1373/415/837 1372/413/837
f 2000/414/838 1999/416/838 1374/417/838 1373/415/838
f 1999/416/839 1998/418/839 1375/419/839 1374/417/839
f 1998/418/840 1997/420/840 1376/421/840 1375/419/840
f 1997/420/841 1996/422/841 1377/423/841 1376/421/841
f 1996/422/842 1995/424/842 1378/425/842 1377/423/842
f 1995/424/843 1994/426/843 1379/427/843 1378/425/843
f 1994/426/844 1993/428/844 1380/429/844 1379/427/844
f 1993/428/845 1992/430/845 1381/431/845 1380/429/845
f 1992/430/846 1991/432/846 1382/433/846 1381/431/846
f 1991/432/847 1990/434/847 1383/435/847 1382/433/847
f 1990/434/848 1989/436/848 1384/437/848 1383/435/848
f 1989/436/849 1988/438/849 1385/439/849 1384/437/849
f 1988/438/850 1987/440/850 1386/441/850 1385/439/850
f 2036/1199/851 1986/442/851 2006/402/851 2037/1197/851
f 1986/442/852 1985/443/852 2005/404/852 2006/402/852
f 1985/443/853 1984/444/853 2004/406/853 2005/404/853
f 1984/444/854 1983/445/854 2003/408/854 2004/406/854
f 1983/445/855 1982/446/855 2002/410/855 2003/408/855
f 1982/446/856 1981/447/856 2001/412/856 2002/410/856
f 1981/447/857 1980/448/857 2000/414/857 2001/412/857
f 1980/448/858 1979/449/858 1999/416/858 2000/414/858
f 1979/449/859 1978/450/859 1998/418/859 1999/416/859
f 1978/450/860 1977/451/860 1997/420/860 1998/418/860
f 1977/451/861 1976/452/861 1996/422/861 1997/420/861
f 1976/452/862 1975/453/862 1995/424/862 1996/422/862
f 1975/453/863 1974/454/863 1994/426/863 1995/424/863
f 1974/454/864 1973/455/864 1993/428/864 1994/426/864
f 1973/455/865 1972/456/865 1992/430/865 1993/428/865
f 1972/456/866 1971/457/866 1991/432/866 1992/430/866
f 1971/457/867 1970/458/867 1990/434/867 1991/432/867
f 1970/458/868 1969/459/868 1989/436/868 1990/434/868
f 1969/459/869 1968/460/869 1988/438/869 1989/436/869
f 1968/460/870 1967/461/870 1987/440/870 1988/438/870
f 2035/1200/871 1966/462/871 1986/442/871 2036/1199/871
f 1966/462/872 1965/463/872 1985/443/872 1986/442/872
f 1965/463/873 1964/464/873 1984/444/873 1985/443/873
f 1964/464/874 1963/465/874 1983/445/874 1984/444/874
f 1963/465/875 1962/466/875 1982/446/875 1983/445/875
f 1962/466/876 1961/467/876 1981/447/876 1982/446/876
f 1961/467/877 1960/468/877 1980/448/877 1981/447/877
f 1960/468/878 1959/469/878 1979/449/878 1980/448/878
f 1959/469/879 1958/470/879 1978/450/879 1979/449/879
f 1958/470/880 1957/471/880 1977/451/880 1978/450/880
f 1957/471/881 1956/472/881 1976/452/881 1977/451/881
f 1956/472/882 1955/473/882 1975/453/882 1976/452/882
f 1955/473/883 1954/474/883 1974/454/883 1975/453/883
f 1954/474/884 1953/475/884 1973/455/884 1974/454/884
f 1953/475/885 1952/476/885 1972/456/885 1973/455/885
f 1952/476/886 1951/477/886 1971/457/886 1972/456/886
f 1951/477/887 1950/478/887 1970/458/887 1971/457/887
f 1950/478/888 1949/479/888 1969/459/888 1970/458/888
f 1949/479/889 1948/480/889 1968/460/889 1969/459/889
f 1948/480/890 1947/481/890 1967/461/890 1968/460/890
f 2034/1201/891 1946/482/891 1966/462/891 2035/1200/891
f 1946/482/892 1945/483/892 1965/463/892 1966/462/892
f 1945/483/893 1944/484/893 1964/464/893 1965/463/893
f 1944/484/894 1943/485/894 1963/465/894 1964/464/894
f 1943/485/895 1942/486/895 1962/466/895 1963/465/895
f 1942/486/896 1941/487/896 1961/467/896 1962/466/896
f 1941/487/897 1940/488/897 1960/468/897 1961/467/897
f 1940/488/898 1939/489/898 1959/469/898 1960/468/898
f 1939/489/899 1938/490/899 1958/470/899 1959/469/899
f 1938/490/900 1937/491/900 1957/471/900 1958/470/900
f 1937/491/901 1936/492/901 1956/472/901 1957/471/901
f 1936/492/902 1935/493/902 1955/473/902 1956/472/902
f 1935/493/903 1934/494/903 1954/474/903 1955/473/903
f 1934/494/904 1933/495/904 1953/475/904 1954/474/904
f 1933/495/905 1932/496/905 1952/476/905 1953/475/905
f 1932/496/906 1931/497/906 1951/477/906 1952/476/906
f 1931/497/907 1930/498/907 1950/478/907 1951/477/907
f 1930/498/908 1929/499/908 1949/479/908 1950/478/908
f 1929/499/909 1928/500/909 1948/480/909 1949/479/909
f 1928/500/910 1927/501/910 1947/481/910 1948/480/910
f 2033/1202/911 1926/502/911 1946/482/911 2034/1201/911
f 1926/502/912 1925/503/912 1945/483/912 1946/482/912
f 1925/503/913 1924/504/913 1944/484/913 1945/483/913
f 1924/504/914 1923/505/914 1943/485/914 1944/484/914
f 1923/505/915 1922/506/915 1942/486/915 1943/485/915
f 1922/506/916 1921/507/916 1941/487/916 1942/486/916
f 1921/507/917 1920/508/917 1940/488/917 1941/487/917
f 1920/508/918 1919/509/918 1939/489/918 1940/488/918
f 1919/509/919 1918/510/919 1938/490/919 1939/489/919
f 1918/510/920 1917/511/920 1937/491/920 1938/490/920
f 1917/511/921 1916/512/921 1936/492/921 1937/491/921
f 1916/512/922 1915/513/922 1935/493/922 1936/492/922
f 1915/513/923 1914/514/923 1934/494/923 1935/493/923
f 1914/514/924 1913/515/924 1933/495/924 1934/494/924
f 1913/515/925 1912/516/925 1932/496/925 1933/495/925
f 1912/516/926 1911/517/926 1931/497/926 1932/496/926
f 1911/517/927 1910/518/927 1930/498/927 1931/497/927
f 1910/518/928 1909/519/928 1929/499/928 1930/498/928
f 1909/519/929 1908/520/929 1928/500/929 1929/499/929
f 1908/520/930 1907/521/930 1927/501/930 1928/500/930
f 2032/1203/931 1906/522/931 1926/502/931 2033/1202/931
f 1906/522/932 1905/523/932 1925/503/932 1926/502/932
f 1905/523/933 1904/524/933 1924/504/933 1925/503/933
f 1904/524/934 1903/525/934 1923/505/934 1924/504/934
f 1903/525/935 1902/526/935 1922/506/935 1923/505/935
f 1902/526/936 1901/527/936 1921/507/936 1922/506/936
f 1901/527/937 1900/528/937 1920/508/937 1921/507/937
f 1900/528/938 1899/529/938 1919/509/938 1920/508/938
f 1899/529/939 1898/530/939 1918/510/939 1919/509/939
f 1898/530/940 1897/531/940 1917/511/940 1918/510/940
f 1897/531/941 1896/532/941 1916/512/941 1917/511/941
f 1896/532/942 1895/533/942 1915/513/942 1916/512/942
f 1895/533/943 1894/534/943 1914/514/943 1915/513/943
f 1894/534/944 1893/535/944 1913/515/944 1914/514/944
f 1893/535/945 1892/536/945 1912/516/945 1913/515/945
f 1892/536/946 1891/537/946 1911/517/946 1912/516/946
f 1891/537/947 1890/538/947 1910/518/947 1911/517/947
f 1890/538/948 1889/539/948 1909/519/948 1910/518/948
f 1889/539/949 1888/540/949 1908/520/949 1909/519/949
f 1888/540/950 1887/541/950 1907/521/950 1908/520/950
f 2031/1204/951 1886/542/951 1906/522/951 2032/1203/951
f 1886/542/952 1885/543/952 1905/523/952 1906/522/952
f 1885/543/953 1884/544/953 1904/524/953 1905/523/953
f 1884/544/954 1883/545/954 1903/525/954 1904/524/954
f 1883/545/955 1882/546/955 1902/526/955 1903/525/955
f 1882/546/956 1881/547/956 1901/527/956 1902/526/956
f 1881/547/957 1880/548/957 1900/528/957 1901/527/957
f 1880/548/958 1879/549/958 1899/529/958 1900/528/958
f 1879/549/959 1878/550/959 1898/530/959 1899/529/959
f 1878/550/960 1877/551/960 1897/531/960 1898/530/960
f 1877/551/961 1876/552/961 1896/532/961 1897/531/961
f 1876/552/962 1875/553/962 1895/533/962 1896/532/962
f 1875/553/963 1874/554/963 1894/534/963 1895/533/963
f 1874/554/964 1873/555/964 1893/535/964 1894/534/964
f 1873/555/965 1872/556/965 1892/536/965 1893/535/965
f 1872/556/966 1871/557/966 1891/537/966 1892/536/966
f 1871/557/967 1870/558/967 1890/538/967 1891/537/967
f 1870/558/968 1869/559/968 1889/539/968 1890/538/968
f 1869/559/969 1868/560/969 1888/540/969 1889/539/969
f 1868/560/970 1867/561/970 1887/541/970 1888/540/970
f 2030/1205/971 1866/562/971 1886/542/971 2031/1204/971
f 1866/562/972 1865/563/972 1885/543/972 1886/542/972
f 1865/563/973 1864/564/973 1884/544/973 1885/543/973
f 1864/564/974 1863/565/974 1883/545/974 1884/544/974
f 1863/565/975 1862/566/975 1882/546/975 1883/545/975
f 1862/566/976 1861/567/976 1881/547/976 1882/546/976
f 1861/567/977 1860/568/977 1880/548/977 1881/547/977
f 1860/568/978 1859/569/978 1879/549/978 1880/548/978
f 1859/569/979 1858/570/979 1878/550/979 1879/549/979
f 1858/570/980 1857/571/980 1877/551/980 1878/550/980
f 1857/571/981 1856/572/981 1876/552/981 1877/551/981
f 1856/572/982 1855/573/982 1875/553/982 1876/552/982
f 1855/573/983 1854/574/983 1874/554/983 1875/553/983
f 1854/574/984 1853/575/984 1873/555/984 1874/554/984
f 1853/575/985 1852/576/985 1872/556/985 1873/555/985
f 1852/576/986 1851/577/986 1871/557/986 1872/556/986
f 1851/577/987 1850/578/987 1870/558/987 1871/557/987
f 1850/578/988 1849/579/988 1869/559/988 1870/558/988
f 1849/579/989 1848/580/989 1868/560/989 1869/559/989
f 1848/580/990 1847/581/990 1867/561/990 1868/560/990
f 2029/1206/991 1846/582/991 1866/562/991 2030/1205/991
f 1846/582/992 1845/583/992 1865/563/992 1866/562/992
f 1845/583/993 1844/584/993 1864/564/993 1865/563/993
f 1844/584/994 1843/585/994 1863/565/994 1864/564/994
f 1843/585/995 1842/586/995 1862/566/995 1863/565/995
f 1842/586/996 1841/587/996 1861/567/996 1862/566/996
f 1841/587/997 1840/588/997 1860/568/997 1861/567/997
f 1840/588/998 1839/589/998 1859/569/998 1860/568/998
f 1839/589/999 1838/590/999 1858/570/999 1859/569/999
f 1838/590/1000 1837/591/1000 1857/571/1000 1858/570/1000
f 1837/591/1001 1836/592/1001 1856/572/1001 1857/571/1001
f 1836/592/1002 1835/593/1002 1855/573/1002 1856/572/1002
f 1835/593/1003 1834/594/1003 1854/574/1003 1855/573/1003
f 1834/594/1004 1833/595/1004 1853/575/1004 1854/574/1004
f 1833/595/1005 1832/596/1005 1852/576/1005 1853/575/1005
f 1832/596/1006 1831/597/1006 1851/577/1006 1852/576/1006
f 1831/597/1007 1830/598/1007 1850/578/1007 1851/577/1007
f 1830/598/1008 1829/599/1008 1849/579/1008 1850/578/1008
f 1829/599/1009 1828/600/1009 1848/580/1009 1849/579/1009
f 1828/600/1010 1827/601/1010 1847/581/1010 1848/580/1010
f 2028/1207/1011 1826/602/1011 1846/582/1011 2029/1206/1011
f 1826/602/1012 1825/603/1012 1845/583/1012 1846/582/1012
f 1825/603/1013 1824/604/1013 1844/584/1013 1845/583/1013
f 1824/604/1014 1823/605/1014 1843/585/1014 1844/584/1014
f 1823/605/1015 1822/606/1015 1842/586/1015 1843/585/1015
f 1822/606/1016 1821/607/1016 1841/587/1016 1842/586/1016
f 1821/607/1017 1820/608/1017 1840/588/1017 1841/587/1017
f 1820/608/1018 1819/609/1018 1839/589/1018 1840/588/1018
f 1819/609/1019 1818/610/1019 1838/590/1019 1839/589/1019
f 1818/610/1020 1817/611/1020 1837/591/1020 1838/590/1020
f 1817/611/1021 1816/612/1021 1836/592/1021 1837/591/1021
f 1816/612/1022 1815/613/1022 1835/593/1022 1836/592/1022
f 1815/613/1023 1814/614/1023 1834/594/1023 1835/593/1023
f 1814/614/1024 1813/615/1024 1833/595/1024 1834/594/1024
f 1813/615/1025 1812/616/1025 1832/596/1025 1833/595/1025
f 1812/616/1026 1811/617/1026 1831/597/1026 1832/596/1026
f 1811/617/1027 1810/618/1027 1830/598/1027 1831/597/1027
f 1810/618/1028 1809/619/1028 1829/599/1028 1830/598/1028
f 1809/619/1029 1808/620/1029 1828/600/1029 1829/599/1029
f 1808/620/1030 1807/621/1030 1827/601/1030 1828/600/1030
f 2027/1208/1031 1806/644/1031 1826/602/1031 2028/1207/1031
f 1806/644/1032 1805/646/1032 1825/603/1032 1826/602/1032
f 1805/646/1033 1804/648/1033 1824/604/1033 1825/603/1033
f 1804/648/1034 1803/650/1034 1823/605/1034 1824/604/1034
f 1803/650/1035 1802/652/1035 1822/606/1035 1823/605/1035
f 1802/652/1036 1801/654/1036 1821/607/1036 1822/606/1036
f 1801/654/1037 1800/656/1037 1820/608/1037 1821/607/1037
f 1800/656/1038 1799/658/1038 1819/609/1038 1820/608/1038
f 1799/658/1039 1798/660/1039 1818/610/1039 1819/609/1039
f 1798/660/1040 1797/662/1040 1817/611/1040 1818/610/1040
f 1797/662/1041 1796/664/1041 1816/612/1041 1817/611/1041
f 1796/664/1042 1795/666/1042 1815/613/1042 1816/612/1042
f 1795/666/1043 1794/668/1043 1814/614/1043 1815/613/1043
f 1794/668/1044 1793/670/1044 1813/615/1044 1814/614/1044
f 1793/670/1045 1792/672/1045 1812/616/1045 1813/615/1045
f 1792/672/1046 1791/674/1046 1811/617/1046 1812/616/1046
f 1791/674/1047 1790/676/1047 1810/618/1047 1811/617/1047
f 1790/676/1048 1789/678/1048 1809/619/1048 1810/618/1048
f 1789/678/1049 1788/680/1049 1808/620/1049 1809/619/1049
f 1788/680/1050 1787/682/1050 1807/621/1050 1808/620/1050
f 2026/1209/1051 1786/643/1051 1806/644/1051 2027/1208/1051
f 1786/643/1052 1785/645/1052 1805/646/1052 1806/644/1052
f 1785/645/1053 1784/647/1053 1804/648/1053 1805/646/1053
f 1784/647/1054 1783/649/1054 1803/650/1054 1804/648/1054
f 1783/649/1055 1782/651/1055 1802/652/1055 1803/650/1055
f 1782/651/1056 1781/653/1056 1801/654/1056 1802/652/1056
f 1781/653/1057 1780/655/1057 1800/656/1057 1801/654/1057
f 1780/655/1058 1779/657/1058 1799/658/1058 1800/656/1058
f 1779/657/1059 1778/659/1059 1798/660/1059 1799/658/1059
f 1778/659/1060 1777/661/1060 1797/662/1060 1798/660/1060
f 1777/661/1061 1776/663/1061 1796/664/1061 1797/662/1061
f 1776/663/1062 1775/665/1062 1795/666/1062 1796/664/1062
f 1775/665/1063 1774/667/1063 1794/668/1063 1795/666/1063
f 1774/667/1064 1773/669/1064 1793/670/1064 1794/668/1064
f 1773/669/1065 1772/671/1065 1792/672/1065 1793/670/1065
f 1772/671/1066 1771/673/1066 1791/674/1066 1792/672/1066
f 1771/673/1067 1770/675/1067 1790/676/1067 1791/674/1067
f 1770/675/1068 1769/677/1068 1789/678/1068 1790/676/1068
f 1769/677/1069 1768/679/1069 1788/680/1069 1789/678/1069
f 1768/679/1070 1767/681/1070 1787/682/1070 1788/680/1070
f 2025/1210/1071 1766/683/1071 1786/643/1071 2026/1209/1071
f 1766/683/1072 1765/684/1072 1785/645/1072 1786/643/1072
f 1765/684/1073 1764/685/1073 1784/647/1073 1785/645/1073
f 1764/685/1074 1763/686/1074 1783/649/1074 1784/647/1074
f 1763/686/1075 1762/687/1075 1782/651/1075 1783/649/1075
f 1762/687/1076 1761/688/1076 1781/653/1076 1782/651/1076
f 1761/688/1077 1760/689/1077 1780/655/1077 1781/653/1077
f 1760/689/1078 1759/690/1078 1779/657/1078 1780/655/1078
f 1759/690/1079 1758/691/1079 1778/659/1079 1779/657/1079
f 1758/691/1080 1757/692/1080 1777/661/1080 1778/659/1080
f 1757/692/1081 1756/693/1081 1776/663/1081 1777/661/1081
f 1756/693/1082 1755/694/1082 1775/665/1082 1776/663/1082
f 1755/694/1083 1754/695/1083 1774/667/1083 1775/665/1083
f 1754/695/1084 1753/696/1084 1773/669/1084 1774/667/1084
f 1753/696/1085 1752/697/1085 1772/671/1085 1773/669/1085
f 1752/697/1086 1751/698/1086 1771/673/1086 1772/671/1086
f 1751/698/1087 1750/699/1087 1770/675/1087 1771/673/1087
f 1750/699/1088 1749/700/1088 1769/677/1088 1770/675/1088
f 1749/700/1089 1748/701/1089 1768/679/1089 1769/677/1089
f 1748/701/1090 1747/702/1090 1767/681/1090 1768/679/1090
f 2024/1211/1091 1746/703/1091 1766/683/1091 2025/1210/1091
f 1746/703/1092 1745/704/1092 1765/684/1092 1766/683/1092
f 1745/704/1093 1744/705/1093 1764/685/1093 1765/684/1093
f 1744/705/1094 1743/706/1094 1763/686/1094 1764/685/1094
f 1743/706/1095 1742/707/1095 1762/687/1095 1763/686/1095
f 1742/707/1096 1741/708/1096 1761/688/1096 1762/687/1096
f 1741/708/1097 1740/709/1097 1760/689/1097 1761/688/1097
f 1740/709/1098 1739/710/1098 1759/690/1098 1760/689/1098
f 1739/710/1099 1738/711/1099 1758/691/1099 1759/690/1099
f 1738/711/1100 1737/712/1100 1757/692/1100 1758/691/1100
f 1737/712/1101 1736/713/1101 1756/693/1101 1757/692/1101
f 1736/713/1102 1735/714/1102 1755/694/1102 1756/693/1102
f 1735/714/1103 1734/715/1103 1754/695/1103 1755/694/1103
f 1734/715/1104 1733/716/1104 1753/696/1104 1754/695/1104
f 1733/716/1105 1732/717/1105 1752/697/1105 1753/696/1105
f 1732/717/1106 1731/718/1106 1751/698/1106 1752/697/1106
f 1731/718/1107 1730/719/1107 1750/699/1107 1751/698/1107
f 1730/719/1108 1729/720/1108 1749/700/1108 1750/699/1108
f 1729/720/1109 1728/721/1109 1748/701/1109 1749/700/1109
f 1728/721/1110 1727/722/1110 1747/702/1110 1748/701/1110
f 2023/1212/1111 1726/723/1111 1746/703/1111 2024/1211/1111
f 1726/723/1112 1725/724/1112 1745/704/1112 1746/703/1112
f 1725/724/1113 1724/725/1113 1744/705/1113 1745/704/1113
f 1724/725/1114 1723/726/1114 1743/706/1114 1744/705/1114
f 1723/726/1115 1722/727/1115 1742/707/1115 1743/706/1115
f 1722/727/1116 1721/728/1116 1741/708/1116 1742/707/1116
f 1721/728/1117 1720/729/1117 1740/709/1117 1741/708/1117
f 1720/729/1118 1719/730/1118 1739/710/1118 1740/709/1118
f 1719/730/1119 1718/731/1119 1738/711/1119 1739/710/1119
f 1718/731/1120 1717/732/1120 1737/712/1120 1738/711/1120
f 1717/732/1121 1716/733/1121 1736/713/1121 1737/712/1121
f 1716/733/1122 1715/734/1122 1735/714/1122 1736/713/1122
f 1715/734/1123 1714/735/1123 1734/715/1123 1735/714/1123
f 1714/735/1124 1713/736/1124 1733/716/1124 1734/715/1124
f 1713/736/1125 1712/737/1125 1732/717/1125 1733/716/1125
f 1712/737/1126 1711/738/1126 1731/718/1126 1732/717/1126
f 1711/738/1127 1710/739/1127 1730/719/1127 1731/718/1127
f 1710/739/1128 1709/740/1128 1729/720/1128 1730/719/1128
f 1709/740/1129 1708/741/1129 1728/721/1129 1729/720/1129
f 1708/741/1130 1707/742/1130 1727/722/1130 1728/721/1130
f 2022/1213/1131 1706/743/1131 1726/723/1131 2023/1212/1131
f 1706/743/1132 1705/744/1132 1725/724/1132 1726/723/1132
f 1705/744/1133 1704/745/1133 1724/725/1133 1725/724/1133
f 1704/745/1134 1703/746/1134 1723/726/1134 1724/725/1134
f 1703/746/1135 1702/747/1135 1722/727/1135 1723/726/1135
f 1702/747/1136 1701/748/1136 1721/728/1136 1722/727/1136
f 1701/748/1137 1700/749/1137 1720/729/1137 1721/728/1137
f 1700/749/1138 1699/750/1138 1719/730/1138 1720/729/1138
f 1699/750/1139 1698/751/1139 1718/731/1139 1719/730/1139
f 1698/751/1140 1697/752/1140 1717/732/1140 1718/731/1140
f 1697/752/1141 1696/753/1141 1716/733/1141 1717/732/1141
f 1696/753/1142 1695/754/1142 1715/734/1142 1716/733/1142
f 1695/754/1143 1694/755/1143 1714/735/1143 1715/734/1143
f 1694/755/1144 1693/756/1144 1713/736/1144 1714/735/1144
f 1693/756/1145 1692/757/1145 1712/737/1145 1713/736/1145
f 1692/757/1146 1691/758/1146 1711/738/1146 1712/737/1146
f 1691/758/1147 1690/759/1147 1710/739/1147 1711/738/1147
f 1690/759/1148 1689/760/1148 1709/740/1148 1710/739/1148
f 1689/760/1149 1688/761/1149 1708/741/1149 1709/740/1149
f 1688/761/1150 1687/762/1150 1707/742/1150 1708/741/1150
f 2021/1214/1151 1686/763/1151 1706/743/1151 2022/1213/1151
f 1686/763/1152 1685/764/1152 1705/744/1152 1706/743/1152
f 1685/764/1153 1684/765/1153 1704/745/1153 1705/744/1153
f 1684/765/1154 1683/766/1154 1703/746/1154 1704/745/1154
f 1683/766/1155 1682/767/1155 1702/747/1155 1703/746/1155
f 1682/767/1156 1681/768/1156 1701/748/1156 1702/747/1156
f 1681/768/1157 1680/769/1157 1700/749/1157 1701/748/1157
f 1680/769/1158 1679/770/1158 1699/750/1158 1700/749/1158
f 1679/770/1159 1678/771/1159 1698/751/1159 1699/750/1159
f 1678/771/1160 1677/772/1160 1697/752/1160 1698/751/1160
f 1677/772/1161 1676/773/1161 1696/753/1161 1697/752/1161
f 1676/773/1162 1675/774/1162 1695/754/1162 1696/753/1162
f 1675/774/1163 1674/775/1163 1694/755/1163 1695/754/1163
f 1674/775/1164 1673/776/1164 1693/756/1164 1694/755/1164
f 1673/776/1165 1672/777/1165 1692/757/1165 1693/756/1165
f 1672/777/1166 1671/778/1166 1691/758/1166 1692/757/1166
f 1671/778/1167 1670/779/1167 1690/759/1167 1691/758/1167
f 1670/779/1168 1669/780/1168 1689/760/1168 1690/759/1168
f 1669/780/1169 1668/781/1169 1688/761/1169 1689/760/1169
f 1668/781/1170 1667/782/1170 1687/762/1170 1688/761/1170
f 2020/1215/1171 1666/783/1171 1686/763/1171 2021/1214/1171
f 1666/783/1172 1665/784/1172 1685/764/1172 1686/763/1172
f 1665/784/1173 1664/785/1173 1684/765/1173 1685/764/1173
f 1664/785/1174 1663/786/1174 1683/766/1174 1684/765/1174
f 1663/786/1175 1662/787/1175 1682/767/1175 1683/766/1175
f 1662/787/1176 1661/788/1176 1681/768/1176 1682/767/1176
f 1661/788/1177 1660/789/1177 1680/769/1177 1681/768/1177
f 1660/789/1178 1659/790/1178 1679/770/1178 1680/769/1178
f 1659/790/1179 1658/791/1179 1678/771/1179 1679/770/1179
f 1658/791/1180 1657/792/1180 1677/772/1180 1678/771/1180
f 1657/792/1181 1656/793/1181 1676/773/1181 1677/772/1181
f 1656/793/1182 1655/794/1182 1675/774/1182 1676/773/1182
f 1655/794/1183 1654/795/1183 1674/775/1183 1675/774/1183
f 1654/795/1184 1653/796/1184 1673/776/1184 1674/775/1184
f 1653/796/1185 1652/797/1185 1672/777/1185 1673/776/1185
f 1652/797/1186 1651/798/1186 1671/778/1186 1672/777/1186
f 1651/798/1187 1650/799/1187 1670/779/1187 1671/778/1187
f 1650/799/1188 1649/800/1188 1669/780/1188 1670/779/1188
f 1649/800/1189 1648/801/1189 1668/781/1189 1669/780/1189
f 1648/801/1190 1647/802/1190 1667/782/1190 1668/781/1190
f 2019/1216/1191 1646/803/1191 1666/783/1191 2020/1215/1191
f 1646/803/1192 1645/804/1192 1665/784/1192 1666/783/1192
f 1645/804/1193 1644/805/1193 1664/785/1193 1665/784/1193
f 1644/805/1194 1643/806/1194 1663/786/1194 1664/785/1194
f 1643/806/1195 1642/807/1195 1662/787/1195 1663/786/1195
f 1642/807/1196 1641/808/1196 1661/788/1196 1662/787/1196
f 1641/808/1197 1640/809/1197 1660/789/1197 1661/788/1197
f 1640/809/1198 1639/810/1198 1659/790/1198 1660/789/1198
f 1639/810/1199 1638/811/1199 1658/791/1199 1659/790/1199
f 1638/811/1200 1637/812/1200 1657/792/1200 1658/791/1200
f 1637/812/1201 1636/813/1201 1656/793/1201 1657/792/1201
f 1636/813/1202 1635/814/1202 1655/794/1202 1656/793/1202
f 1635/814/1203 1634/815/1203 1654/795/1203 1655/794/1203
f 1634/815/1204 1633/816/1204 1653/796/1204 1654/795/1204
f 1633/816/1205 1632/817/1205 1652/797/1205 1653/796/1205
f 1632/817/1206 1631/818/1206 1651/798/1206 1652/797/1206
f 1631/818/1207 1630/819/1207 1650/799/1207 1651/798/1207
f 1630/819/1208 1629/820/1208 1649/800/1208 1650/799/1208
f 1629/820/1209 1628/821/1209 1648/801/1209 1649/800/1209
f 1628/821/1210 1627/822/1210 1647/802/1210 1648/801/1210
f 2018/1217/1211 1626/823/1211 1646/803/1211 2019/1216/1211
f 1626/823/1212 1625/824/1212 1645/804/1212 1646/803/1212
f 1625/824/1213 1624/825/1213 1644/805/1213 1645/804/1213
f 1624/825/1214 1623/826/1214 1643/806/1214 1644/805/1214
f 1623/826/1215 1622/827/1215 1642/807/1215 1643/806/1215
f 1622/827/1216 1621/828/1216 1641/808/1216 1642/807/1216
f 1621/828/1217 1620/829/1217 1640/809/1217 1641/808/1217
f 1620/829/1218 1619/830/1218 1639/810/1218 1640/809/1218
f 1619/830/1219 1618/831/1219 1638/811/1219 1639/810/1219
f 1618/831/1220 1617/832/1220 1637/812/1220 1638/811/1220
f 1617/832/1221 1616/833/1221 1636/813/1221 1637/812/1221
f 1616/833/1222 1615/834/1222 1635/814/1222 1636/813/1222
f 1615/834/1223 1614/835/1223 1634/815/1223 1635/814/1223
f 1614/835/1224 1613/836/1224 1633/816/1224 1634/815/1224
f 1613/836/1225 1612/837/1225 1632/817/1225 1633/816/1225
f 1612/837/1226 1611/838/1226 1631/818/1226 1632/817/1226
f 1611/838/1227 1610/839/1227 1630/819/1227 1631/818/1227
f 1610/839/1228 1609/840/1228 1629/820/1228 1630/819/1228
f 1609/840/1229 1608/841/1229 1628/821/1229 1629/820/1229
f 1608/841/1230 1607/842/1230 1627/822/1230 1628/821/1230
f 2017/1218/1231 1606/865/1231 1626/823/1231 2018/1217/1231
f 1606/865/1232 1605/867/1232 1625/824/1232 1626/823/1232
f 1605/867/1233 1604/869/1233 1624/825/1233 1625/824/1233
f 1604/869/1234 1603/871/1234 1623/826/1234 1624/825/1234
f 1603/871/1235 1602/873/1235 1622/827/1235 1623/826/1235
f 1602/873/1236 1601/875/1236 1621/828/1236 1622/827/1236
f 1601/875/1237 1600/877/1237 1620/829/1237 1621/828/1237
f 1600/877/1238 1599/879/1238 1619/830/1238 1620/829/1238
f 1599/879/1239 1598/881/1239 1618/831/1239 1619/830/1239
f 1598/881/1240 1597/883/1240 1617/832/1240 1618/831/1240
f 1597/883/1241 1596/885/1241 1616/833/1241 1617/832/1241
f 1596/885/1242 1595/887/1242 1615/834/1242 1616/833/1242
f 1595/887/1243 1594/889/1243 1614/835/1243 1615/834/1243
f 1594/889/1244 1593/891/1244 1613/836/1244 1614/835/1244
f 1593/891/1245 1592/893/1245 1612/837/1245 1613/836/1245
f 1592/893/1246 1591/895/1246 1611/838/1246 1612/837/1246
f 1591/895/1247 1590/897/1247 1610/839/1247 1611/838/1247
f 1590/897/1248 1589/899/1248 1609/840/1248 1610/839/1248
f 1589/899/1249 1588/901/1249 1608/841/1249 1609/840/1249
f 1588/901/1250 1587/903/1250 1607/842/1250 1608/841/1250
f 2016/1219/1251 1586/864/1251 1606/865/1251 2017/1218/1251
f 1586/864/1252 1585/866/1252 1605/867/1252 1606/865/1252
f 1585/866/1253 1584/868/1253 1604/869/1253 1605/867/1253
f 1584/868/1254 1583/870/1254 1603/871/1254 1604/869/1254
f 1583/870/1255 1582/872/1255 1602/873/1255 1603/871/1255
f 1582/872/1256 1581/874/1256 1601/875/1256 1602/873/1256
f 1581/874/1257 1580/876/1257 1600/877/1257 1601/875/1257
f 1580/876/1258 1579/878/1258 1599/879/1258 1600/877/1258
f 1579/878/1259 1578/880/1259 1598/881/1259 1599/879/1259
f 1578/880/1260 1577/882/1260 1597/883/1260 1598/881/1260
f 1577/882/1261 1576/884/1261 1596/885/1261 1597/883/1261
f 1576/884/1262 1575/886/1262 1595/887/1262 1596/885/1262
f 1575/886/1263 1574/888/1263 1594/889/1263 1595/887/1263
f 1574/888/1264 1573/890/1264 1593/891/1264 1594/889/1264
f 1573/890/1265 1572/892/1265 1592/893/1265 1593/891/1265
f 1572/892/1266 1571/894/1266 1591/895/1266 1592/893/1266
f 1571/894/1267 1570/896/1267 1590/897/1267 1591/895/1267
f 1570/896/1268 1569/898/1268 1589/899/1268 1590/897/1268
f 1569/898/1269 1568/900/1269 1588/901/1269 1589/899/1269
f 1568/900/1270 1567/902/1270 1587/903/1270 1588/901/1270
f 2015/1220/1271 1566/904/1271 1586/864/1271 2016/1219/1271
f 1566/904/1272 1565/905/1272 1585/866/1272 1586/864/1272
f 1565/905/1273 1564/906/1273 1584/868/1273 1585/866/1273
f 1564/906/1274 1563/907/1274 1583/870/1274 1584/868/1274
f 1563/907/1275 1562/908/1275 1582/872/1275 1583/870/1275
f 1562/908/1276 1561/909/1276 1581/874/1276 1582/872/1276
f 1561/909/1277 1560/910/1277 1580/876/1277 1581/874/1277
f 1560/910/1278 1559/911/1278 1579/878/1278 1580/876/1278
f 1559/911/1279 1558/912/1279 1578/880/1279 1579/878/1279
f 1558/912/1280 1557/913/1280 1577/882/1280 1578/880/1280
f 1557/913/1281 1556/914/1281 1576/884/1281 1577/882/1281
f 1556/914/1282 1555/915/1282 1575/886/1282 1576/884/1282
f 1555/915/1283 1554/916/1283 1574/888/1283 1575/886/1283
f 1554/916/1284 1553/917/1284 1573/890/1284 1574/888/1284
f 1553/917/1285 1552/918/1285 1572/892/1285 1573/890/1285
f 1552/918/1286 1551/919/1286 1571/894/1286 1572/892/1286
f 1551/919/1287 1550/920/1287 1570/896/1287 1571/894/1287
f 1550/920/1288 1549/921/1288 1569/898/1288 1570/896/1288
f 1549/921/1289 1548/922/1289 1568/900/1289 1569/898/1289
f 1548/922/1290 1547/923/1290 1567/902/1290 1568/900/1290
f 2014/1221/1291 1546/924/1291 1566/904/1291 2015/1220/1291
f 1546/924/1292 1545/925/1292 1565/905/1292 1566/904/1292
f 1545/925/1293 1544/926/1293 1564/906/1293 1565/905/1293
f 1544/926/1294 1543/927/1294 1563/907/1294 1564/906/1294
f 1543/927/1295 1542/928/1295 1562/908/1295 1563/907/1295
f 1542/928/1296 1541/929/1296 1561/909/1296 1562/908/1296
f 1541/929/1297 1540/930/1297 1560/910/1297 1561/909/1297
f 1540/930/1298 1539/931/1298 1559/911/1298 1560/910/1298
f 1539/931/1299 1538/932/1299 1558/912/1299 1559/911/1299
f 1538/932/1300 1537/933/1300 1557/913/1300 1558/912/1300
f 1537/933/1301 1536/934/1301 1556/914/1301 1557/913/1301
f 1536/934/1302 1535/935/1302 1555/915/1302 1556/914/1302
f 1535/935/1303 1534/936/1303 1554/916/1303 1555/915/1303
f 1534/936/1304 1533/937/1304 1553/917/1304 1554/916/1304
f 1533/937/1305 1532/938/1305 1552/918/1305 1553/917/1305
f 1532/938/1306 1531/939/1306 1551/919/1306 1552/918/1306
f 1531/939/1307 1530/940/1307 1550/920/1307 1551/919/1307
f 1530/940/1308 1529/941/1308 1549/921/1308 1550/920/1308
f 1529/941/1309 1528/942/1309 1548/922/1309 1549/921/1309
f 1528/942/1310 1527/943/1310 1547/923/1310 1548/922/1310
f 2013/1222/1311 1526/944/1311 1546/924/1311 2014/1221/1311
f 1526/944/1312 1525/945/1312 1545/925/1312 1546/924/1312
f 1525/945/1313 1524/946/1313 1544/926/1313 1545/925/1313
f 1524/946/1314 1523/947/1314 1543/927/1314 1544/926/1314
f 1523/947/1315 1522/948/1315 1542/928/1315 1543/927/1315
f 1522/948/1316 1521/949/1316 1541/929/1316 1542/928/1316
f 1521/949/1317 1520/950/1317 1540/930/1317 1541/929/1317
f 1520/950/1318 1519/951/1318 1539/931/1318 1540/930/1318
f 1519/951/1319 1518/952/1319 1538/932/1319 1539/931/1319
f 1518/952/1320 1517/953/1320 1537/933/1320 1538/932/1320
f 1517/953/1321 1516/954/1321 1536/934/1321 1537/933/1321
f 1516/954/1322 1515/955/1322 1535/935/1322 1536/934/1322
f 1515/955/1323 1514/956/1323 1534/936/1323 1535/935/1323
f 1514/956/1324 1513/957/1324 1533/937/1324 1534/936/1324
f 1513/957/1325 1512/958/1325 1532/938/1325 1533/937/1325
f 1512/958/1326 1511/959/1326 1531/939/1326 1532/938/1326
f 1511/959/1327 1510/960/1327 1530/940/1327 1531/939/1327
f 1510/960/1328 1509/961/1328 1529/941/1328 1530/940/1328
f 1509/961/1329 1508/962/1329 1528/942/1329 1529/941/1329
f 1508/962/1330 1507/963/1330 1527/943/1330 1528/942/1330
f 2012/1223/1331 1506/964/1331 1526/944/1331 2013/1222/1331
f 1506/964/1332 1505/965/1332 1525/945/1332 1526/944/1332
f 1505/965/1333 1504/966/1333 1524/946/1333 1525/945/1333
f 1504/966/1334 1503/967/1334 1523/947/1334 1524/946/1334
f 1503/967/1335 1502/968/1335 1522/948/1335 1523/947/1335
f 1502/968/1336 1501/969/1336 1521/949/1336 1522/948/1336
f 1501/969/1337 1500/970/1337 1520/950/1337 1521/949/1337
f 1500/970/1338 1499/971/1338 1519/951/1338 1520/950/1338
f 1499/971/1339 1498/972/1339 1518/952/1339 1519/951/1339
f 1498/972/1340 1497/973/1340 1517/953/1340 1518/952/1340
f 1497/973/1341 1496/974/1341 1516/954/1341 1517/953/1341
f 1496/974/1342 1495/975/1342 1515/955/1342 1516/954/1342
f 1495/975/1343 1494/976/1343 1514/956/1343 1515/955/1343
f 1494/976/1344 1493/977/1344 1513/957/1344 1514/956/1344
f 1493/977/1345 1492/978/1345 1512/958/1345 1513/957/1345
f 1492/978/1346 1491/979/1346 1511/959/1346 1512/958/1346
f 1491/979/1347 1490/980/1347 1510/960/1347 1511/959/1347
f 1490/980/1348 1489/981/1348 1509/961/1348 1510/960/1348
f 1489/981/1349 1488/982/1349 1508/962/1349 1509/961/1349
f 1488/982/1350 1487/983/1350 1507/963/1350 1508/962/1350
f 2011/1224/1351 1486/984/1351 1506/964/1351 2012/1223/1351
f 1486/984/1352 1485/985/1352 1505/965/1352 1506/964/1352
f 1485/985/1353 1484/986/1353 1504/966/1353 1505/965/1353
f 1484/986/1354 1483/987/1354 1503/967/1354 1504/966/1354
f 1483/987/1355 1482/988/1355 1502/968/1355 1503/967/1355
f 1482/988/1356 1481/989/1356 1501/969/1356 1502/968/1356
f 1481/989/1357 1480/990/1357 1500/970/1357 1501/969/1357
f 1480/990/1358 1479/991/1358 1499/971/1358 1500/970/1358
f 1479/991/1359 1478/992/1359 1498/972/1359 1499/971/1359
f 1478/992/1360 1477/993/1360 1497/973/1360 1498/972/1360
f 1477/993/1361 1476/994/1361 1496/974/1361 1497/973/1361
f 1476/994/1362 1475/995/1362 1495/975/1362 1496/974/1362
f 1475/995/1363 1474/996/1363 1494/976/1363 1495/975/1363
f 1474/996/1364 1473/997/1364 1493/977/1364 1494/976/1364
f 1473/997/1365 1472/998/1365 1492/978/1365 1493/977/1365
f 1472/998/1366 1471/999/1366 1491/979/1366 1492/978/1366
f 1471/999/1367 1470/1000/1367 1490/980/1367 1491/979/1367
f 1470/1000/1368 1469/1001/1368 1489/981/1368 1490/980/1368
f 1469/1001/1369 1468/1002/1369 1488/982/1369 1489/981/1369
f 1468/1002/1370 1467/1003/1370 1487/983/1370 1488/982/1370
f 2010/1225/1371 1466/1004/1371 1486/984/1371 2011/1224/1371
f 1466/1004/1372 1465/1005/1372 1485/985/1372 1486/984/1372
f 1465/1005/1373 1464/1006/1373 1484/986/1373 1485/985/1373
f 1464/1006/1374 1463/1007/1374 1483/987/1374 1484/986/1374
f 1463/1007/1375 1462/1008/1375 1482/988/1375 1483/987/1375
f 1462/1008/1376 1461/1009/1376 1481/989/1376 1482/988/1376
f 1461/1009/1377 1460/1010/1377 1480/990/1377 1481/989/1377
f 1460/1010/1378 1459/1011/1378 1479/991/1378 1480/990/1378
f 1459/1011/1379 1458/1012/1379 1478/992/1379 1479/991/1379
f 1458/1012/1380 1457/1013/1380 1477/993/1380 1478/992/1380
f 1457/1013/1381 1456/1014/1381 1476/994/1381 1477/993/1381
f 1456/1014/1382 1455/1015/1382 1475/995/1382 1476/994/1382
f 1455/1015/1383 1454/1016/1383 1474/996/1383 1475/995/1383
f 1454/1016/1384 1453/1017/1384 1473/997/1384 1474/996/1384
f 1453/1017/1385 1452/1018/1385 1472/998/1385 1473/997/1385
f 1452/1018/1386 1451/1019/1386 1471/999/1386 1472/998/1386
f 1451/1019/1387 1450/1020/1387 1470/1000/1387 1471/999/1387
f 1450/1020/1388 1449/1021/1388 1469/1001/1388 1470/1000/1388
f 1449/1021/1389 1448/1022/1389 1468/1002/1389 1469/1001/1389
f 1448/1022/1390 1447/1023/1390 1467/1003/1390 1468/1002/1390
f 2009/1226/1391 1446/1024/1391 1466/1004/1391 2010/1225/1391
f 1446/1024/1392 1445/1025/1392 1465/1005/1392 1466/1004/1392
f 1445/1025/1393 1444/1026/1393 1464/1006/1393 1465/1005/1393
f 1444/1026/1394 1443/1027/1394 1463/1007/1394 1464/1006/1394
f 1443/1027/1395 1442/1028/1395 1462/1008/1395 1463/1007/1395
f 1442/1028/1396 1441/1029/1396 1461/1009/1396 1462/1008/1396
f 1441/1029/1397 1440/1030/1397 1460/1010/1397 1461/1009/1397
f 1440/1030/1398 1439/1031/1398 1459/1011/1398 1460/1010/1398
f 1439/1031/1399 1438/1032/1399 1458/1012/1399 1459/1011/1399
f 1438/1032/1400 1437/1033/1400 1457/1013/1400 1458/1012/1400
f 1437/1033/1401 1436/1034/1401 1456/1014/1401 1457/1013/1401
f 1436/1034/1402 1435/1035/1402 1455/1015/1402 1456/1014/1402
f 1435/1035/1403 1434/1036/1403 1454/1016/1403 1455/1015/1403
f 1434/1036/1404 1433/1037/1404 1453/1017/1404 1454/1016/1404
f 1433/1037/1405 1432/1038/1405 1452/1018/1405 1453/1017/1405
f 1432/1038/1406 1431/1039/1406 1451/1019/1406 1452/1018/1406
f 1431/1039/1407 1430/1040/1407 1450/1020/1407 1451/1019/1407
f 1430/1040/1408 1429/1041/1408 1449/1021/1408 1450/1020/1408
f 1429/1041/1409 1428/1042/1409 1448/1022/1409 1449/1021/1409
f 1428/1042/1410 1427/1043/1410 1447/1023/1410 1448/1022/1410
f 2008/1227/1411 1426/1066/1411 1446/1024/1411 2009/1226/1411
f 1426/1066/1412 1425/1068/1412 1445/1025/1412 1446/1024/1412
f 1425/1068/1413 1424/1070/1413 1444/1026/1413 1445/1025/1413
f 1424/1070/1414 1423/1072/1414 1443/1027/1414 1444/1026/1414
f 1423/1072/1415 1422/1074/1415 1442/1028/1415 1443/1027/1415
f 1422/1074/1416 1421/1076/1416 1441/1029/1416 1442/1028/1416
f 1421/1076/1417 1420/1078/1417 1440/1030/1417 1441/1029/1417
f 1420/1078/1418 1419/1080/1418 1439/1031/1418 1440/1030/1418
f 1419/1080/1419 1418/1082/1419 1438/1032/1419 1439/1031/1419
f 1418/1082/1420 1417/1084/1420 1437/1033/1420 1438/1032/1420
f 1417/1084/1421 1416/1086/1421 1436/1034/1421 1437/1033/1421
f 1416/1086/1422 1415/1088/1422 1435/1035/1422 1436/1034/1422
f 1415/1088/1423 1414/1090/1423 1434/1036/1423 1435/1035/1423
f 1414/1090/1424 1413/1092/1424 1433/1037/1424 1434/1036/1424
f 1413/1092/1425 1412/1094/1425 1432/1038/1425 1433/1037/1425
f 1412/1094/1426 1411/1096/1426 1431/1039/1426 1432/1038/1426
f 1411/1096/1427 1410/1098/1427 1430/1040/1427 1431/1039/1427
f 1410/1098/1428 1409/1100/1428 1429/1041/1428 1430/1040/1428
f 1409/1100/1429 1408/1102/1429 1428/1042/1429 1429/1041/1429
f 1408/1102/1430 1407/1104/1430 1427/1043/1430 1428/1042/1430
f 2007/1228/1431 1406/1065/1431 1426/1066/1431 2008/1227/1431
f 1406/1065/1432 1405/1067/1432 1425/1068/1432 1426/1066/1432
f 1405/1067/1433 1404/1069/1433 1424/1070/1433 1425/1068/1433
f 1404/1069/1434 1403/1071/1434 1423/1072/1434 1424/1070/1434
f 1403/1071/1435 1402/1073/1435 1422/1074/1435 1423/1072/1435
f 1402/1073/1436 1401/1075/1436 1421/1076/1436 1422/1074/1436
f 1401/1075/1437 1400/1077/1437 1420/1078/1437 1421/1076/1437
f 1400/1077/1438 1399/1079/1438 1419/1080/1438 1420/1078/1438
f 1399/1079/1439 1398/1081/1439 1418/1082/1439 1419/1080/1439
f 1398/1081/1440 1397/1083/1440 1417/1084/1440 1418/1082/1440
f 1397/1083/1441 1396/1085/1441 1416/1086/1441 1417/1084/1441
f 1396/1085/1442 1395/1087/1442 1415/1088/1442 1416/1086/1442
f 1395/1087/1443 1394/1089/1443 1414/1090/1443 1415/1088/1443
f 1394/1089/1444 1393/1091/1444 1413/1092/1444 1414/1090/1444
f 1393/1091/1445 1392/1093/1445 1412/1094/1445 1413/1092/1445
f 1392/1093/1446 1391/1095/1446 1411/1096/1446 1412/1094/1446
f 1391/1095/1447 1390/1097/1447 1410/1098/1447 1411/1096/1447
f 1390/1097/1448 1389/1099/1448 1409/1100/1448 1410/1098/1448
f 1389/1099/1449 1388/1101/1449 1408/1102/1449 1409/1100/1449
f 1388/1101/1450 1387/1103/1450 1407/1104/1450 1408/1102/1450
f 2038/1229/1451 1367/1105/1451 1406/1065/1451 2007/1228/1451
f 1367/1105/1452 1368/1106/1452 1405/1067/1452 1406/1065/1452
f 1368/1106/1453 1369/1107/1453 1404/1069/1453 1405/1067/1453
f 1369/1107/1454 1370/1108/1454 1403/1071/1454 1404/1069/1454
f 1370/1108/1455 1371/1109/1455 1402/1073/1455 1403/1071/1455
f 1371/1109/1456 1372/1110/1456 1401/1075/1456 1402/1073/1456
f 1372/1110/1457 1373/1111/1457 1400/1077/1457 1401/1075/1457
f 1373/1111/1458 1374/1112/1458 1399/1079/1458 1400/1077/1458
f 1374/1112/1459 1375/1113/1459 1398/1081/1459 1399/1079/1459
f 1375/1113/1460 1376/1114/1460 1397/1083/1460 1398/1081/1460
f 1376/1114/1461 1377/1115/1461 1396/1085/1461 1397/1083/1461
f 1377/1115/1462 1378/1116/1462 1395/1087/1462 1396/1085/1462
f 1378/1116/1463 1379/1117/1463 1394/1089/1463 1395/1087/1463
f 1379/1117/1464 1380/1118/1464 1393/1091/1464 1394/1089/1464
f 1380/1118/1465 1381/1119/1465 1392/1093/1465 1393/1091/1465
f 1381/1119/1466 1382/1120/1466 1391/1095/1466 1392/1093/1466
f 1382/1120/1467 1383/1121/1467 1390/1097/1467 1391/1095/1467
f 1383/1121/1468 1384/1122/1468 1389/1099/1468 1390/1097/1468
f 1384/1122/1469 1385/1123/1469 1388/1101/1469 1389/1099/1469
f 1385/1123/1470 1386/1124/1470 1387/1103/1470 1388/1101/1470
f 2071/1230/1471 2038/1229/1471 2007/1228/1471 2072/1231/1471
f 2072/1231/1431 2007/1228/1431 2008/1227/1431 2073/1232/1431
f 2073/1232/1411 2008/1227/1411 2009/1226/1411 2074/1233/1411
f 2074/1233/1391 2009/1226/1391 2010/1225/1391 2075/1234/1391
f 2075/1234/1371 2010/1225/1371 2011/1224/1371 2076/1235/1371
f 2076/1235/1472 2011/1224/1472 2012/1223/1472 2077/1236/1472
f 2077/1236/1473 2012/1223/1473 2013/1222/1473 2078/1237/1473
f 2078/1237/1474 2013/1222/1474 2014/1221/1474 2079/1238/1474
f 2079/1238/1291 2014/1221/1291 2015/1220/1291 2080/1239/1291
f 2080/1239/1475 2015/1220/1475 2016/1219/1475 2081/1240/1475
f 2081/1240/1251 2016/1219/1251 2017/1218/1251 2082/1241/1251
f 2082/1241/1476 2017/1218/1476 2018/1217/1476 2083/1242/1476
f 2083/1242/1211 2018/1217/1211 2019/1216/1211 2084/1243/1211
f 2084/1243/1477 2019/1216/1477 2020/1215/1477 2085/1244/1477
f 2085/1244/1171 2020/1215/1171 2021/1214/1171 2086/1245/1171
f 2086/1245/1151 2021/1214/1151 2022/1213/1151 2087/1246/1151
f 2087/1246/1478 2022/1213/1478 2023/1212/1478 2088/1247/1478
f 2088/1247/1111 2023/1212/1111 2024/1211/1111 2089/1248/1111
f 2089/1248/1091 2024/1211/1091 2025/1210/1091 2090/1249/1091
f 2090/1249/1479 2025/1210/1479 2026/1209/1479 2091/1250/1479
f 2091/1250/1480 2026/1209/1480 2027/1208/1480 2092/1251/1480
f 2092/1251/1031 2027/1208/1031 2028/1207/1031 2093/1252/1031
f 2093/1252/1011 2028/1207/1011 2029/1206/1011 2094/1253/1011
f 2094/1253/991 2029/1206/991 2030/1205/991 2095/1254/991
f 2095/1254/971 2030/1205/971 2031/1204/971 2096/1255/971
f 2096/1255/951 2031/1204/951 2032/1203/951 2097/1256/951
f 2097/1256/1481 2032/1203/1481 2033/1202/1481 2098/1257/1481
f 2098/1257/1482 2033/1202/1482 2034/1201/1482 2099/1258/1482
f 2099/1258/1483 2034/1201/1483 2035/1200/1483 2100/1259/1483
f 2100/1259/871 2035/1200/871 2036/1199/871 2101/1260/871
f 2101/1260/851 2036/1199/851 2037/1197/851 2102/1261/851
f 2102/1261/831 2037/1197/831 2038/1198/831 2071/1262/831
f 2133/1263/831 2069/1264/831 2070/1265/831 2134/1266/831
f 2132/1267/851 2068/1268/851 2069/1264/851 2133/1263/851
f 2131/1269/1484 2067/1270/1484 2068/1268/1484 2132/1267/1484
f 2130/1271/1485 2066/1272/1485 2067/1270/1485 2131/1269/1485
f 2129/1273/911 2065/1274/911 2066/1272/911 2130/1271/911
f 2128/1275/1481 2064/1276/1481 2065/1274/1481 2129/1273/1481
f 2127/1277/951 2063/1278/951 2064/1276/951 2128/1275/951
f 2126/1279/971 2062/1280/971 2063/1278/971 2127/1277/971
f 2125/1281/991 2061/1282/991 2062/1280/991 2126/1279/991
f 2124/1283/1486 2060/1284/1486 2061/1282/1486 2125/1281/1486
f 2123/1285/1487 2059/1286/1487 2060/1284/1487 2124/1283/1487
f 2122/1287/1051 2058/1288/1051 2059/1286/1051 2123/1285/1051
f 2121/1289/1479 2057/1290/1479 2058/1288/1479 2122/1287/1479
f 2120/1291/1091 2056/1292/1091 2057/1290/1091 2121/1289/1091
f 2119/1293/1488 2055/1294/1488 2056/1292/1488 2120/1291/1488
f 2118/1295/1478 2054/1296/1478 2055/1294/1478 2119/1293/1478
f 2117/1297/1151 2053/1298/1151 2054/1296/1151 2118/1295/1151
f 2116/1299/1489 2052/1300/1489 2053/1298/1489 2117/1297/1489
f 2115/1301/1477 2051/1302/1477 2052/1300/1477 2116/1299/1477
f 2114/1303/1211 2050/1304/1211 2051/1302/1211 2115/1301/1211
f 2113/1305/1231 2049/1306/1231 2050/1304/1231 2114/1303/1231
f 2112/1307/1251 2048/1308/1251 2049/1306/1251 2113/1305/1251
f 2111/1309/1490 2047/1310/1490 2048/1308/1490 2112/1307/1490
f 2110/1311/1291 2046/1312/1291 2047/1310/1291 2111/1309/1291
f 2109/1313/1311 2045/1314/1311 2046/1312/1311 2110/1311/1311
f 2108/1315/1331 2044/1316/1331 2045/1314/1331 2109/1313/1331
f 2107/1317/1351 2043/1318/1351 2044/1316/1351 2108/1315/1351
f 2106/1319/1491 2042/1320/1491 2043/1318/1491 2107/1317/1491
f 2105/1321/1391 2041/1322/1391 2042/1320/1391 2106/1319/1391
f 2104/1323/1411 2040/1324/1411 2041/1322/1411 2105/1321/1411
f 2103/1325/1431 2039/1326/1431 2040/1324/1431 2104/1323/1431
f 2134/1327/1471 2070/1328/1471 2039/1326/1471 2103/1325/1471
f 2069/1264/1492 2102/1261/1492 2071/1262/1492 2070/1265/1492
f 2068/1268/851 2101/1260/851 2102/1261/851 2069/1264/851
f 2067/1270/1493 2100/1259/1493 2101/1260/1493 2068/1268/1493
f 2066/1272/891 2099/1258/891 2100/1259/891 2067/1270/891
f 2065/1274/911 2098/1257/911 2099/1258/911 2066/1272/911
f 2064/1276/931 2097/1256/931 2098/1257/931 2065/1274/931
f 2063/1278/951 2096/1255/951 2097/1256/951 2064/1276/951
f 2062/1280/971 2095/1254/971 2096/1255/971 2063/1278/971
f 2061/1282/991 2094/1253/991 2095/1254/991 2062/1280/991
f 2060/1284/1494 2093/1252/1494 2094/1253/1494 2061/1282/1494
f 2059/1286/1487 2092/1251/1487 2093/1252/1487 2060/1284/1487
f 2058/1288/1480 2091/1250/1480 2092/1251/1480 2059/1286/1480
f 2057/1290/1479 2090/1249/1479 2091/1250/1479 2058/1288/1479
f 2056/1292/1091 2089/1248/1091 2090/1249/1091 2057/1290/1091
f 2055/1294/1111 2088/1247/1111 2089/1248/1111 2056/1292/1111
f 2054/1296/1495 2087/1246/1495 2088/1247/1495 2055/1294/1495
f 2053/1298/1496 2086/1245/1496 2087/1246/1496 2054/1296/1496
f 2052/1300/1171 2085/1244/1171 2086/1245/1171 2053/1298/1171
f 2051/1302/1191 2084/1243/1191 2085/1244/1191 2052/1300/1191
f 2050/1304/1497 2083/1242/1497 2084/1243/1497 2051/1302/1497
f 2049/1306/1498 2082/1241/1498 2083/1242/1498 2050/1304/1498
f 2048/1308/1251 2081/1240/1251 2082/1241/1251 2049/1306/1251
f 2047/1310/1271 2080/1239/1271 2081/1240/1271 2048/1308/1271
f 2046/1312/1499 2079/1238/1499 2080/1239/1499 2047/1310/1499
f 2045/1314/1311 2078/1237/1311 2079/1238/1311 2046/1312/1311
f 2044/1316/1500 2077/1236/1500 2078/1237/1500 2045/1314/1500
f 2043/1318/1472 2076/1235/1472 2077/1236/1472 2044/1316/1472
f 2042/1320/1371 2075/1234/1371 2076/1235/1371 2043/1318/1371
f 2041/1322/1501 2074/1233/1501 2075/1234/1501 2042/1320/1501
f 2040/1324/1411 2073/1232/1411 2074/1233/1411 2041/1322/1411
f 2039/1326/1502 2072/1231/1502 2073/1232/1502 2040/1324/1502
f 2070/1328/1451 2071/1230/1451 2072/1231/1451 2039/1326/1451
f 2166/1329/1451 2134/1327/1451 2103/1325/1451 2135/1330/1451
f 2135/1330/1502 2103/1325/1502 2104/1323/1502 2136/1331/1502
f 2136/1331/1503 2104/1323/1503 2105/1321/1503 2137/1332/1503
f 2137/1332/1504 2105/1321/1504 2106/1319/1504 2138/1333/1504
f 2138/1333/1505 2106/1319/1505 2107/1317/1505 2139/1334/1505
f 2139/1334/1472 2107/1317/1472 2108/1315/1472 2140/1335/1472
f 2140/1335/1331 2108/1315/1331 2109/1313/1331 2141/1336/1331
f 2141/1336/1311 2109/1313/1311 2110/1311/1311 2142/1337/1311
f 2142/1337/1499 2110/1311/1499 2111/1309/1499 2143/1338/1499
f 2143/1338/1506 2111/1309/1506 2112/1307/1506 2144/1339/1506
f 2144/1339/1507 2112/1307/1507 2113/1305/1507 2145/1340/1507
f 2145/1340/1508 2113/1305/1508 2114/1303/1508 2146/1341/1508
f 2146/1341/1509 2114/1303/1509 2115/1301/1509 2147/1342/1509
f 2147/1342/1191 2115/1301/1191 2116/1299/1191 2148/1343/1191
f 2148/1343/1510 2116/1299/1510 2117/1297/1510 2149/1344/1510
f 2149/1344/1151 2117/1297/1151 2118/1295/1151 2150/1345/1151
f 2150/1345/1131 2118/1295/1131 2119/1293/1131 2151/1346/1131
f 2151/1346/1111 2119/1293/1111 2120/1291/1111 2152/1347/1111
f 2152/1347/1511 2120/1291/1511 2121/1289/1511 2153/1348/1511
f 2153/1348/1479 2121/1289/1479 2122/1287/1479 2154/1349/1479
f 2154/1349/1512 2122/1287/1512 2123/1285/1512 2155/1350/1512
f 2155/1350/1031 2123/1285/1031 2124/1283/1031 2156/1351/1031
f 2156/1351/1011 2124/1283/1011 2125/1281/1011 2157/1352/1011
f 2157/1352/1513 2125/1281/1513 2126/1279/1513 2158/1353/1513
f 2158/1353/971 2126/1279/971 2127/1277/971 2159/1354/971
f 2159/1354/951 2127/1277/951 2128/1275/951 2160/1355/951
f 2160/1355/931 2128/1275/931 2129/1273/931 2161/1356/931
f 2161/1356/1482 2129/1273/1482 2130/1271/1482 2162/1357/1482
f 2162/1357/1514 2130/1271/1514 2131/1269/1514 2163/1358/1514
f 2163/1358/1515 2131/1269/1515 2132/1267/1515 2164/1359/1515
f 2164/1359/851 2132/1267/851 2133/1263/851 2165/1360/851
f 2165/1360/831 2133/1263/831 2134/1266/831 2166/1361/831
f 1365/325/1516 2165/1360/1516 2166/1361/1516 1303/327/1516
f 1363/291/851 2164/1359/851 2165/1360/851 1365/325/851
f 1361/289/1493 2163/1358/1493 2164/1359/1493 1363/291/1493
f 1359/287/1517 2162/1357/1517 2163/1358/1517 1361/289/1517
f 1357/285/1482 2161/1356/1482 2162/1357/1482 1359/287/1482
f 1355/283/1518 2160/1355/1518 2161/1356/1518 1357/285/1518
f 1353/281/1519 2159/1354/1519 2160/1355/1519 1355/283/1519
f 1351/279/971 2158/1353/971 2159/1354/971 1353/281/971
f 1349/277/1513 2157/1352/1513 2158/1353/1513 1351/279/1513
f 1347/275/1011 2156/1351/1011 2157/1352/1011 1349/277/1011
f 1345/273/1031 2155/1350/1031 2156/1351/1031 1347/275/1031
f 1343/271/1480 2154/1349/1480 2155/1350/1480 1345/273/1480
f 1341/269/1520 2153/1348/1520 2154/1349/1520 1343/271/1520
f 1339/267/1091 2152/1347/1091 2153/1348/1091 1341/269/1091
f 1337/265/1521 2151/1346/1521 2152/1347/1521 1339/267/1521
f 1335/263/1522 2150/1345/1522 2151/1346/1522 1337/265/1522
f 1333/261/1523 2149/1344/1523 2150/1345/1523 1335/263/1523
f 1331/259/1171 2148/1343/1171 2149/1344/1171 1333/261/1171
f 1329/257/1524 2147/1342/1524 2148/1343/1524 1331/259/1524
f 1327/255/1509 2146/1341/1509 2147/1342/1509 1329/257/1509
f 1325/253/1525 2145/1340/1525 2146/1341/1525 1327/255/1525
f 1323/251/1251 2144/1339/1251 2145/1340/1251 1325/253/1251
f 1321/249/1526 2143/1338/1526 2144/1339/1526 1323/251/1526
f 1319/247/1291 2142/1337/1291 2143/1338/1291 1321/249/1291
f 1317/245/1311 2141/1336/1311 2142/1337/1311 1319/247/1311
f 1315/243/1473 2140/1335/1473 2141/1336/1473 1317/245/1473
f 1313/241/1472 2139/1334/1472 2140/1335/1472 1315/243/1472
f 1311/239/1371 2138/1333/1371 2139/1334/1371 1313/241/1371
f 1309/237/1527 2137/1332/1527 2138/1333/1527 1311/239/1527
f 1307/235/1528 2136/1331/1528 2137/1332/1528 1309/237/1528
f 1305/233/1502 2135/1330/1502 2136/1331/1502 1307/235/1502
f 1303/230/1529 2166/1329/1529 2135/1330/1529 1305/233/1529
